player_name,Overall_Strike_Rate
J Louw,328.5714286
Joginder Sharma,250.0
G Chapple,200.0
SE Aley,187.5
SC Kuggeleijn,183.3333333
IECM Wong,166.6666667
RT Lyons,166.6666667
Mohammad Hasnain,155.8823529
AE Smith,150.0
Tanvir Ahmed,150.0
J Fraser-McGurk,147.4576271
RL Bhudia,146.6666667
J Overton,145.4545455
SKW Kelly,140.0
CK Hooper,133.3333333
TW Hartley,133.3333333
PJC Hoffmann,130.4347826
AD Russell,128.447205
RK Singh,127.9069767
Haider Ali,127.2727273
Usama Mir,126.6666667
Naumanullah,125.0
Tayyab Tahir,123.9130435
AA Jangoo,122.3529412
RM Patidar,122.2222222
SDNS Karunaratne,121.4285714
R MacDonald-Gay,121.4285714
GJ Maxwell,120.5872649
DES Maxwell,120.0
CR Foggo,120.0
PD McGlashan,118.8679245
AJ Tye,118.75
Asif Ali,118.29653
TL Seifert,117.8571429
DSK Madushanka,116.6666667
GA Manou,116.6666667
AJ Turner,116.3636364
WA Agar,116.2790698
Bilawal Bhatti,115.5844156
H Klaasen,115.008726
JC Buttler,114.8283753
AAP Atkinson,114.5454545
JD Campbell,113.7614679
Sharjeel Khan,113.7283237
J Sumerauer,113.5135135
JM Davison,112.7226463
L Ronchi,112.5705077
SG Borthwick,112.5
PD Salt,112.4675325
C Zhuwao,112.4087591
MA Leask,111.3384484
AGS Gous,110.5633803
SE Rutherford,110.4444444
YK Pathan,110.0543478
TS Nethula,109.0909091
TP Visee,109.0909091
DS Weerakkody,108.9552239
Imad Wasim,108.9534884
Arshdeep Singh,108.8235294
PP Shaw,108.6206897
KNM Fernando,108.0808081
HH Pandya,107.7017115
Naseem Khushi,107.4626866
KW Richardson,107.1428571
AR Adams,107.1428571
CL Tryon,107.1428571
SR Hain,106.0
JM Kerr,105.9360731
SO Hetmyer,105.6179775
Jaker Ali,105.6074766
HC Brook,105.4927302
G Voll,105.4878049
SC Taylor,105.4794521
L Klusener,104.4871795
L Jack,103.6697248
C Munro,103.4797017
ME Bouchier,103.4334764
DO Leicher,103.2258065
RR Pant,102.9550827
JJ Roy,102.9397473
SA Yadav,102.9294274
MS Chapman,102.8571429
PWH de Silva,102.7511962
TB Sole,102.7027027
S Meghana,102.7027027
PBB Rajapaksa,102.2988506
AC Gilchrist,102.2300469
TM Head,102.202473
SM Davies,102.0920502
V Sehwag,101.9340974
TG Norris,101.7241379
Tanzid Hasan,101.1111111
KM Jadhav,100.841622
A Gardner,100.5993151
DA Miller,100.5629363
RTM Mendis,100.0
K Kamyuka,100.0
L Wood,100.0
BP Nash,100.0
HL Baker,100.0
MK Villiers,100.0
L Cheatle,100.0
Zafar Gohar,100.0
GJ McCarter,100.0
Pankaj Singh,100.0
A van der Merwe,100.0
Utkarsh Srivastava,100.0
JM Bairstow,99.70124932
Ishan Kishan,99.5505618
AB de Villiers,99.44139966
ARI Umeed,99.28057554
Ali Naseer,99.2481203
JP Inglis,99.23809524
KH Pandya,99.23664122
Shubman Gill,99.0216929
MW Short,98.98477157
Wasim Akram,98.61111111
KJJ van Noortwijk,98.6013986
BM Duckett,98.17671809
WG Jacks,98.11320755
JDS Neesham,98.04941482
SS Iyer,98.03600655
TB Robinson,97.95918367
AR Nurse,97.84482759
Agha Salman,97.6993865
TS Roland-Jones,97.36842105
JA Morkel,96.9738652
SV Samson,96.77419355
BAM Heath,96.72131148
PJ Scholfield,96.72131148
DJ Mitchell,96.5929468
S Nitschke,96.42857143
F Behardien,96.40933573
PSP Handscomb,96.34146341
MJ Cosgrove,96.2962963
DJG Sammy,96.20976116
I Udana,96.18644068
JD Ryder,95.98145286
LK Ebsary,95.83333333
Z Crawley,95.67307692
N Pooran,95.60899111
T de Zorzi,95.4887218
BA Langston,95.45454545
Soumya Sarkar,95.29137529
Yasir Ali Chowdhury,95.28301887
LR Naylor,95.23809524
AJ Healy,95.2364515
A Johnson,95.2173913
GJ Delany,95.1754386
DA Warner,94.96702036
Q de Kock,94.83200456
GD Phillips,94.79305741
BJ Bennett,94.66666667
LE Bosman,94.65408805
BB McCullum,94.50247389
Mehran Khan,94.28571429
DJ Malan,94.28191489
MM Ali,94.21009098
D Langford-Smith,94.04761905
T Stubbs,93.96551724
AD Hales,93.83809907
NJ Carey,93.79310345
AA Mulla,93.75
SW Ambris,93.66336634
MR Marsh,93.53200135
Khushdil Shah,93.45794393
FC Wilson,93.42403628
Muhammad Jawadullah,93.33333333
MG Johnson,93.21357285
Kabir Ali,93.10344828
KJ O'Brien,92.51510925
T Banton,92.4137931
RR Rossouw,92.39373602
JR Hopes,92.33983287
Fakhar Zaman,92.28701962
GT Main,92.13483146
ST Jayasuriya,92.13059858
Mohammad Wasim,91.95402299
MP Stoinis,91.80024661
V Kohli,91.70381212
U Bhatti,91.60305344
S Prasanna,91.52173913
FH Allen,91.36577708
AC Cummins,91.30434783
JP Behrendorff,91.30434783
AT Nidamanuru,91.29321383
STR Binny,91.26984127
TK Curran,91.26506024
N Dickwella,91.24004551
C Jonker,91.17647059
MDKJ Perera,91.17037037
Nurul Hasan,91.16022099
MJ Henry,91.15646259
Abid Ali,91.05058366
S Nisansala,90.90909091
SK Raina,90.85732878
DN Wyatt,90.76175041
SA Edwards,90.6570223
KA Pollard,90.64998262
S Samarawickrama,90.625
JL Smith,90.47619048
RG Sharma,90.35817348
SMSM Senanayake,90.34267913
Sabbir Rahman,90.25089606
RM Ghosh,90.19607843
M van Lingen,90.15256588
SR Watson,90.04874769
AR Patel,90.01584786
R Slater,90.0
CMA Shillington,89.94974874
SR Thompson,89.8989899
SW Billings,89.84375
P Mustard,89.75409836
EJG Morgan,89.5197631
Pratika Rawal,89.51612903
S Dhawan,89.48697501
MK Pandey,89.42307692
MO Odumbe,89.25619835
MM Lanning,89.20953576
PW Borren,89.20086393
S Dhaniram,88.92405063
SP Terry,88.88888889
H Patel,88.88888889
Kashif Daud,88.67924528
A Flintoff,88.58833474
CW Perchard,88.57142857
TT Bresnan,88.51626016
BJ Hodge,88.5077187
MV Boucher,88.38230328
RD Rickelton,88.2629108
B Sai Sudharsan,88.19444444
JO Holder,88.19415878
DR Smith,88.18181818
S Lamichhane,88.0
S Mandhana,87.99600699
Sohag Gazi,87.92270531
Imran Nazir,87.91390728
AK Sah,87.67123288
Nasum Ahmed,87.64044944
AT Carey,87.63845813
MD Shanaka,87.54745634
SFM Devine,87.53913588
CK Coventry,87.51696065
Zulfiqar Babar,87.5
TK Musakanda,87.5
DJ Hussey,87.44769874
Mohammad Rizwan,87.36434109
Mohammad Nawaz (3),87.33031674
RV Uthappa,87.28971963
T Bavuma,87.26042841
DT Christian,87.22044728
K Verreynne,87.17948718
C Kieswetter,87.16814159
RN ten Doeschate,87.09677419
GF Linde,87.09677419
MR Johnson,86.95652174
DP Conway,86.95035461
Kushal Malla,86.89655172
Babar Azam,86.88776294
Afif Hossain,86.84627575
R Powell,86.81214421
KIC Asalanka,86.60287081
F du Plessis,86.59351145
Abdul Razzaq,86.53774637
CH Gayle,86.53483992
JM Vince,86.51026393
HM Amla,86.48708324
D Cleaver,86.48648649
N M'shangwe,86.36363636
KL Rahul,86.36221458
K Weeraratne,86.33093525
V Krishnamurthy,86.31578947
MM English,86.29032258
P Vastrakar,86.28912072
Saud Shakeel,86.2804878
SW Tait,86.20689655
Moin Khan,86.16352201
WA Young,86.16314199
CD Wallace,86.12040134
TA Blundell,86.08414239
LMM Tahuhu,86.07594937
CR Brathwaite,85.97063622
SS Tiwary,85.96491228
Waseem Muhammad,85.87223587
Shoriful Islam,85.8490566
E Lewis,85.75935106
TL Chivanga,85.71428571
GI Maiden,85.71428571
Sarfraz Ahmed,85.63411897
TM Dilshan,85.47833349
Towhid Hridoy,85.47297297
SJ Taylor,85.45548654
Yuvraj Singh,85.45477168
SPD Smith,85.38236652
Mohammad Aadil Alam,85.36585366
PR Stirling,85.3490156
M Kapp,85.30897785
Shayan Jahangir,85.24871355
MJ Guptill,85.24766691
HG Munsey,85.15505846
HE van der Dussen,85.10334996
R Ashwin,85.07821901
Haris Sohail,85.02487562
BKG Mendis,85.0055371
MS Dhoni,84.97932175
WIA Fernando,84.93647913
HH Gibbs,84.9345963
SI Mahmood,84.84848485
Shahzaib Hasan,84.74576271
BL Mooney,84.71448468
HDJ Siegers,84.67741935
FY Fazal,84.61538462
PA Nixon,84.61538462
SV Bahutule,84.61538462
M Dillon,84.61538462
BN Cooper,84.57142857
AJ Finch,84.56397718
SR Tendulkar,84.55370054
MEK Hussey,84.43113772
CJ Jordan,84.40366972
LJ Wright,84.36754177
JL Jonassen,84.33544304
Liton Das,84.32055749
AM Hardie,84.27672956
CO Browne,84.21052632
KP Pietersen,84.20841683
P Nissanka,84.10780669
KE Bryce,84.07821229
HT Tector,83.99792853
G Gambhir,83.95415473
BJ McMullen,83.93194707
J Charles,83.91304348
H Carlyon,83.89261745
MD Gunathilaka,83.83359663
N Davin,83.80952381
EL Lamb,83.72093023
Umar Akmal,83.61831219
AE Jones,83.50806452
AC Voges,83.47280335
TWM Latham,83.39904545
CJ Ferguson,83.39622642
Mohammad Haris,83.33333333
A Patel,83.33333333
A Ashok,83.33333333
TSS Mackintosh,83.25123153
Karan KC,83.24225865
HDPK Dharmasena,83.22580645
SS Pathirana,83.20802005
S Molineux,83.11688312
AL Phehlukwayo,83.03212851
BA King,82.8680203
SR Mukkamalla,82.86713287
M Labuschagne,82.81690141
LV van Beek,82.78688525
J Botha,82.72980501
IA Karim,82.70042194
L Lee,82.6544021
L Sreekumar,82.60869565
C Viljoen,82.60869565
UT Khawaja,82.52010724
Ayesha Naseem,82.5
S Jora,82.35294118
JAD Lawrenson,82.3255814
JP Duminy,82.32542599
BJ Haddin,82.31907895
Shoaib Khan,82.24390244
RJ Peterson,82.2327044
Rashid Latif,82.10784314
HJ Armitage,82.10526316
RML Taylor,82.03125
GJ Bailey,81.99891068
MJ Hay,81.94444444
CT Mutombodzi,81.87919463
CJ Bowes,81.81818182
JF Mooney,81.769437
P Marange,81.69934641
A Hunter,81.68421053
LHD Dilhara,81.66666667
AN Petersen,81.63934426
Washington Sundar,81.60621762
G Kirsten,81.57894737
A Minny,81.53846154
KDK Vithanage,81.52173913
CA Lynn,81.52173913
Shaiman Anwar,81.49741824
AD Mathews,81.42486299
S Rana,81.4159292
RK Kleinveldt,81.39534884
JN Malan,81.39337298
CA Ingram,81.39037433
Kamran Akmal,81.38707765
A Rawat,81.38297872
Imam-ul-Haq,81.32875143
C Green,81.2987013
G Singh,81.21212121
C Hemraj,81.18811881
DJS Dottin,81.11111111
Mashrafe Mortaza,81.04412679
RH Priest,81.00490196
Asif Khan,80.99579243
GO Jones,80.97395243
A Athanaze,80.95238095
LRPL Taylor,80.93625498
Raza-ur-Rehman,80.93023256
JI Rodrigues,80.90839107
Nizakat Khan,80.89171975
HN Ya France,80.88737201
PJ Ingram,80.75313808
KJ Coetzer,80.67940552
MF Maharoof,80.62563068
RT Ponting,80.60753061
ME Trescothick,80.52419355
MS Wade,80.50314465
AC Agar,80.5
HM Tiffen,80.48780488
OA Shah,80.43810494
Abdullah Shafique,80.40638607
TH David,80.35714286
MJ Lumb,80.09708738
PA de Silva,80.08213552
MD Patel,80.03573024
BMAJ Mendis,80.02699055
AE Satterthwaite,80.01658375
Mosaddek Hossain,80.0
Nahid Rana,80.0
CR Pagydyala,80.0
H Graham,80.0
Nazmul Hossain Shanto,79.95881949
SP Narine,79.78021978
IR James,79.6875
BR McDermott,79.64285714
JWA Taylor,79.54751131
Shuvagata Hom,79.54545455
P Khadka,79.49526814
CL White,79.48122338
ML Hayden,79.47941889
SIR Dunkley,79.45619335
Adnan Mufti,79.4188862
KC Sangakkara,79.39046057
R Trumpelmann,79.36507937
M Levitt,79.35222672
Shafali Verma,79.21279213
IK Pathan,79.19896641
AM Peterson,79.14691943
LM Jongwe,79.14572864
RL Haynes,79.11468813
BCJ Cutting,79.10447761
MW Machan,79.07444668
SE Marsh,79.02350814
Mohammad Nawaz,78.99543379
HM Nicholls,78.98469578
N Vanua,78.95277207
SA Millanta,78.94736842
Mushfiqur Rahim,78.9450256
K Bhurtel,78.90520694
Yousuf Youhana,78.80434783
AJ Strauss,78.80388842
SMA Priyanjan,78.79924953
L Balaji,78.78787879
JG Bethell,78.77358491
DJ Bravo,78.72219053
NT Broom,78.68150685
ZE Green,78.66972477
D Ramdin,78.60394537
DPMD Jayawardene,78.57701329
B Evans,78.57142857
Simi Singh,78.52998066
N Koncharoenkai,78.43137255
MG Erasmus,78.42287695
KOA Powell,78.42149454
DR Mousley,78.40909091
CS MacLeod,78.40466926
PA Patel,78.39366516
TP Ura,78.37483617
P Litchfield,78.37127846
Mehedi Hasan Miraz,78.36411609
EA Perry,78.22843823
BT Foakes,78.20512821
SD Hope,78.14849624
SM Benade,78.125
VR Vanitha,78.125
AC Jayangani,77.98813224
Tanzim Hasan Sakib,77.86885246
D Hazell,77.85714286
SP Krishnamurthi,77.77777778
CG Williams,77.63636364
Pargat Singh,77.6344086
S Horley,77.52808989
TS Kamunhukamwe,77.5147929
WD Parnell,77.25437416
JA Burns,77.24867725
EJ Villani,77.22772277
SF Mire,77.22457627
Inzamam-ul-Haq,77.19580983
HK Badani,77.14285714
E Chigumbura,77.11924439
DJM Short,77.00729927
MJ Clarke,76.83342496
Azhar Mahmood,76.82926829
RR Hendricks,76.79603633
L Tucker,76.75233645
E Claridge,76.69902913
Avesh Khan,76.66666667
Tamim Iqbal,76.64094599
FDM Karunaratne,76.59574468
H Deol,76.53478854
BC Lara,76.49694501
AF Buurman,76.47058824
NK Crafton,76.47058824
PL Mommsen,76.46310433
RS Bopara,76.39204545
AT Rayudu,76.38824078
CA Henry,76.38691323
K Fraser,76.38190955
DT Johnston,76.32135307
CR Ervine,76.2875241
AM Rahane,76.23294858
W Barresi,76.20817844
DE Budge,76.20578778
Mohammad Hafeez,76.08721696
TS Hasabnis,76.08695652
A Nao,76.05633803
KU Carty,75.93014427
SW Bates,75.85320243
Rameez Shahzad,75.84973166
AJ Blackwell,75.75516693
MR Swart,75.64102564
AN Cook,75.60169891
NJ Astle,75.60153994
IR Bell,75.58953837
KJ Martin,75.5859375
KS Lokuarachchi,75.57603687
Gulsan Jha,75.57436518
IJL Trott,75.53590568
MD Dai,75.47683924
Mahmudullah,75.45253863
TJ Friend,75.42857143
DR Martyn,75.38720539
K Thomson,75.36231884
Haris Rauf,75.2688172
Kaleem Sana,75.25773196
JE Cameron,75.20798669
PD Collingwood,75.1682736
HK Matthews,75.16149871
AM Tribe,75.16129032
MN Waller,75.12653651
CN Ackermann,75.11520737
R Rampaul,75.11111111
HC Knight,75.10107015
DN Wellalage,75.0
SO Dowrich,75.0
Saqlain Haider,75.0
S Khiaoto,75.0
Zahid Mahmood,75.0
Mohammad Mithun,75.0
EC Perry,75.0
AC Kerr,74.96967246
Suraj Kumar,74.80916031
MB Loye,74.73684211
TT Beaumont,74.6585736
Salman Butt,74.55661664
GC Wilson,74.53115547
AI Chudasama,74.52830189
Younis Khan,74.51255654
Shamsur Rahman,74.50980392
SJ Myburgh,74.46351931
M Kartik,74.45255474
GJ Hopkins,74.44794953
MJ Prior,74.39467312
Mohammad Yousuf,74.39187383
MN Samuels,74.37212593
RD Berrington,74.36729396
O Prendergast,74.36594203
JN Loftie-Eaton,74.25373134
TLW Cooper,74.22680412
A Balbirnie,74.21613394
NR Kirton,74.19354839
CS Mugeri-Tiripano,74.07407407
Anamul Haque,74.06162465
Khalid Kail,74.05063291
BRM Taylor,74.03665753
Aayan Afzal Khan,73.95701643
L Siaka,73.93879566
PJ Hughes,73.88193202
A Bosch,73.8045738
Mominul Haque,73.7704918
KT Perkins,73.74701671
KH Prajapati,73.72316802
JN Frylinck,73.65269461
T Suri,73.58490566
Nasir Jamshed,73.43345417
MDK Perera,73.42995169
SK Patel,73.35092348
AF Giles,73.33333333
J Figy John,73.33333333
WU Tharanga,73.28434144
Muhammad Usman,73.26732673
RK Paudel,73.24640288
Aasif Sheikh,73.23726197
PA Browne,73.22404372
SSJ Brooks,73.2173913
TT Samaraweera,73.19474836
Aftab Ahmed,73.12198484
Azhar Ali,72.88135593
CB Wishart,72.78225806
FRJ Coleman,72.72727273
Mrittunjoy Chowdhury,72.72727273
Saad Bin Zafar,72.57525084
Misbah-ul-Haq,72.56069629
SW Poynter,72.54901961
VVS Laxman,72.50437828
SL Malinga,72.467903
JA McCollum,72.35772358
PA Jaques,72.35294118
RD Gaikwad,72.32704403
RR Sarwan,72.27299242
DG Brownlie,72.2
LD Chandimal,72.10173502
N de Klerk,72.09302326
Mohammad Boota,72.08333333
SSB Magala,72.0
CM Edwards,71.99453552
Babar Hayat,71.96261682
Ravinderpal Singh,71.96261682
JWM Dalrymple,71.93500739
JJ Smit,71.89374464
B Bezuidenhout,71.89189189
S Randiv,71.79487179
Sompal Kami,71.70900693
A Capsey,71.64556962
AL Hodgkinson,71.59763314
LMP Simmons,71.43378329
JR Philippe,71.42857143
MKDI Amerasinghe,71.42857143
F Tunnicliffe,71.42857143
A Lister,71.42857143
KD Karthik,71.38461538
Jatinder Singh,71.36842105
R Mutumbami,71.36465324
JL Ontong,71.32352941
L Wolvaardt,71.20941848
HDRL Thirimanne,71.19711971
DEM Carter,71.17437722
DM Kimmince,71.15384615
D Myers,71.13402062
R Dravid,71.10851354
C Madande,71.10481586
MB Kruger,70.96774194
AJ Hosein,70.93333333
LPC Silva,70.85872576
JA Clarkson,70.83333333
L Winfield,70.76537014
DS Airee,70.74774035
NJ O'Brien,70.67669173
BM Halliday,70.64846416
CMW Read,70.58823529
DS Smith,70.55837563
Ahmed Shehzad,70.52166713
PG Fulton,70.45191194
CM McBride,70.4379562
JP Kotze,70.37861915
M Bhanuka,70.35175879
A Flower,70.33898305
Vikramjit Singh,70.33096927
TS Chisoro,70.32258065
B Fernando,70.27027027
SP Fleming,70.256917
SC Ganguly,70.25371829
ML Nkala,70.2247191
R Rijke,70.20648968
Q Joseph,70.19607843
NV Knight,70.1863354
AJ Stewart,70.17114914
GS Ballance,70.17001546
MNK Fernando,70.09345794
H Masakadza,70.04959263
T Mishra,70.03546099
ND McKenzie,70.0
RMVD Gunaratne,69.98254799
GH Worker,69.92287918
YH Bhatia,69.88457503
Sandeep Goud,69.84334204
SM Sharif,69.78723404
CK Kapugedera,69.77283264
NE Bolton,69.7438376
RP Arnold,69.68477532
MK Tiwary,69.66019417
M du Preez,69.59924859
Fatima Sana,69.54022989
Jahurul Islam,69.53846154
WP Saha,69.49152542
SA Wijeratne,69.45454545
VS Solanki,69.43048576
C Brits,69.35866983
K Klein,69.31818182
Mudassar Bukhari,69.23076923
EC Joyce,69.2048012
D Gough,69.19191919
AA Obanda,69.17613636
CD de Lange,69.14893617
JL Denly,69.14728682
Akshay Homraj,69.13043478
T Brits,69.1292876
TM Odoyo,69.10907577
SHT Kandamby,69.03171953
A Sharma,69.01709402
M McColl,68.96551724
R Chopra,68.96551724
Diana Baig,68.94736842
MP O'Dowd,68.90618599
RS Kaluwitharana,68.88888889
TD Paine,68.88
DM Richards,68.84615385
A Aitken-Drummond,68.75
Javeria Rauf,68.75
Hamza Tariq,68.75
A Vala,68.73554356
KA Hope,68.65671642
N Chantam,68.65021771
SM Katich,68.62228082
Abdul Jabbar,68.60465116
Imrul Kayes,68.60465116
A Ndiraya,68.58974359
Zulqarnain Haider,68.57142857
Saeed Anwar,68.55345912
ID Blackwell,68.54460094
N Gwanzura,68.51851852
T Chetty,68.50775194
SJ McGlashan,68.37606838
L Vincent,68.36158192
Zubayr Hamza,68.29268293
LP van Troost,68.29268293
M Raj,68.26388889
D Khanal,68.25726141
M Karg,68.18181818
RD Steede,68.18181818
P Siaka,68.08510638
Waqar Younis,68.0
MH Cross,67.9788961
NRJ Croes,67.86885246
S Chanderpaul,67.86797502
CS Baugh,67.85079929
S Sriharsha,67.79661017
ML Green,67.7093359
JW Jenner,67.61363636
AG Prince,67.58436945
MJ Bulow,67.56756757
HJH Marshall,67.44897959
A Neill,67.44186047
HH Dippenaar,67.41986337
Adnan Akmal,67.39130435
WTS Porterfield,67.39020697
Imran Tahir,67.38197425
Shan Masood,67.3553719
MN van Wyk,67.35340729
WPUJC Vaas,67.33727811
T Bhatia,67.31707317
V Aravind,67.23823422
S Movva,67.21991701
DM Bravo,67.19553073
T Munyonga,67.15328467
R Kanoh,67.11409396
RW Chakabva,67.03030303
T Taibu,66.95775313
GM Ewing,66.95652174
C Tear,66.94915254
Shahriar Nafees,66.92350028
JN Mohammed,66.84607104
MS Atapattu,66.82432432
H Thaker,66.81222707
JA Rudolph,66.7752443
A Sharafu,66.75324675
H Madavi,66.69716377
Junaid Siddique,66.68843893
ADJ Pitcher,66.66666667
K Gowtham,66.66666667
Kaynat Hafeez,66.66666667
CC Dalton,66.66666667
MJ Humphreys,66.66666667
MT Chinouya,66.66666667
Shahid Ahmadzai,66.66666667
SRH Curtis,66.66666667
C Prathyusha,66.66666667
BP Kruger,66.66666667
PKD Chase,66.66666667
KED Carroll,66.66666667
BJ Watling,66.62790698
PJ Moor,66.58130602
SJ Bryce,66.53696498
MH Yardy,66.53061224
S Matsikenyeri,66.51422764
B de Leede,66.43678161
Umar Amin,66.42156863
SSD Arachchige,66.41791045
D Ravu,66.32124352
HM Rowe,66.26746507
ML Udawatte,66.21253406
UDU Chandana,66.15776081
MA Jones,66.15120275
NND de Silva,66.07142857
Asad Shafiq,66.06243706
BM Scholtz,66.05263158
Natalia Pervaiz,66.03773585
GH Lewis,65.9813999
D la Cock,65.89473684
LS Greenway,65.82733813
G Malla,65.76419214
M Vijay,65.69767442
NW Bracken,65.66037736
Nida Dar,65.63901345
Yasir Hameed,65.57303371
WW Hinds,65.5596556
AG Wharf,65.51724138
T Granger,65.51724138
D Dhingra,65.46961326
DNT Zoysa,65.45454545
CJO Smith,65.41666667
CP Jack,65.38461538
S Luus,65.28562461
MP Vaughan,65.25023607
JP Maher,65.24064171
J Gumbie,65.232358
DR Chumney,65.17857143
D Parashar,65.16853933
B Ward,65.09433962
GR Codrington,65.04065041
B Sharki,65.03237743
NG Smith,65.0
HHC Gunaratne,65.0
KNA Bandara,64.97695853
ASS Fletcher,64.97695853
MA Vermeulen,64.94974874
MM Patel,64.9122807
KA Edwards,64.90196078
F Mutizwa,64.89361702
Irfan Khan,64.86486486
MS Sinclair,64.8409894
Saleem Elahi,64.82084691
JM How,64.80331263
M Musonda,64.69135802
JM Fields,64.56456456
HJW Gardiner,64.54545455
Imran Farhat,64.5364065
HGV Vare,64.51612903
RS Morton,64.36965812
Amjad Ali,64.34108527
SO Tikolo,64.26618049
MG Bevan,64.14613424
N Hussain,64.14141414
S Naik,64.1025641
NE Farrant,64.0625
J Nkomo,64.01446655
GA Rogers,64.0
J Kila,63.85542169
I Kaia,63.84615385
NY McLean,63.8121547
R Malhotra,63.78378378
PJ Forrest,63.77816291
Khurram Manzoor,63.77708978
FL Mackay,63.7755102
J Mubarak,63.7454982
Usman Limbada,63.73056995
M Kaif,63.72453928
S Chattergoon,63.71882086
Nahida Khan,63.69318182
NFI McCallum,63.66120219
Aliya Riaz,63.66033755
A Valthapa,63.63636364
MDT Kamini,63.48920863
CJ Chibhabha,63.48242812
Sami Aslam,63.41463415
TV Mufambisi,63.38028169
PP Chawla,63.33333333
T Marumani,63.31360947
Bismah Maroof,63.27130264
AC Botha,63.24582339
RP Lefebvre,63.23529412
TL Best,63.15789474
RD Jacobs,63.11111111
Khalid Latif,63.09012876
JP Bray,63.07277628
C Carter,63.06818182
Sidra Ameen,63.04347826
T Ruma,63.04347826
SA Engelbrecht,63.00578035
Rabiya Shah,62.99212598
TM Dowlin,62.98342541
MA Carberry,62.98342541
SS Weerakkody,62.95585413
GB Brent,62.95081967
RD Shah,62.9057187
SE Findlay,62.85714286
DC Thomas,62.79683377
Musa Ahmed,62.79683377
Ehsan Adil,62.79069767
Chirag Suri,62.77173913
Najiha Alvi,62.73062731
AK Perera,62.65060241
Y Venugopal Rao,62.6459144
AB Barath,62.6391097
Aarif Sheikh,62.62135922
DR Brown,62.60869565
Mahedi Hasan,62.56410256
AR Cusack,62.55924171
N Deonarine,62.54295533
JA Simpson,62.5
GC Tonge,62.5
GE Plimmer,62.43902439
VV Morea,62.28070175
S Verma,62.21198157
BOP Fernando,62.18487395
Yasir Arafat,62.13592233
K Zondo,62.12765957
JF Kloppenburg,62.08333333
L Winfield-Hill,62.02531646
Ghulam Shabber,62.01117318
Rohan Mustafa,61.96373286
D Bishoo,61.88679245
JH Davey,61.85897436
V Sukumaran,61.78343949
A Bagai,61.70854271
Umaima Sohail,61.69429098
DW Steyn,61.65540541
Raqibul Hasan,61.62303665
CJA Amini,61.61812298
TD Smartt,61.53846154
Javeria Khan,61.51157711
SJ Modani,61.50684932
N Chaiwai,61.30653266
V Sibanda,61.29218344
IDR Bradshaw,61.22931442
A Steyn,61.11111111
PG Raut,61.10638298
AL Kandappah,61.00628931
Batool Fatima,60.95238095
MC Henriques,60.9375
LR Down,60.82603254
GB Murgatroyd,60.81081081
M De Ridder,60.81081081
NE Bonner,60.71428571
ADS Fletcher,60.6361829
CE Coulter Reilly,60.57692308
G Kodali,60.52631579
Dhiman Ghosh,60.48780488
AR White,60.44176707
CAK Walton,60.22727273
Shaila Sharmin,60.20408163
DS Bajwa,60.16260163
AA Alleyne,60.03521127
S Sriram,60.0
ST Doheny,60.0
AA Paradkar,60.0
Shorna Akter,60.0
PJ Ongondo,60.0
R Murray,60.0
SA Campbelle,59.90759754
L Goodall,59.8973607
B Bhandari,59.81941309
Nazimuddin,59.75609756
D Keulder,59.72850679
U Raymond-Hoey,59.67741935
IC Gaze,59.66101695
S Jimmy,59.5959596
T Kaitano,59.46969697
A Maregwede,59.34065934
DP Hyatt,59.25925926
AM Samad,59.16230366
WP Masakadza,59.13043478
DA Minors,59.09090909
GM Harris,59.09090909
HP Tillakaratne,59.0747331
Y van der Westhuizen,58.97435897
S Bau,58.93459204
Mohammad Iqbal,58.92857143
Muneeba Ali,58.91858297
Mukesh Kumar,58.82352941
N Mlaba,58.82352941
RS Vandort,58.82352941
JW Ogle-Thomas,58.82352941
SF Daley,58.75
R Stokell,58.66983373
Mohammad Naim,58.58585859
D Bau,58.55855856
VR Iyer,58.53658537
PS Athavale,58.52272727
CS Terblanche,58.46153846
M Terblanche,58.39416058
Ayasha Rahman,58.37320574
B Cooper,58.34767642
BYA Mendis,58.33333333
KD Shah,58.33333333
ES Szwarczynski,58.29875519
L Louwrens,58.2788671
UT Yadav,58.08823529
Jamaluddin Ahmed,58.06451613
HMD Rasangika,58.0
Shamim Hossain,57.89473684
PRP Boissevain,57.89473684
S Siegers,57.89473684
NR Kumar,57.84313725
HM Watson,57.69230769
KM Dabengwa,57.68621236
JP Greaves,57.66423358
J Anderson,57.56097561
SJ Baard,57.49559083
D Elgar,57.45856354
WK McCallan,57.38636364
N Dutta,57.37704918
O Kamchomphu,57.37704918
SL Quintyne,57.35294118
IS Billcliff,57.32647815
S Mostary,57.28900256
CP Rizwan,57.27908455
AJ Redmond,57.14285714
Iram Javed,56.84210526
Steven Ryan Taylor,56.79012346
LA Marsh,56.77419355
GWHM Perera,56.75446049
GM Hamilton,56.72131148
RS Gavaskar,56.70731707
RM Jariwala,56.60377358
MAA Sanjeewani,56.509299
DLS van Bunge,56.45472062
E Schiferli,56.42857143
NS Dhaliwal,56.40535373
Sharmin Akhter,56.40350877
MR Meshram,56.39229422
AM Bacher,56.35359116
Shamima Sultana,56.2962963
CJ Smith,56.25
VB van Jaarsveld,56.25
K Doriga,56.09492988
XM Marshall,55.98227474
HASD Siriwardene,55.97691674
GP Tom,55.88235294
Akram Khan,55.88235294
Waheed Ahmed,55.72519084
SJ Tsukigawa,55.71428571
M Mupachikwa,55.7037037
JB Reva,55.55555556
RT Crandon,55.55555556
Ansh Tandon,55.55555556
CMG Atkins,55.45023697
Habibul Bashar,55.41591861
CA Soper,55.38592027
JB Nero,55.35714286
S Thuraisingam,55.31914894
JJ Atkinson,55.26315789
AB Dinda,55.26315789
Zahoor Khan,55.21235521
R Gunasekera,55.07559395
Mohammad Salman,55.0
Murshida Khatun,55.0
CJ Nevin,54.96688742
S Laomi,54.95495495
C Sutthiruang,54.88721805
J Gray,54.86725664
M Spoors,54.79452055
H Hiri,54.78589421
KE Ebrahim,54.73684211
MA Ouma,54.73684211
Hammad Mirza,54.71698113
Shariz Ahmad,54.63917526
TC Bastiampillai,54.60122699
J Edness,54.58715596
Nain Abidi,54.55497382
I Wardlaw,54.54545455
Aaditya Varadarajan,54.54545455
AR Pitcher,54.54545455
W Sutherland,54.54545455
DA Gunawardene,54.48392555
CN Nation,54.45609436
PM Weerakkody,54.43686007
Tilak Varma,54.4
HDRS Silva,54.34782609
PS Punia,54.27435388
AR Caddick,54.23728814
T Maruma,54.22222222
DF Watts,54.16666667
OEG Baartman,54.16666667
PARP Perera,54.09836066
SACA King,54.07725322
BA Parchment,54.04040404
G Toka,54.03225806
B Muzarabani,54.02843602
MR Aguilleira,54.01337793
KY Ottley,53.94736842
AN Kervezee,53.92156863
DG Blampied,53.84615385
K Frank,53.84615385
SA Fritz,53.84615385
TBM de Leede,53.80952381
LM Kasperek,53.62318841
RC Irani,53.6
J Blackwood,53.48837209
Ayesha Zafar,53.27225131
K Birkenstock,53.19634703
Khaled Mashud,53.1167691
Khurram Nawaz,53.06122449
MADD Surangika,53.05785124
DD Ebrahim,52.85714286
SP de Alwis,52.83018868
Sadaf Shamas,52.82258065
SM Kavanagh,52.71966527
KO Meth,52.68817204
SW Currie,52.63157895
D Daesrath,52.54237288
Tushar Imran,52.41090147
B Tau,52.34042553
Asmavia Iqbal,52.3255814
Shakeel Ahmed,52.27272727
M van Schoor,52.25225225
A Kolan,52.18855219
Hannan Sarkar,52.141527
CKB Kulasekara,52.05479452
Taufeeq Umar,51.98412698
SP Patil,51.86440678
P Mujaji,51.80722892
DO Obuya,51.80102916
S Jafta,51.79856115
Kycia A Knight,51.77777778
EMDY Munaweera,51.72413793
A Nehra,51.72413793
KK Nair,51.68539326
Ankur Sharma,51.61290323
Faisal Iqbal,51.53846154
Abdul Shakoor,51.51515152
J Sharma,51.51515152
PA Chatterji,51.46443515
SS McKechnie,51.4084507
GEF Barnett,51.35135135
RA Jones,51.3368984
LL Tsotsobe,51.32743363
JL Pattinson,51.25
S Forbes,51.16959064
RM Haq,51.1299435
M van Jaarsveld,50.87719298
MHW Papps,50.79365079
NA Greenwood,50.72463768
Rumana Ahmed,50.65885798
KAJ Roach,50.49180328
P Maya,50.47619048
AB Kaur,50.4587156
GM Strydom,50.37593985
D Ganga,50.33112583
SC Joseph,50.32679739
EN Lynch,50.21834061
N Rana,50.0
Talha Jubair,50.0
T Gwandu,50.0
LJ Hamilton,50.0
Jubair Hossain,50.0
G Onions,50.0
NA Moodley,50.0
KR Sen,50.0
RD Chahar,50.0
DOD Rikhi,50.0
A le Breton,50.0
RJ Rolls,50.0
SJ Elliott,50.0
JW Wilson,50.0
Sana Javed,50.0
Qanita Jalil,50.0
Sadia Iqbal,50.0
RO Hussain,50.0
JI de Villiers,50.0
S Ismail,49.54627949
IM Vaghela,49.45054945
Fargana Hoque,49.39945757
GC Bhogle,49.39759036
JNT Vare,49.29577465
M Faisal,49.05660377
Waqas Khan,49.05660377
SD Outerbridge,48.97959184
RJ Trott,48.96907216
SJ Massiah,48.93617021
SK Atai,48.91304348
Nigar Sultana,48.81516588
Sidra Nawaz,48.7987988
Lata Mondal,48.71060172
IH Romaine,48.61111111
AD Poynter,48.50746269
NC Dodd,48.49498328
Javed Omar,48.39710445
P Molkenboer,48.38709677
B Zuiderent,48.36956522
HJ Thomas,48.36065574
M Shumba,48.19277108
Faisal Hossain,48.14814815
TMM Newton,48.10126582
Hasan Mahmud,48.05194805
CR Seneviratna,48.01444043
D Devnarain,48.01324503
Kyshona A Knight,47.9903537
Saad Ali,47.82608696
MDN Hansika,47.72727273
KP Meiyappan,47.66081871
TK Patel,47.65100671
F Overdijk,47.55838641
DI Joyce,47.54098361
KV Jain,47.48858447
J Jarvis,47.45762712
Kuldeep Yadav,47.44525547
OV Anderson,47.42268041
Nafees Iqbal,47.40740741
Tabarak Dar,47.36842105
C McAuslan,47.2972973
A Saud,47.13216958
KK Ahmed,47.05882353
SP Khakurel,46.98795181
R Klein,46.91358025
SM Warnapura,46.875
JO Troughton,46.75324675
TN de Grooth,46.66666667
Shawaal Zulfiqar,46.66666667
BJ Patel,46.64031621
JDF Vandersay,46.47302905
Usman Salahuddin,46.42857143
AA Deshpande,46.37681159
A Khaka,46.35193133
Waqas Barkat,46.2962963
CS Fraser,46.26865672
CNIM Joyce,46.2474645
RS Williams,46.22093023
M Commins,46.15384615
SR Thadani,46.15384615
TCB Fernando,46.15384615
AR Berenger,46.08695652
S Badrinath,45.66473988
Wasim Ali,45.61403509
SR Waters,45.57823129
C de Lange,45.57522124
T Duffin,45.52845528
B Leephatthana,45.45454545
Aijaz Ali,45.45454545
MV Waldron,45.38341158
FL Reifer,45.26315789
Syed Rasel,45.23809524
H Karunaratne,45.23809524
BB Chari,45.14563107
SZ Thakor,45.09803922
HS Modi,44.85776805
LDVV Silva,44.73684211
RN Bhatia,44.73684211
T Kamungozi,44.64285714
A Mazvishaya,44.62809917
S Immadi,44.44444444
SJ Andrews,44.44444444
CA Reid,44.44444444
RP Singh,44.40789474
Nestor Dhamba,44.23076923
S Jyoti,44.18604651
SV Carlisle,44.17670683
SL Kalis,44.16666667
SL Stewart,44.06779661
JV Harris,43.96135266
Marina Iqbal,43.91025641
AR Odedara,43.90243902
J Patraj,43.75
JJ Celestine,43.75
Saqlain Mushtaq,43.58974359
Kainat Imtiaz,43.56060606
Shahid Wasif,43.47826087
W Jaffer,43.47826087
SJ Swanepoel,43.43434343
Al Sahariar,43.1372549
CT Dhururu,43.07692308
M Mangru,42.85714286
J Yadav,42.85714286
HR Johnson,42.85714286
I Dulani,42.85714286
TJG Pringle,42.85714286
Ethan D'Souza,42.85714286
N Vare,42.7244582
WB Rankin,42.62295082
ZE Surkari,42.47491639
O Davidson,42.42424242
S Bhari,42.30769231
SB Bangar,42.10526316
RO Hinds,42.10526316
JH Desai,42.10526316
Dilara Akter,42.10526316
KO Otieno,42.01680672
RP Alexander,41.97530864
K Whatham,41.86046512
Fayyaz Ahmed,41.83673469
N Boochatham,41.83006536
T Mupariwa,41.82692308
A Codrington,41.7721519
RK Whelan,41.66666667
J van Vliet,41.66666667
S Gajnabi,41.62162162
CD Cumming,41.58415842
O Bell,41.55844156
S Daniel,41.37931034
IJR Zwilling,41.31054131
V Shetty,41.17647059
Naved Latif,41.17647059
J Glasgow,41.17647059
Sanjida Islam,41.15044248
I Toua,41.0
BJ Currie,40.90909091
Sultan Ahmed,40.90909091
A Mohammed,40.84507042
BMSM Kumari,40.74074074
D Joseph,40.625
RD McCann,40.35087719
PP Ojha,40.35087719
J Logtenberg,40.0
NJ Coffey,40.0
J Da Silva,40.0
EL Watson,40.0
JA Turner,40.0
N Niranjana,40.0
HAPW Jayawardene,40.0
V Araa,39.66480447
RM van Oosterom,39.47368421
AA Shafique,39.39393939
S Tippoch,39.38053097
E Mbofana,39.28571429
JAH Marshall,39.28571429
CJ Metcalfe,38.88888889
M Klaas,38.86792453
N Shangase,38.7755102
Qaiser Ali,38.7755102
L Tshuma,38.65030675
JM Cox,38.59649123
MJ Fourie,38.46153846
N Fernandes,38.46153846
I Ranaweera,38.24786325
MG Neser,37.93103448
CH van Koolwijk,37.87878788
L Rajadurai,37.73584906
RW Sims,37.5
DI Allan,37.5
F Kasteni,37.5
CA Pujara,37.5
Nuzhat Tasnia,37.20930233
I van der Woning,37.14285714
MC Patel,37.14285714
PRCS Kumarihami,37.04188482
NB Mahwire,37.03703704
G Sultana,36.96969697
J Smits,36.92307692
E Otieno,36.84210526
Ehsanul Haque,36.84210526
Z James,36.7768595
AM McCarthy,36.58536585
SD Heazlett,36.36363636
N Ifill,36.36363636
LJ Poulton,36.23188406
OO Bascome,36.17021277
H Shah,36.0
I Maraj,35.8974359
KDU Prabodhani,35.69405099
JE Dunford,35.29411765
S Sreesanth,35.2
TMK Mawoyo,34.93975904
AS van Beuge,34.69387755
Lovepreet Singh,34.61538462
A Martin,34.48275862
MF Kendal,34.48275862
Mosharraf Hossain,34.375
HRA Rainey,34.28571429
RWT Key,34.28571429
MMA Jonkman,34.21052632
NA de Groot,33.84615385
Sharmin Sultana,33.83838384
OL Pitcher,33.73493976
Tasqeen Qadeer,33.33333333
W O'Rourke,33.33333333
SG Whittingham,33.33333333
Sania Khan,33.33333333
G Fontenla,33.33333333
U Thimashini,33.33333333
Tharika Sewwandi,33.33333333
F Walters,33.33333333
GH O'Brien,33.33333333
AH Maqsood,33.33333333
Zeeshan Siddiqi,33.33333333
LE Milliken,33.33333333
JN Rhodes,33.33333333
PM Liyanagamage,33.33333333
KC Hodsoll,33.33333333
Alawi Shukri,33.33333333
SI Kamea,32.72727273
TJ Heggelman,32.3943662
D Murphy,32.14285714
H Davids,32.0
AF Sattaur,31.74603175
MJ North,31.57894737
B Shikongo,31.48148148
JN Hamilton,31.25
T Muzarabani,31.25
MD du Preez,31.11111111
FR Davies,30.95238095
PY Lavine,30.76923077
RW Staple,30.76923077
A Munisar,30.76923077
Hasibul Hossain,30.43478261
EC Rainsford,30.09708738
R Boyce,30.0
Skhawat Ali,30.0
D Soraine,30.0
PT Collins,30.0
B Siddharth,30.0
S Dhamala,30.0
Tanbir Hayder,29.41176471
TR Ambrose,29.41176471
LR Johnson,29.23076923
J Post,28.84615385
Z Mali,28.57142857
NS Poonia,28.57142857
BB Seebaran,28.57142857
SK Dolawatte,28.57142857
H Durham,28.57142857
MQ Sheikh,28.57142857
MS Panesar,28.26086957
TS Sekhukhune,28.23529412
O Thomas,28.20512821
ADR Campbell,28.0
NA Rock,28.0
MM Iqbal,27.5862069
KH Butt,27.5862069
Nashra Sandhu,27.55417957
IPP Batuwitarachchi,27.45098039
D Gamage,27.27272727
KA Blackwell,27.27272727
HD Rutherford,26.78571429
R Ntozakhe,26.66666667
Rony Talukdar,26.66666667
KE Broadmore,26.47058824
HIS Mendis,26.0
RH Scholte,25.80645161
Sufyan Mehmood,25.0
MWA van Nierop,25.0
JNK Shannon,25.0
Khaled Ahmed,25.0
Muhammad Farooq,25.0
N Kruger,25.0
T Putthawong,24.8
ML Patel,24.59016393
FC Jonas,24.56140351
LN Rajbanshi,23.71794872
MM Penfold,23.07692308
Faisal Athar,23.07692308
D Lakshan,22.22222222
MA Aponso,22.22222222
BR Dorey,22.22222222
Z Groenewald,21.05263158
AK Peters,20.68965517
Fahad Nawaz,20.0
Zakir Hasan,20.0
KHRK Fernando,20.0
HML Madushani,20.0
JM Willathgamuwa,20.0
C Abel,19.14893617
AJ Ireland,18.75
PG Gillespie,18.18181818
Akhil Kumar,18.18181818
VAB Tewarie,18.18181818
Umran Malik,18.18181818
Tareq Aziz,18.18181818
D Prins,17.5
K Sonavale,17.24137931
O Chare,16.66666667
KL Rolton,16.66666667
Ebadat Hossain,16.66666667
PA Desai,16.66666667
S Dhakal,15.90909091
NA Statham,15.55555556
Rashid Zia,15.51724138
RA Lewis,15.38461538
Sagar Pun,15.0
PLS Gamage,14.81481481
P Roy,14.70588235
EJB Miles,14.28571429
Hussain Talat,14.28571429
Omid Shafi Rahman,14.28571429
CK Kruger,14.28571429
LC Romero,14.28571429
HE Whelan,12.5
J Pashley,11.76470588
RR Ramdass,11.11111111
SC Meaker,11.11111111
M Prasidh Krishna,11.11111111
NV Ojha,11.11111111
Nasir Javed,10.0
K Mahato,10.0
A Shamshudeen,10.0
W Mwayenga,9.090909091
HWR Cartwright,8.695652174
Jannatul Ferdus,7.692307692
AD Janakanthymala,6.666666667
CM Beggs,6.25
Moniruzzaman,5.0
MT Herbert,4.545454545
KL Tucker,0.0
JA Whelan,0.0
F Hand,0.0
Melanie Ani,0.0
AG Puttick,0.0
AL Watkins,0.0
Fazle Mahmud,0.0
A Chopra,0.0
V Buruka,0.0
APS Lakshika,0.0
VCE Wattenberg,0.0
LM Hoitink,0.0
Sumaiya Akter,0.0
Sufiyan Muqeem,0.0
Sultana Yesmin,0.0
Simandeep Singh,0.0
Shathira Jakir,0.0
JS Ababu,0.0
R Walters,0.0
Fariha Trisna,0.0
RA Rolfe,0.0
Salman Faris,0.0
Shahbaz Ahmed,0.0
Pooja Ganesh,0.0
K Phillip,0.0
PHT Kaushal,0.0
SK Naidu,0.0
Shahriar Hossain,0.0
D Foxcroft,0.0
DL Blake,0.0
MF Fahey,0.0
JC Carroll,0.0
GA Guy,0.0
SI Galagedara,0.0
OC McCoy,0.0
SD Udal,0.0
Syeda Aroob Shah,0.0
CK Holder,0.0
TJ Bishop,0.0
Raza Hasan,0.0
S Lackay,0.0
Haseebullah Khan,0.0
C Sakariya,0.0
