player_name,total_runs,Strike_Rate
V Kohli,13784,91.7
KC Sangakkara,11618,79.39
RG Sharma,10646,90.36
MS Dhoni,10274,84.98
AB de Villiers,9435,99.44
TM Dilshan,9212,85.48
LRPL Taylor,8126,80.94
DPMD Jayawardene,8040,78.58
HM Amla,7834,86.49
Tamim Iqbal,7648,76.64
MJ Guptill,7125,85.25
Mushfiqur Rahim,7094,78.95
MJ Clarke,6988,76.83
RT Ponting,6979,80.61
EJG Morgan,6953,89.52
Yuvraj Singh,6868,85.45
S Dhawan,6733,89.49
Q de Kock,6661,94.83
DA Warner,6623,94.97
WU Tharanga,6482,73.28
CH Gayle,6433,86.53
SR Tendulkar,6432,84.55
Mohammad Hafeez,6351,76.09
V Sehwag,5692,101.93
Babar Azam,5659,86.89
AD Mathews,5646,81.42
SK Raina,5585,90.86
SPD Smith,5549,85.38
F du Plessis,5445,86.59
SR Watson,5357,90.05
IR Bell,5289,75.59
AJ Finch,5188,84.56
BB McCullum,5157,94.5
BRM Taylor,5130,74.04
Mahmudullah,5127,75.45
MEK Hussey,5076,84.43
JC Buttler,5018,114.83
SD Hope,4989,78.15
G Gambhir,4981,83.95
JP Duminy,4928,82.33
Younis Khan,4777,74.51
Misbah-ul-Haq,4752,72.56
DA Miller,4466,100.56
ST Jayasuriya,4402,92.13
AC Gilchrist,4355,102.23
JJ Roy,4237,102.94
MN Samuels,4205,74.37
KP Pietersen,4202,84.21
PD Collingwood,4132,75.17
TWM Latham,4019,83.4
L Wolvaardt,3992,71.21
H Masakadza,3955,70.05
ML Hayden,3939,79.48
TT Beaumont,3936,74.66
BKG Mendis,3838,85.01
S Chanderpaul,3804,67.87
HH Gibbs,3766,84.93
AJ Strauss,3729,78.8
RR Sarwan,3717,72.27
JM Bairstow,3671,99.7
LD Chandimal,3657,72.1
GJ Maxwell,3655,120.59
R Dravid,3650,71.11
MM Lanning,3555,89.21
S Mandhana,3526,88.0
Fakhar Zaman,3434,92.29
EA Perry,3356,78.23
PR Stirling,3338,85.35
E Chigumbura,3266,77.12
SW Bates,3245,75.85
AN Cook,3204,75.6
HDRL Thirimanne,3164,71.2
HC Knight,3158,75.1
MDKJ Perera,3077,91.17
Umar Akmal,3032,83.62
GJ Bailey,3011,82.0
DM Bravo,3007,67.2
BJ Haddin,3003,82.32
M Raj,2949,68.26
AM Rahane,2906,76.23
AE Satterthwaite,2895,80.02
Imam-ul-Haq,2840,81.33
T Taibu,2837,66.96
IJL Trott,2819,75.54
SFM Devine,2796,87.54
Mohammad Yousuf,2783,74.39
CR Ervine,2770,76.29
MR Marsh,2762,93.53
KL Rahul,2761,86.36
DJ Bravo,2760,78.72
AC Jayangani,2760,77.99
AJ Healy,2759,95.24
Kamran Akmal,2746,81.39
RS Bopara,2689,76.39
WTS Porterfield,2670,67.39
TM Head,2645,102.2
SE Marsh,2622,79.02
MV Boucher,2617,88.38
KA Pollard,2608,90.65
Ahmed Shehzad,2555,70.52
L Lee,2516,82.65
A Balbirnie,2438,74.22
BL Mooney,2433,84.71
SC Ganguly,2409,70.25
SS Iyer,2396,98.04
HE van der Dussen,2388,85.1
AD Hales,2330,93.84
Shubman Gill,2328,99.02
Abdul Razzaq,2327,86.54
HK Matthews,2327,75.16
RD Berrington,2292,74.37
Sarfraz Ahmed,2289,85.63
KJ Coetzer,2280,80.68
MM Ali,2278,94.21
Mohammad Rizwan,2254,87.36
Imrul Kayes,2242,68.6
DR Martyn,2239,75.39
M du Preez,2223,69.6
M Kapp,2195,85.31
Salman Butt,2186,74.56
Liton Das,2178,84.32
JO Holder,2144,88.19
SP Fleming,2133,70.26
V Sibanda,2125,61.29
HM Nicholls,2116,78.98
A Flintoff,2096,88.59
S Luus,2080,65.29
D Ramdin,2072,78.6
AE Jones,2071,83.51
CL White,2053,79.48
Soumya Sarkar,2044,95.29
CS MacLeod,2015,78.4
ME Trescothick,1997,80.52
KJ O'Brien,1990,92.52
CJ Chibhabha,1987,63.48
AT Carey,1978,87.64
MS Atapattu,1978,66.82
H Klaasen,1977,115.01
RL Haynes,1966,79.11
LMP Simmons,1958,71.43
Bismah Maroof,1938,63.27
Inzamam-ul-Haq,1916,77.2
E Lewis,1903,85.76
BC Lara,1878,76.5
AC Kerr,1854,74.97
DJG Sammy,1853,96.21
EC Joyce,1845,69.2
V Aravind,1843,67.24
N Pooran,1829,95.61
KIC Asalanka,1810,86.6
P Nissanka,1810,84.11
MG Erasmus,1810,78.42
Azhar Ali,1806,72.88
MS Wade,1792,80.5
MD Patel,1792,80.04
A Vala,1783,68.74
M Labuschagne,1764,82.82
HH Pandya,1762,107.7
Yousuf Youhana,1740,78.8
Haris Sohail,1709,85.02
NJ O'Brien,1692,70.68
MP O'Dowd,1682,68.91
DN Wyatt,1680,90.76
DJS Dottin,1679,81.11
HG Munsey,1675,85.16
MH Cross,1675,67.98
DJ Hussey,1672,87.45
SJ Taylor,1651,85.46
AT Rayudu,1637,76.39
RK Paudel,1629,73.25
KD Karthik,1624,71.38
HT Tector,1622,84.0
DJ Mitchell,1616,96.59
N Dickwella,1604,91.24
Sidra Ameen,1595,63.04
MD Gunathilaka,1592,83.83
OA Shah,1579,80.44
NJ Astle,1571,75.6
T Bavuma,1548,87.26
J Charles,1544,83.91
UT Khawaja,1539,82.52
JDS Neesham,1508,98.05
CK Kapugedera,1505,69.77
SA Edwards,1504,90.66
MP Stoinis,1489,91.8
Yasir Hameed,1459,65.57
NE Bolton,1443,69.74
CL Tryon,1440,107.14
PG Raut,1436,61.11
WA Young,1426,86.16
Aasif Sheikh,1423,73.24
DJ Malan,1418,94.28
Nasir Jamshed,1418,73.43
T Chetty,1414,68.51
SO Hetmyer,1410,105.62
Javeria Khan,1408,61.51
ML Green,1407,67.71
WIA Fernando,1404,84.94
Rohan Mustafa,1401,61.96
Waseem Muhammad,1398,85.87
L Ronchi,1397,112.57
MP Vaughan,1382,65.25
Jatinder Singh,1356,71.37
GH Lewis,1348,65.98
JR Hopes,1326,92.34
Anamul Haque,1322,74.06
KM Jadhav,1318,100.84
M Kaif,1314,63.72
Asad Shafiq,1312,66.06
S Matsikenyeri,1309,66.51
MA Leask,1306,111.34
BA King,1306,82.87
Mashrafe Mortaza,1304,81.04
M van Lingen,1300,90.15
HH Dippenaar,1283,67.42
LPC Silva,1279,70.86
Fargana Hoque,1275,49.4
DR Smith,1261,88.18
Sabbir Rahman,1259,90.25
C Munro,1249,103.48
JD Ryder,1242,95.98
RR Rossouw,1239,92.39
GC Wilson,1232,74.53
Imran Farhat,1232,64.54
MJ Prior,1229,74.39
DP Conway,1226,86.95
IK Pathan,1226,79.2
PG Fulton,1216,70.45
Shahriar Nafees,1216,66.92
Aliya Riaz,1207,63.66
RS Morton,1205,64.37
TP Ura,1196,78.37
Vikramjit Singh,1190,70.33
Mehedi Hasan Miraz,1188,78.36
K Bhurtel,1182,78.91
Raqibul Hasan,1177,61.62
A Gardner,1175,100.6
Nida Dar,1171,65.64
SA Campbelle,1167,59.91
Nazmul Hossain Shanto,1165,79.96
KJ Martin,1161,75.59
Asif Khan,1155,81.0
MD Shanaka,1153,87.55
Nahida Khan,1121,63.69
RW Chakabva,1106,67.03
L Vincent,1089,68.36
F Behardien,1074,96.41
S Samarawickrama,1073,90.62
WW Hinds,1066,65.56
Aftab Ahmed,1061,73.12
CM Edwards,1054,71.99
JI Rodrigues,1051,80.91
FDM Karunaratne,1044,76.6
SM Katich,1041,68.62
MN Waller,1039,75.13
RP Arnold,1039,69.68
AD Russell,1034,128.45
Aarif Sheikh,1032,62.62
Junaid Siddique,1021,66.69
KU Carty,1000,75.93
KH Prajapati,996,73.72
C Kieswetter,985,87.17
DS Smith,973,70.56
JN Malan,958,81.39
AJ Blackwell,953,75.76
CJA Amini,952,61.62
Muneeba Ali,948,58.92
Shaiman Anwar,947,81.5
JM How,939,64.8
G Singh,938,81.21
Imad Wasim,937,108.95
MG Johnson,934,93.21
RV Uthappa,934,87.29
KOA Powell,934,78.42
RR Hendricks,930,76.8
Nigar Sultana,927,48.82
Habibul Bashar,926,55.42
Chirag Suri,924,62.77
NT Broom,919,78.68
R Powell,915,86.81
CP Rizwan,901,57.28
SJ Modani,898,61.51
P Litchfield,895,78.37
BJ McMullen,888,83.93
Muhammad Usman,888,73.27
Ishan Kishan,886,99.55
JWA Taylor,879,79.55
S Bau,874,58.93
RR Pant,871,102.96
TT Bresnan,871,88.52
PD Salt,866,112.47
DS Airee,861,70.75
TD Paine,861,68.88
PWH de Silva,859,102.75
Rameez Shahzad,848,75.85
Shoaib Khan,843,82.24
SSJ Brooks,842,73.22
JJ Smit,839,71.89
CN Nation,831,54.46
TM Odoyo,830,69.11
VS Solanki,829,69.43
VVS Laxman,828,72.5
BM Halliday,828,70.65
AL Phehlukwayo,827,83.03
SHT Kandamby,827,69.03
PJ Hughes,826,73.88
O Prendergast,821,74.37
W Barresi,820,76.21
JA Rudolph,820,66.78
L Goodall,817,59.9
YK Pathan,810,110.05
MF Maharoof,799,80.63
AC Voges,798,83.47
JN Loftie-Eaton,796,74.25
SIR Dunkley,789,79.46
Sharjeel Khan,787,113.73
T Brits,786,69.13
A Steyn,781,61.11
A Hunter,776,81.68
SA Yadav,773,102.93
N Vanua,769,78.95
CA Ingram,761,81.39
AG Prince,761,67.58
Towhid Hridoy,759,85.47
Kushal Malla,756,86.9
MG Bevan,755,64.15
G Malla,753,65.76
L Siaka,749,73.94
LS Greenway,732,65.83
SF Mire,729,77.22
H Madavi,729,66.7
Pargat Singh,722,77.63
GO Jones,715,80.97
AT Nidamanuru,713,91.29
SR Mukkamalla,711,82.87
Mohammad Mithun,711,75.0
GD Phillips,710,94.79
R Ashwin,707,85.08
LJ Wright,707,84.37
JA Morkel,705,96.97
SO Tikolo,705,64.27
NND de Silva,703,66.07
B Sharki,703,65.03
BM Duckett,700,98.18
Kycia A Knight,699,51.78
PA Patel,693,78.39
RM Ghosh,690,90.2
SW Billings,690,89.84
ZE Green,686,78.67
MS Chapman,684,102.86
HASD Siriwardene,679,55.98
Umaima Sohail,670,61.69
TT Samaraweera,669,73.19
GWHM Perera,668,56.75
YH Bhatia,666,69.88
CJ Ferguson,663,83.4
RH Priest,661,81.0
HJH Marshall,661,67.45
L Tucker,657,76.75
HC Brook,653,105.49
CA Soper,653,55.39
CK Coventry,645,87.52
Shafali Verma,644,79.21
Sharmin Akhter,643,56.4
MADD Surangika,642,53.06
PM Weerakkody,638,54.44
Agha Salman,637,97.7
PSP Handscomb,632,96.34
C Green,626,81.3
Gulsan Jha,625,75.57
Sompal Kami,621,71.71
JN Mohammed,621,66.85
KT Perkins,618,73.75
JN Frylinck,615,73.65
A Bagai,614,61.71
H Thaker,612,66.81
JF Mooney,610,81.77
Khaled Mashud,605,53.12
PL Mommsen,601,76.46
Kyshona A Knight,597,47.99
RN ten Doeschate,594,87.1
J Botha,594,82.73
BMAJ Mendis,593,80.03
JM Vince,590,86.51
N de Klerk,589,72.09
Aayan Afzal Khan,585,73.96
FH Allen,582,91.37
P Vastrakar,579,86.29
TLW Cooper,576,74.23
WD Parnell,574,77.25
BJ Watling,573,66.63
WPUJC Vaas,569,67.34
AR Patel,568,90.02
L Winfield,564,70.77
H Deol,561,76.53
MK Pandey,558,89.42
DD Ebrahim,555,52.86
Abdullah Shafique,554,80.41
Afif Hossain,548,86.85
N Deonarine,546,62.54
Babar Hayat,539,71.96
CA Henry,537,76.39
Sandeep Goud,535,69.84
L Louwrens,535,58.28
JL Jonassen,533,84.34
Imran Nazir,531,87.91
J Mubarak,531,63.75
CR Brathwaite,527,85.97
Mosaddek Hossain,524,80.0
RJ Peterson,523,82.23
JP Inglis,521,99.24
Nain Abidi,521,54.55
PJ Moor,520,66.58
K Doriga,520,56.09
MA Vermeulen,517,64.95
BJ Hodge,516,88.51
CD Wallace,515,86.12
SV Samson,510,96.77
Nizakat Khan,508,80.89
SL Malinga,508,72.47
LV van Beek,505,82.79
AN Petersen,498,81.64
SE Rutherford,497,110.44
Shayan Jahangir,497,85.25
Mominul Haque,495,73.77
SM Sharif,492,69.79
JWM Dalrymple,487,71.94
AA Obanda,487,69.18
LR Down,486,60.83
Fatima Sana,484,69.54
NR Kirton,483,74.19
ME Bouchier,482,103.43
RS Williams,477,46.22
K Verreynne,476,87.18
SW Ambris,473,93.66
N Chantam,473,68.65
WG Jacks,468,98.11
EJ Villani,468,77.23
MA Ouma,468,54.74
Javed Omar,468,48.4
Karan KC,457,83.24
AR Nurse,454,97.84
GS Ballance,454,70.17
JE Cameron,452,75.21
JL Denly,446,69.15
Pratika Rawal,444,89.52
Ghulam Shabber,444,62.01
JM Davison,443,112.72
S Lamichhane,440,88.0
A Johnson,438,95.22
H Hiri,435,54.79
Murshida Khatun,429,55.0
A Ndiraya,428,68.59
CG Williams,427,77.64
MN van Wyk,425,67.35
S Prasanna,421,91.52
SMA Priyanjan,420,78.8
PW Borren,413,89.2
FC Wilson,412,93.42
V Krishnamurthy,410,86.32
RD Shah,407,62.91
Ayesha Zafar,407,53.27
Simi Singh,406,78.53
RMVD Gunaratne,401,69.98
Ali Naseer,396,99.25
EL Lamb,396,83.72
T Mishra,395,70.04
MAA Sanjeewani,395,56.51
AB Barath,394,62.64
MW Machan,393,79.07
Suraj Kumar,392,74.81
PA de Silva,390,80.08
CM McBride,386,70.44
MA Jones,385,66.15
CS Baugh,382,67.85
T de Zorzi,381,95.49
J Gumbie,379,65.23
XM Marshall,379,55.98
M Mupachikwa,376,55.7
Asif Ali,375,118.3
PJ Forrest,368,63.78
MS Sinclair,367,64.84
DW Steyn,365,61.66
Tanzid Hasan,364,101.11
KM Dabengwa,364,57.69
SP Narine,363,79.78
DT Johnston,361,76.32
CB Wishart,361,72.78
DG Brownlie,361,72.2
Naseem Khushi,360,107.46
MDN Hansika,357,47.73
A Bosch,355,73.8
J Nkomo,354,64.01
MDT Kamini,353,63.49
R Trumpelmann,350,79.37
SJ Myburgh,347,74.46
Rumana Ahmed,346,50.66
AA Alleyne,341,60.04
LMM Tahuhu,340,86.08
NV Knight,339,70.19
M Vijay,339,65.7
B Cooper,339,58.35
R Rampaul,338,75.11
Rashid Latif,335,82.11
SS Pathirana,332,83.21
A Flower,332,70.34
HM Rowe,332,66.27
I Kaia,332,63.85
HP Tillakaratne,332,59.07
KA Edwards,331,64.9
D Khanal,329,68.26
Adnan Mufti,328,79.42
SS Weerakkody,328,62.96
SA Engelbrecht,327,63.01
CN Ackermann,326,75.12
MH Yardy,326,66.53
SJ Baard,326,57.5
Sidra Nawaz,325,48.8
MO Odumbe,324,89.26
S Movva,324,67.22
A Sharma,323,69.02
MR Aguilleira,323,54.01
AC Agar,322,80.5
MR Meshram,322,56.39
DA Gunawardene,322,54.48
AK Sah,320,87.67
R Mutumbami,319,71.36
JP Kotze,316,70.38
Washington Sundar,315,81.61
LM Jongwe,315,79.15
D la Cock,313,65.89
KAJ Roach,308,50.49
A Athanaze,306,80.95
ADS Fletcher,305,60.64
Shamima Sultana,304,56.3
TK Curran,303,91.27
DO Obuya,302,51.8
LE Bosman,301,94.65
KE Bryce,301,84.08
AR White,301,60.44
PA Nixon,297,84.62
NS Dhaliwal,295,56.41
L Winfield-Hill,294,62.03
DLS van Bunge,293,56.45
C Brits,292,69.36
SMSM Senanayake,290,90.34
MV Waldron,290,45.38
B de Leede,289,66.44
AJ Stewart,287,70.17
MK Tiwary,287,69.66
AF Giles,286,73.33
DN Wellalage,285,75.0
Saud Shakeel,283,86.28
A Capsey,283,71.65
PRCS Kumarihami,283,37.04
Kashif Daud,282,88.68
ASS Fletcher,282,64.98
S Dhaniram,281,88.92
S Chattergoon,281,63.72
ES Szwarczynski,281,58.3
CS Mugeri-Tiripano,280,74.07
S Randiv,280,71.79
Hannan Sarkar,280,52.14
SK Patel,278,73.35
MD Dai,277,75.48
S Horley,276,77.53
Moin Khan,274,86.16
DT Christian,273,87.22
PS Punia,273,54.27
S Ismail,273,49.55
GH Worker,272,69.92
Umar Amin,271,66.42
MJ Henry,268,91.16
G Toka,268,54.03
TA Blundell,266,86.08
Shamsur Rahman,266,74.51
B Bezuidenhout,266,71.89
AJ Hosein,266,70.93
AC Botha,265,63.25
B Bhandari,265,59.82
AR Cusack,264,62.56
LA Marsh,264,56.77
Diana Baig,262,68.95
M Musonda,262,64.69
Sadaf Shamas,262,52.82
Taufeeq Umar,262,51.98
R Chopra,260,68.97
UDU Chandana,260,66.16
IDR Bradshaw,259,61.23
A Sharafu,257,66.75
GE Plimmer,256,62.44
R Gunasekera,255,55.08
P Khadka,252,79.5
C Madande,251,71.1
BM Scholtz,251,66.05
Tushar Imran,250,52.41
KO Otieno,250,42.02
Amjad Ali,249,64.34
JD Campbell,248,113.76
R Stokell,247,58.67
SM Davies,244,102.09
N Chaiwai,244,61.31
ML Udawatte,243,66.21
R Rijke,238,70.21
DC Thomas,238,62.8
Musa Ahmed,238,62.8
HN Ya France,237,80.89
DE Budge,237,76.21
C Tear,237,66.95
D Dhingra,237,65.47
GJ Hopkins,236,74.45
Abid Ali,234,91.05
JP Bray,234,63.07
AM Tribe,233,75.16
NFI McCallum,233,63.66
K Birkenstock,233,53.2
JM Kerr,232,105.94
T Ruma,232,63.04
HMD Rasangika,232,58.0
A Mohammed,232,40.85
NY McLean,231,63.81
STR Binny,230,91.27
TM Dowlin,228,62.98
CNIM Joyce,228,46.25
I Udana,227,96.19
Jahurul Islam,226,69.54
AM Samad,226,59.16
Asmavia Iqbal,225,52.33
S Mostary,224,57.29
F Overdijk,224,47.56
T Duffin,224,45.53
BR McDermott,223,79.64
IS Billcliff,223,57.33
P Mustard,219,89.75
DR Chumney,219,65.18
T Stubbs,218,93.97
Saeed Anwar,218,68.55
GJ Delany,217,95.18
Saad Bin Zafar,217,72.58
Iram Javed,216,56.84
JM Fields,215,64.56
T Marumani,214,63.31
DJM Short,211,77.01
TK Musakanda,210,87.5
NRJ Croes,207,67.87
Khurram Manzoor,206,63.78
HS Modi,205,44.86
WP Masakadza,204,59.13
Khushdil Shah,200,93.46
DEM Carter,200,71.17
S Sriharsha,200,67.8
Z Crawley,199,95.67
Saleem Elahi,199,64.82
IA Karim,196,82.7
M Levitt,196,79.35
MW Short,195,98.98
Kuldeep Yadav,195,47.45
V Sukumaran,194,61.78
Mohammad Nawaz (3),193,87.33
PJ Ingram,193,80.75
JH Davey,193,61.86
AJ Turner,192,116.36
GB Brent,192,62.95
SA Wijeratne,191,69.45
H Karunaratne,190,45.24
PP Shaw,189,108.62
A Saud,189,47.13
RD Rickelton,188,88.26
G Kirsten,186,81.58
BB Chari,186,45.15
CJ Jordan,184,84.4
S Rana,184,81.42
F Mutizwa,183,64.89
Sohag Gazi,182,87.92
ND McKenzie,182,70.0
RM Haq,181,51.13
CMA Shillington,179,89.95
Q Joseph,179,70.2
DM Richards,179,68.85
I Ranaweera,179,38.25
SR Thompson,178,89.9
JA McCollum,178,72.36
B Zuiderent,178,48.37
JAD Lawrenson,177,82.33
NR Kumar,177,57.84
H Patel,176,88.89
IC Gaze,176,59.66
S Forbes,175,51.17
IH Romaine,175,48.61
Raza-ur-Rehman,174,80.93
NW Bracken,174,65.66
G Voll,173,105.49
Mohammad Nawaz,173,79.0
Mohammad Boota,173,72.08
GM Hamilton,173,56.72
SJ Bryce,171,66.54
Najiha Alvi,170,62.73
Lata Mondal,170,48.71
TSS Mackintosh,169,83.25
AM Peterson,167,79.15
JG Bethell,167,78.77
AR Adams,165,107.14
Nurul Hasan,165,91.16
MJ Lumb,165,80.1
ST Doheny,165,60.0
KS Lokuarachchi,164,75.58
D Bishoo,164,61.89
L Klusener,163,104.49
Shan Masood,163,67.36
KP Meiyappan,163,47.66
Y Venugopal Rao,161,62.65
FRJ Coleman,160,72.73
SJ McGlashan,160,68.38
P Siaka,160,68.09
Akshay Homraj,159,69.13
J Kila,159,63.86
Shariz Ahmad,159,54.64
AGS Gous,157,110.56
Imran Tahir,157,67.38
CJO Smith,157,65.42
T Kaitano,157,59.47
Nasum Ahmed,156,87.64
CMW Read,156,70.59
SRH Curtis,156,66.67
A Kolan,155,52.19
C Zhuwao,154,112.41
MB Kruger,154,70.97
A Rawat,153,81.38
SP Patil,153,51.86
K Fraser,152,76.38
MDK Perera,152,73.43
AJ Redmond,152,57.14
D Ganga,152,50.33
AA Mulla,150,93.75
PJ Ongondo,150,60.0
JF Kloppenburg,149,62.08
BN Cooper,148,84.57
BOP Fernando,148,62.18
LM Kasperek,148,53.62
Khalid Latif,147,63.09
Shorna Akter,147,60.0
Nazimuddin,147,59.76
BYA Mendis,147,58.33
JA Burns,146,77.25
ID Blackwell,146,68.54
K Zondo,146,62.13
NC Dodd,145,48.49
D Devnarain,145,48.01
IJR Zwilling,145,41.31
CO Browne,144,84.21
S Jafta,144,51.8
Zahoor Khan,143,55.21
MB Loye,142,74.74
HJW Gardiner,142,64.55
RD Jacobs,142,63.11
VV Morea,142,62.28
KJJ van Noortwijk,141,98.6
KNA Bandara,141,64.98
SF Daley,141,58.75
TS Hasabnis,140,76.09
M Bhanuka,140,70.35
CT Dhururu,140,43.08
ARI Umeed,138,99.28
D Myers,138,71.13
KA Hope,138,68.66
T Bhatia,138,67.32
N Vare,138,42.72
D Gough,137,69.19
Marina Iqbal,137,43.91
NJ Carey,136,93.79
CR Pagydyala,136,80.0
HK Badani,135,77.14
S Verma,135,62.21
P Molkenboer,135,48.39
RP Singh,135,44.41
T Banton,134,92.41
AM Hardie,134,84.28
PA Browne,134,73.22
Faisal Iqbal,134,51.54
JL Smith,133,90.48
CR Seneviratna,133,48.01
TJ Friend,132,75.43
D Keulder,132,59.73
TS Kamunhukamwe,131,77.51
KH Pandya,130,99.24
D Bau,130,58.56
DF Watts,130,54.17
HDPK Dharmasena,129,83.23
D Ravu,128,66.32
Nafees Iqbal,128,47.41
B Sai Sudharsan,127,88.19
N Hussain,127,64.14
ZE Surkari,127,42.47
Azhar Mahmood,126,76.83
Mudassar Bukhari,126,69.23
CE Coulter Reilly,126,60.58
SACA King,126,54.08
SM Kavanagh,126,52.72
AR Odedara,126,43.9
KDU Prabodhani,126,35.69
H Carlyon,125,83.89
P Marange,125,81.7
ML Nkala,125,70.22
FL Mackay,125,63.78
RS Kaluwitharana,124,68.89
Dhiman Ghosh,124,60.49
PA Jaques,123,72.35
Usman Limbada,123,63.73
B Tau,123,52.34
PA Chatterji,123,51.46
CT Mutombodzi,122,81.88
JP Maher,122,65.24
Mahedi Hasan,122,62.56
Ayasha Rahman,122,58.37
T Maruma,122,54.22
B Evans,121,78.57
AL Hodgkinson,121,71.6
U Bhatti,120,91.6
K Weeraratne,120,86.33
N Koncharoenkai,120,78.43
JW Jenner,119,67.61
J Edness,119,54.59
R Malhotra,118,63.78
S Jimmy,118,59.6
J Anderson,118,57.56
BJ Patel,118,46.64
Khalid Kail,117,74.05
MC Henriques,117,60.94
SL Quintyne,117,57.35
CMG Atkins,117,55.45
RD Gaikwad,115,72.33
EN Lynch,115,50.22
Kainat Imtiaz,115,43.56
S Meghana,114,102.7
MA Carberry,114,62.98
B Muzarabani,114,54.03
Jaker Ali,113,105.61
L Jack,113,103.67
TBM de Leede,113,53.81
LP van Troost,112,68.29
DP Hyatt,112,59.26
KD Shah,112,58.33
JDF Vandersay,112,46.47
C Carter,111,63.07
AN Kervezee,110,53.92
SV Carlisle,110,44.18
D Hazell,109,77.86
TS Chisoro,109,70.32
R Murray,108,60.0
A Maregwede,108,59.34
A Khaka,108,46.35
KNM Fernando,107,108.08
MM English,107,86.29
BA Parchment,107,54.04
SR Hain,106,106.0
A Minny,106,81.54
SL Kalis,106,44.17
HDJ Siegers,105,84.68
RML Taylor,105,82.03
RK Kleinveldt,105,81.4
AA Jangoo,104,122.35
L Balaji,104,78.79
DA Minors,104,59.09
D Elgar,104,57.46
KV Jain,104,47.49
PS Athavale,103,58.52
C de Lange,103,45.58
M Klaas,103,38.87
M Kartik,102,74.45
AM Bacher,102,56.35
Yasir Ali Chowdhury,101,95.28
WK McCallan,101,57.39
Shahzaib Hasan,100,84.75
SM Benade,100,78.12
R Kanoh,100,67.11
CJ Bowes,99,81.82
Hamza Tariq,99,68.75
BMSM Kumari,99,40.74
I Maraj,98,35.9
JL Ontong,97,71.32
AL Kandappah,97,61.01
RA Jones,96,51.34
Tanzim Hasan Sakib,95,77.87
GEF Barnett,95,51.35
RJ Trott,95,48.97
RS Gavaskar,93,56.71
Sanjida Islam,93,41.15
T Munyonga,92,67.15
Shoriful Islam,91,85.85
JV Harris,91,43.96
GB Murgatroyd,90,60.81
A Nehra,90,51.72
SK Atai,90,48.91
Bilawal Bhatti,89,115.58
PBB Rajapaksa,89,102.3
SSD Arachchige,89,66.42
TC Bastiampillai,89,54.6
S Tippoch,89,39.38
Z James,89,36.78
Nashra Sandhu,89,27.55
N Davin,88,83.81
SE Findlay,88,62.86
J Fraser-McGurk,87,147.46
T Mupariwa,87,41.83
P Mujaji,86,51.81
FL Reifer,86,45.26
NE Bonner,85,60.71
J Sumerauer,84,113.51
SI Mahmood,84,84.85
JJ Atkinson,84,55.26
CJ Nevin,83,54.97
GT Main,82,92.13
C Hemraj,82,81.19
GC Bhogle,82,49.4
S Nitschke,81,96.43
Mohammad Wasim,80,91.95
A Lister,80,71.43
M McColl,80,68.97
GR Codrington,80,65.04
Rabiya Shah,80,62.99
M Terblanche,80,58.39
M Spoors,80,54.79
D Langford-Smith,79,94.05
E Claridge,79,76.7
AI Chudasama,79,74.53
UT Yadav,79,58.09
JP Greaves,79,57.66
E Schiferli,79,56.43
S Badrinath,79,45.66
MJ Cosgrove,78,96.3
HJ Armitage,78,82.11
T Suri,78,73.58
Sami Aslam,78,63.41
SP Khakurel,78,46.99
WB Rankin,78,42.62
SC Taylor,77,105.48
SP Krishnamurthi,77,77.78
Ravinderpal Singh,77,71.96
GM Ewing,77,66.96
SC Joseph,77,50.33
S Gajnabi,77,41.62
Syed Rasel,76,45.24
KW Richardson,75,107.14
Utkarsh Srivastava,75,100.0
KDK Vithanage,75,81.52
CA Lynn,75,81.52
MNK Fernando,75,70.09
SW Poynter,74,72.55
N Gwanzura,74,68.52
MM Patel,74,64.91
DS Bajwa,74,60.16
U Raymond-Hoey,74,59.68
DS Weerakkody,73,108.96
Kaleem Sana,73,75.26
Waheed Ahmed,73,55.73
C Sutthiruang,73,54.89
SS McKechnie,73,51.41
TP Visee,72,109.09
TL Best,72,63.16
DR Brown,72,62.61
SD Outerbridge,72,48.98
J Smits,72,36.92
Wasim Akram,71,98.61
BJ Bennett,71,94.67
TK Patel,71,47.65
V Araa,71,39.66
Mohammad Aadil Alam,70,85.37
Shuvagata Hom,70,79.55
Haris Rauf,70,75.27
Natalia Pervaiz,70,66.04
N Dutta,70,57.38
K Frank,70,53.85
TN de Grooth,70,46.67
DR Mousley,69,78.41
B Ward,69,65.09
Shakeel Ahmed,69,52.27
Tilak Varma,68,54.4
Sana Javed,68,50.0
AS van Beuge,68,34.69
RC Irani,67,53.6
GM Strydom,67,50.38
SR Waters,67,45.58
Sharmin Sultana,67,33.84
Mehran Khan,66,94.29
JR Philippe,65,71.43
CD de Lange,65,69.15
AD Poynter,65,48.51
S Molineux,64,83.12
Yasir Arafat,64,62.14
Batool Fatima,64,60.95
AR Caddick,64,54.24
N Boochatham,64,41.83
PD McGlashan,63,118.87
AAP Atkinson,63,114.55
L Tshuma,63,38.65
Adnan Akmal,62,67.39
J Gray,62,54.87
CS Fraser,62,46.27
BT Foakes,61,78.21
K Klein,61,69.32
S Laomi,61,54.95
G Sultana,61,36.97
Shahid Wasif,60,43.48
TG Norris,59,101.72
PJ Scholfield,59,96.72
BAM Heath,59,96.72
MJ Hay,59,81.94
MR Swart,59,75.64
Abdul Jabbar,59,68.6
Shaila Sharmin,59,60.2
HJ Thomas,59,48.36
D Parashar,58,65.17
Mohammad Naim,58,58.59
Hammad Mirza,58,54.72
M van Schoor,58,52.25
LL Tsotsobe,58,51.33
TMK Mawoyo,58,34.94
Tayyab Tahir,57,123.91
AJ Tye,57,118.75
L Sreekumar,57,82.61
Akram Khan,57,55.88
S Jora,56,82.35
Zubayr Hamza,56,68.29
RK Singh,55,127.91
FY Fazal,55,84.62
J Figy John,55,73.33
AB Kaur,55,50.46
DES Maxwell,54,120.0
Kabir Ali,54,93.1
A Nao,54,76.06
A Mazvishaya,54,44.63
Mohammad Hasnain,53,155.88
BCJ Cutting,53,79.1
CAK Walton,53,60.23
P Maya,53,50.48
AR Berenger,53,46.09
K Thomson,52,75.36
AK Perera,52,62.65
KE Ebrahim,52,54.74
Waqas Khan,52,49.06
IR James,51,79.69
AA Paradkar,51,60.0
RN Bhatia,51,44.74
CA Pujara,51,37.5
WA Agar,50,116.28
RTM Mendis,50,100.0
VR Vanitha,50,78.12
MJ Bulow,50,67.57
EL Watson,50,40.0
SS Tiwary,49,85.96
LHD Dilhara,49,81.67
KO Meth,49,52.69
TB Robinson,48,97.96
Zulqarnain Haider,48,68.57
Irfan Khan,48,64.86
Tasqeen Qadeer,48,33.33
G Kodali,46,60.53
Steven Ryan Taylor,46,56.79
KK Nair,46,51.69
OV Anderson,46,47.42
SZ Thakor,46,45.1
PP Ojha,46,40.35
AE Smith,45,150.0
TH David,45,80.36
M Karg,45,68.18
TV Mufambisi,45,63.38
M De Ridder,45,60.81
IM Vaghela,45,49.45
Tabarak Dar,45,47.37
M Dillon,44,84.62
Al Sahariar,44,43.14
S Sreesanth,44,35.2
NA de Groot,44,33.85
RP Lefebvre,43,63.24
SJ Swanepoel,43,43.43
Haider Ali,42,127.27
CD Cumming,42,41.58
WP Saha,41,69.49
NE Farrant,41,64.06
KY Ottley,41,53.95
JL Pattinson,41,51.25
Fayyaz Ahmed,41,41.84
I Toua,41,41.0
TD Smartt,40,61.54
N Mlaba,40,58.82
M Shumba,40,48.19
NB Mahwire,40,37.04
SJ Tsukigawa,39,55.71
Usama Mir,38,126.67
TB Sole,38,102.7
N M'shangwe,38,86.36
T Granger,38,65.52
PP Chawla,38,63.33
CS Terblanche,38,58.46
CKB Kulasekara,38,52.05
TMM Newton,38,48.1
R Klein,38,46.91
N Shangase,38,38.78
Qaiser Ali,38,38.78
Arshdeep Singh,37,108.82
TS Roland-Jones,37,97.37
DM Kimmince,37,71.15
Hasan Mahmud,37,48.05
LN Rajbanshi,37,23.72
DNT Zoysa,36,65.45
Aaditya Varadarajan,36,54.55
JO Troughton,36,46.75
RWT Key,36,34.29
Zulfiqar Babar,35,87.5
O Kamchomphu,35,57.38
NA Greenwood,35,50.72
JNT Vare,35,49.3
C McAuslan,35,47.3
J van Vliet,35,41.67
Abdul Shakoor,34,51.52
LDVV Silva,34,44.74
RP Alexander,34,41.98
TL Seifert,33,117.86
Ayesha Naseem,33,82.5
HM Tiffen,33,80.49
A Aitken-Drummond,33,68.75
Mohammad Iqbal,33,58.93
PRP Boissevain,33,57.89
PARP Perera,33,54.1
A Codrington,33,41.77
JAH Marshall,33,39.29
J Overton,32,145.45
DO Leicher,32,103.23
MK Villiers,32,100.0
D Cleaver,32,86.49
GA Rogers,32,64.0
MHW Papps,32,50.79
Qanita Jalil,32,50.0
AA Deshpande,32,46.38
O Bell,32,41.56
C Jonker,31,91.18
CW Perchard,31,88.57
JB Nero,31,55.36
D Daesrath,31,52.54
EC Rainsford,31,30.1
T Putthawong,31,24.8
PJC Hoffmann,30,130.43
Mohammad Haris,30,83.33
Saqlain Haider,30,75.0
RM Jariwala,30,56.6
AR Pitcher,30,54.55
SM Warnapura,30,46.88
B Leephatthana,30,45.45
M Mangru,30,42.86
MF Kendal,30,34.48
R Boyce,30,30.0
A Neill,29,67.44
M van Jaarsveld,29,50.88
DI Joyce,29,47.54
KED Carroll,28,66.67
SA Fritz,28,53.85
SP de Alwis,28,52.83
Sadia Iqbal,28,50.0
J Jarvis,28,47.46
JJ Celestine,28,43.75
Ehsanul Haque,28,36.84
OL Pitcher,28,33.73
PM Liyanagamage,28,33.33
GF Linde,27,87.1
Ehsan Adil,27,62.79
CJ Smith,27,56.25
AF Buurman,26,76.47
B Fernando,26,70.27
Shahid Ahmadzai,26,66.67
NG Smith,26,65.0
S Thuraisingam,26,55.32
Khurram Nawaz,26,53.06
M Faisal,26,49.06
Faisal Hossain,26,48.15
Wasim Ali,26,45.61
SL Stewart,26,44.07
MS Panesar,26,28.26
SW Tait,25,86.21
A Patel,25,83.33
S Naik,25,64.1
HDRS Silva,25,54.35
Waqas Barkat,25,46.3
T Kamungozi,25,44.64
CH van Koolwijk,25,37.88
LJ Poulton,25,36.23
VR Iyer,24,58.54
N Niranjana,24,40.0
RW Sims,24,37.5
TS Sekhukhune,24,28.24
J Louw,23,328.57
LK Ebsary,23,95.83
Avesh Khan,23,76.67
Y van der Westhuizen,23,58.97
J Blackwood,23,53.49
SJ Massiah,23,48.94
Nestor Dhamba,23,44.23
RD McCann,23,40.35
TJ Heggelman,23,32.39
RL Bhudia,22,146.67
RM Patidar,22,122.22
PKD Chase,22,66.67
Shamim Hossain,22,57.89
Mohammad Salman,22,55.0
S Bhari,22,42.31
E Mbofana,22,39.29
JM Cox,22,38.6
Mosharraf Hossain,22,34.38
O Thomas,22,28.21
BP Nash,21,100.0
BA Langston,21,95.45
JP Behrendorff,21,91.3
AC Cummins,21,91.3
EC Perry,21,75.0
AB Dinda,21,55.26
J Patraj,21,43.75
CJ Metcalfe,21,38.89
E Otieno,21,36.84
LR Naylor,20,95.24
S Nisansala,20,90.91
MR Johnson,20,86.96
HGV Vare,20,64.52
JA Simpson,20,62.5
L Rajadurai,20,37.74
AF Sattaur,20,31.75
C Viljoen,19,82.61
AG Wharf,19,65.52
GP Tom,19,55.88
S Jyoti,19,44.19
LR Johnson,19,29.23
Tanvir Ahmed,18,150.0
SG Borthwick,18,112.5
TL Chivanga,18,85.71
S Khiaoto,18,75.0
SSB Magala,18,72.0
CC Dalton,18,66.67
Jamaluddin Ahmed,18,58.06
I Wardlaw,18,54.55
W Sutherland,18,54.55
TCB Fernando,18,46.15
K Whatham,18,41.86
Sultan Ahmed,18,40.91
DI Allan,18,37.5
SI Kamea,18,32.73
Skhawat Ali,18,30.0
R MacDonald-Gay,17,121.43
SDNS Karunaratne,17,121.43
JA Clarkson,17,70.83
Waqar Younis,17,68.0
CP Jack,17,65.38
J Sharma,17,51.52
Saqlain Mushtaq,17,43.59
OO Bascome,17,36.17
B Shikongo,17,31.48
SP Terry,16,88.89
Ankur Sharma,16,51.61
SJ Andrews,16,44.44
JH Desai,16,42.11
Nuzhat Tasnia,16,37.21
N Ifill,16,36.36
F Walters,16,33.33
SK Dolawatte,16,28.57
MM Iqbal,16,27.59
SE Aley,15,187.5
IECM Wong,15,166.67
Zafar Gohar,15,100.0
SA Millanta,15,78.95
F Tunnicliffe,15,71.43
RD Steede,15,68.18
HM Watson,15,57.69
JB Reva,15,55.56
EMDY Munaweera,15,51.72
I Dulani,15,42.86
RM van Oosterom,15,39.47
AM McCarthy,15,36.59
J Post,15,28.85
HD Rutherford,15,26.79
ML Patel,15,24.59
G Chapple,14,200.0
Muhammad Jawadullah,14,93.33
A Valthapa,14,63.64
O Davidson,14,42.42
J Da Silva,14,40.0
MD du Preez,14,31.11
IPP Batuwitarachchi,14,27.45
FC Jonas,14,24.56
L Cheatle,13,100.0
NK Crafton,13,76.47
HHC Gunaratne,13,65.0
GM Harris,13,59.09
OEG Baartman,13,54.17
RD Chahar,13,50.0
Usman Salahuddin,13,46.43
D Joseph,13,40.62
AA Shafique,13,39.39
I van der Woning,13,37.14
MC Patel,13,37.14
MMA Jonkman,13,34.21
FR Davies,13,30.95
HIS Mendis,13,26.0
TW Hartley,12,133.33
TS Nethula,12,109.09
GI Maiden,12,85.71
S Daniel,12,41.38
HRA Rainey,12,34.29
AH Maqsood,12,33.33
S Dhamala,12,30.0
NS Poonia,12,28.57
MM Penfold,12,23.08
AJ Ireland,12,18.75
SC Kuggeleijn,11,183.33
SV Bahutule,11,84.62
Javeria Rauf,11,68.75
S Siegers,11,57.89
Saad Ali,11,47.83
MG Neser,11,37.93
L Wood,10,100.0
A Ashok,10,83.33
GC Tonge,10,62.5
Mukesh Kumar,10,58.82
RS Vandort,10,58.82
JW Ogle-Thomas,10,58.82
Ansh Tandon,10,55.56
SW Currie,10,52.63
RO Hussain,10,50.0
W Jaffer,10,43.48
A Martin,10,34.48
T Muzarabani,10,31.25
TR Ambrose,10,29.41
MA Aponso,10,22.22
R Slater,9,90.0
Zahid Mahmood,9,75.0
VB van Jaarsveld,9,56.25
HR Johnson,9,42.86
Ethan D'Souza,9,42.86
BJ Currie,9,40.91
F Kasteni,9,37.5
H Shah,9,36.0
Lovepreet Singh,9,34.62
D Murphy,9,32.14
KE Broadmore,9,26.47
Faisal Athar,9,23.08
C Abel,9,19.15
Rashid Zia,9,15.52
Mrittunjoy Chowdhury,8,72.73
ADJ Pitcher,8,66.67
BP Kruger,8,66.67
JI de Villiers,8,50.0
SJ Elliott,8,50.0
KK Ahmed,8,47.06
CA Reid,8,44.44
RO Hinds,8,42.11
SB Bangar,8,42.11
Dilara Akter,8,42.11
NJ Coffey,8,40.0
H Davids,8,32.0
PY Lavine,8,30.77
KH Butt,8,27.59
R Ntozakhe,8,26.67
RH Scholte,8,25.81
SKW Kelly,7,140.0
DSK Madushanka,7,116.67
GA Manou,7,116.67
DG Blampied,7,53.85
N Rana,7,50.0
Shawaal Zulfiqar,7,46.67
J Glasgow,7,41.18
Naved Latif,7,41.18
V Shetty,7,41.18
Zeeshan Siddiqi,7,33.33
Hasibul Hossain,7,30.43
NA Rock,7,28.0
ADR Campbell,7,28.0
D Prins,7,17.5
S Dhakal,7,15.91
NA Statham,7,15.56
CR Foggo,6,120.0
SO Dowrich,6,75.0
MJ Humphreys,6,66.67
MT Chinouya,6,66.67
M Commins,6,46.15
SR Thadani,6,46.15
TJG Pringle,6,42.86
J Logtenberg,6,40.0
JE Dunford,6,35.29
MJ North,6,31.58
MQ Sheikh,6,28.57
AK Peters,6,20.69
Joginder Sharma,5,250.0
RT Lyons,5,166.67
Naumanullah,5,125.0
MKDI Amerasinghe,5,71.43
RT Crandon,5,55.56
Jubair Hossain,5,50.0
NA Moodley,5,50.0
Aijaz Ali,5,45.45
RK Whelan,5,41.67
MJ Fourie,5,38.46
N Fernandes,5,38.46
SG Whittingham,5,33.33
W O'Rourke,5,33.33
JN Hamilton,5,31.25
Tanbir Hayder,5,29.41
N Kruger,5,25.0
K Sonavale,5,17.24
P Roy,5,14.71
CK Hooper,4,133.33
A van der Merwe,4,100.0
H Graham,4,80.0
Nahid Rana,4,80.0
Kaynat Hafeez,4,66.67
T Gwandu,4,50.0
Talha Jubair,4,50.0
S Immadi,4,44.44
HAPW Jayawardene,4,40.0
SD Heazlett,4,36.36
Sania Khan,4,33.33
RW Staple,4,30.77
A Munisar,4,30.77
BB Seebaran,4,28.57
H Durham,4,28.57
Rony Talukdar,4,26.67
Sufyan Mehmood,4,25.0
MWA van Nierop,4,25.0
Muhammad Farooq,4,25.0
Z Groenewald,4,21.05
VAB Tewarie,4,18.18
PLS Gamage,4,14.81
HL Baker,3,100.0
Pankaj Singh,3,100.0
S Sriram,3,60.0
A le Breton,3,50.0
DOD Rikhi,3,50.0
J Yadav,3,42.86
PT Collins,3,30.0
D Soraine,3,30.0
B Siddharth,3,30.0
KA Blackwell,3,27.27
D Gamage,3,27.27
HML Madushani,3,20.0
KHRK Fernando,3,20.0
O Chare,3,16.67
Ebadat Hossain,3,16.67
Sagar Pun,3,15.0
CK Kruger,3,14.29
A Shamshudeen,3,10.0
K Kamyuka,2,100.0
K Gowtham,2,66.67
C Prathyusha,2,66.67
RJ Rolls,2,50.0
LJ Hamilton,2,50.0
KR Sen,2,50.0
JA Turner,2,40.0
KC Hodsoll,2,33.33
JN Rhodes,2,33.33
U Thimashini,2,33.33
GH O'Brien,2,33.33
Z Mali,2,28.57
JNK Shannon,2,25.0
BR Dorey,2,22.22
D Lakshan,2,22.22
Fahad Nawaz,2,20.0
JM Willathgamuwa,2,20.0
Umran Malik,2,18.18
PG Gillespie,2,18.18
Akhil Kumar,2,18.18
Tareq Aziz,2,18.18
PA Desai,2,16.67
KL Rolton,2,16.67
RA Lewis,2,15.38
Hussain Talat,2,14.29
HE Whelan,2,12.5
J Pashley,2,11.76
M Prasidh Krishna,2,11.11
SC Meaker,2,11.11
Nasir Javed,2,10.0
HWR Cartwright,2,8.7
GJ McCarter,1,100.0
G Onions,1,50.0
JW Wilson,1,50.0
LE Milliken,1,33.33
Alawi Shukri,1,33.33
G Fontenla,1,33.33
Tharika Sewwandi,1,33.33
Khaled Ahmed,1,25.0
Zakir Hasan,1,20.0
LC Romero,1,14.29
EJB Miles,1,14.29
Omid Shafi Rahman,1,14.29
RR Ramdass,1,11.11
NV Ojha,1,11.11
K Mahato,1,10.0
W Mwayenga,1,9.09
Jannatul Ferdus,1,7.69
AD Janakanthymala,1,6.67
CM Beggs,1,6.25
Moniruzzaman,1,5.0
MT Herbert,1,4.55
SD Udal,0,0.0
RA Rolfe,0,0.0
PHT Kaushal,0,0.0
D Foxcroft,0,0.0
Fazle Mahmud,0,0.0
V Buruka,0,0.0
Fariha Trisna,0,0.0
R Walters,0,0.0
DL Blake,0,0.0
F Hand,0,0.0
JS Ababu,0,0.0
TJ Bishop,0,0.0
AG Puttick,0,0.0
VCE Wattenberg,0,0.0
LM Hoitink,0,0.0
K Phillip,0,0.0
MF Fahey,0,0.0
AL Watkins,0,0.0
SI Galagedara,0,0.0
OC McCoy,0,0.0
GA Guy,0,0.0
APS Lakshika,0,0.0
Melanie Ani,0,0.0
Shahbaz Ahmed,0,0.0
Raza Hasan,0,0.0
A Chopra,0,0.0
SK Naidu,0,0.0
JA Whelan,0,0.0
JC Carroll,0,0.0
Sumaiya Akter,0,0.0
KL Tucker,0,0.0
Pooja Ganesh,0,0.0
CK Holder,0,0.0
S Lackay,0,0.0
Sufiyan Muqeem,0,0.0
Simandeep Singh,0,0.0
Shathira Jakir,0,0.0
Sultana Yesmin,0,0.0
C Sakariya,0,0.0
Shahriar Hossain,0,0.0
Salman Faris,0,0.0
Haseebullah Khan,0,0.0
Syeda Aroob Shah,0,0.0
