player_name,Total_Runs,POM_Awards
V Kohli,13784,41
AB de Villiers,9435,26
KC Sangakkara,11618,26
TM Dilshan,9212,24
RG Sharma,10646,23
MJ Guptill,7125,22
MS Dhoni,10274,20
Yuvraj Singh,6868,20
Q de Kock,6661,19
Mohammad Hafeez,6351,19
RT Ponting,6979,17
EA Perry,3356,16
LRPL Taylor,8126,16
DA Warner,6623,16
HM Amla,7834,16
SR Tendulkar,6432,16
SR Watson,5357,15
V Sehwag,5692,15
ST Jayasuriya,4402,14
CH Gayle,6433,13
Tamim Iqbal,7648,13
AC Gilchrist,4355,13
Babar Azam,5659,13
JC Buttler,5018,13
JJ Roy,4237,12
EJG Morgan,6953,12
MN Samuels,4205,12
DPMD Jayawardene,8040,12
MM Lanning,3555,11
SK Raina,5585,11
JM Bairstow,3671,11
WU Tharanga,6482,11
G Gambhir,4981,11
SPD Smith,5549,11
MEK Hussey,5076,11
GJ Maxwell,3655,11
S Mandhana,3526,11
S Dhawan,6733,11
TT Beaumont,3936,10
PD Collingwood,4132,10
MJ Clarke,6988,10
Younis Khan,4777,10
HK Matthews,2327,10
F du Plessis,5445,9
Fakhar Zaman,3434,9
AD Mathews,5646,9
IR Bell,5289,9
DJ Bravo,2760,9
HH Gibbs,3766,9
Mushfiqur Rahim,7094,9
SD Hope,4989,9
A Flintoff,2096,9
Abdul Razzaq,2327,9
Mashrafe Mortaza,1304,9
KP Pietersen,4202,9
TWM Latham,4019,8
MR Marsh,2762,8
AC Jayangani,2760,8
HC Knight,3158,8
M Kapp,2195,8
AJ Healy,2759,8
SFM Devine,2796,8
AJ Strauss,3729,7
Misbah-ul-Haq,4752,7
SL Malinga,508,7
AJ Finch,5188,7
JP Duminy,4928,7
HH Dippenaar,1283,7
S Chanderpaul,3804,7
TM Head,2645,7
H Klaasen,1977,7
S Ismail,273,7
AN Cook,3204,7
PR Stirling,3338,7
M du Preez,2223,7
Ahmed Shehzad,2555,6
MJ Henry,268,6
Umar Akmal,3032,6
DW Steyn,365,6
E Chigumbura,3266,6
CR Ervine,2770,6
MG Johnson,934,6
MF Maharoof,799,6
MD Patel,1792,6
SJ Taylor,1651,6
M Raj,2949,6
BKG Mendis,3838,6
RR Sarwan,3717,6
L Wolvaardt,3992,6
L Lee,2516,6
LD Chandimal,3657,6
SW Bates,3245,6
SP Narine,363,6
WIA Fernando,1404,6
NE Bolton,1443,6
MG Erasmus,1810,5
SP Fleming,2133,5
Soumya Sarkar,2044,5
MM Ali,2278,5
BB McCullum,5157,5
JO Holder,2144,5
R Dravid,3650,5
Sarfraz Ahmed,2289,5
CS MacLeod,2015,5
DR Martyn,2239,5
WA Young,1426,5
Aasif Sheikh,1423,5
Salman Butt,2186,5
Mehedi Hasan Miraz,1188,5
NJ Astle,1571,5
IK Pathan,1226,5
AE Satterthwaite,2895,5
EC Joyce,1845,5
RS Bopara,2689,5
WTS Porterfield,2670,5
AD Russell,1034,5
RL Haynes,1966,5
RK Paudel,1629,5
AD Hales,2330,5
Kuldeep Yadav,195,5
AM Rahane,2906,5
MDKJ Perera,3077,5
ML Hayden,3939,5
SC Ganguly,2409,5
Sidra Ameen,1595,5
DJG Sammy,1853,5
Imrul Kayes,2242,4
Imran Tahir,157,4
CM Edwards,1054,4
BA King,1306,4
CL Tryon,1440,4
SE Marsh,2622,4
S Lamichhane,440,4
Asif Khan,1155,4
MP O'Dowd,1682,4
KJ O'Brien,1990,4
Liton Das,2178,4
BL Mooney,2433,4
P Litchfield,895,4
L Vincent,1089,4
HH Pandya,1762,4
RD Berrington,2292,4
SS Iyer,2396,4
GJ Bailey,3011,4
AE Jones,2071,4
DJ Malan,1418,4
DA Miller,4466,4
Yousuf Youhana,1740,4
M van Lingen,1300,4
Yasir Hameed,1459,4
ME Trescothick,1997,4
Mahmudullah,5127,4
Kamran Akmal,2746,4
WD Parnell,574,4
A Balbirnie,2438,4
KA Pollard,2608,4
Shubman Gill,2328,4
Rohan Mustafa,1401,4
SO Hetmyer,1410,4
E Lewis,1903,4
DJS Dottin,1679,4
A Gardner,1175,4
BRM Taylor,5130,4
PWH de Silva,859,4
WPUJC Vaas,569,4
KL Rahul,2761,4
DN Wyatt,1680,4
H Thaker,612,4
Karan KC,457,4
BJ McMullen,888,3
CA Ingram,761,3
T Taibu,2837,3
MH Cross,1675,3
T Chetty,1414,3
SA Edwards,1504,3
NW Bracken,174,3
DP Conway,1226,3
CL White,2053,3
Babar Hayat,539,3
KM Jadhav,1318,3
DR Smith,1261,3
Haris Rauf,70,3
BJ Haddin,3003,3
G Singh,938,3
UT Khawaja,1539,3
R Ashwin,707,3
Aayan Afzal Khan,585,3
AT Rayudu,1637,3
N Chantam,473,3
MS Wade,1792,3
JM How,939,3
PG Fulton,1216,3
MA Leask,1306,3
KAJ Roach,308,3
JWA Taylor,879,3
JN Frylinck,615,3
JA Morkel,705,3
Shahriar Nafees,1216,3
LL Tsotsobe,58,3
K Bhurtel,1182,3
JD Ryder,1242,3
AC Kerr,1854,3
ML Green,1407,3
HE van der Dussen,2388,3
S Luus,2080,3
H Masakadza,3955,3
Nasir Jamshed,1418,3
IJL Trott,2819,3
PG Raut,1436,3
JM Davison,443,3
KIC Asalanka,1810,3
Imam-ul-Haq,2840,3
Inzamam-ul-Haq,1916,3
S Horley,276,3
MS Atapattu,1978,3
Gulsan Jha,625,3
DM Bravo,3007,3
J Charles,1544,3
KJ Coetzer,2280,3
M Mupachikwa,376,2
CJ Jordan,184,2
M Labuschagne,1764,2
M Klaas,103,2
O Thomas,22,2
GB Brent,192,2
HDRL Thirimanne,3164,2
GH Lewis,1348,2
DN Wellalage,285,2
MD Gunathilaka,1592,2
H Deol,561,2
Sohag Gazi,182,2
Kashif Daud,282,2
T Bavuma,1548,2
HC Brook,653,2
Nazmul Hossain Shanto,1165,2
GO Jones,715,2
Shoaib Khan,843,2
Nigar Sultana,927,2
SI Mahmood,84,2
CJA Amini,952,2
Sharmin Akhter,643,2
SIR Dunkley,789,2
PJ Hughes,826,2
Shakeel Ahmed,69,2
Nida Dar,1171,2
AC Voges,798,2
A Nehra,90,2
JI Rodrigues,1051,2
A Mohammed,232,2
RS Morton,1205,2
SSB Magala,18,2
AJ Blackwell,953,2
A Khaka,108,2
S Bau,874,2
LMP Simmons,1958,2
R Rampaul,338,2
N de Klerk,589,2
A Bosch,355,2
SSJ Brooks,842,2
V Aravind,1843,2
AR Adams,165,2
MV Boucher,2617,2
R Trumpelmann,350,2
JR Hopes,1326,2
Waseem Muhammad,1398,2
Jatinder Singh,1356,2
YK Pathan,810,2
N Chaiwai,244,2
Javeria Khan,1408,2
P Nissanka,1810,2
Vikramjit Singh,1190,2
JL Jonassen,533,2
JN Malan,958,2
Mohammad Yousuf,2783,2
JN Loftie-Eaton,796,2
RN ten Doeschate,594,2
V Sibanda,2125,2
Mohammad Nawaz,173,2
RP Singh,135,2
RR Hendricks,930,2
VVS Laxman,828,2
Pratika Rawal,444,2
Fatima Sana,484,2
TM Odoyo,830,2
SM Sharif,492,2
Pargat Singh,722,2
DS Airee,861,2
BM Scholtz,251,2
Haris Sohail,1709,2
IDR Bradshaw,259,2
SW Tait,25,2
Bismah Maroof,1938,2
C Brits,292,2
C Green,626,2
LS Greenway,732,2
HM Nicholls,2116,2
HJH Marshall,661,2
CA Soper,653,2
OA Shah,1579,2
S Samarawickrama,1073,2
MDT Kamini,353,2
Aarif Sheikh,1032,2
S Dhaniram,281,2
UDU Chandana,260,2
Aftab Ahmed,1061,2
MS Chapman,684,2
Anamul Haque,1322,2
NJ O'Brien,1692,2
AT Carey,1978,2
MP Vaughan,1382,2
SV Samson,510,2
TT Samaraweera,669,2
MM Patel,74,2
G Kodali,46,1
LA Marsh,264,1
FDM Karunaratne,1044,1
FH Allen,582,1
P Vastrakar,579,1
SMSM Senanayake,290,1
SM Davies,244,1
L Siaka,749,1
SK Patel,278,1
Fargana Hoque,1275,1
L Ronchi,1397,1
IA Karim,196,1
KJ Martin,1161,1
Imran Farhat,1232,1
Imran Nazir,531,1
KH Prajapati,996,1
Ishan Kishan,886,1
R Chopra,260,1
R Gunasekera,255,1
Rumana Ahmed,346,1
J Mubarak,531,1
J Nkomo,354,1
KD Karthik,1624,1
Rameez Shahzad,848,1
R Powell,915,1
SR Mukkamalla,711,1
JAD Lawrenson,177,1
JD Campbell,248,1
JDF Vandersay,112,1
JDS Neesham,1508,1
JE Cameron,452,1
JF Kloppenburg,149,1
JH Davey,193,1
RR Rossouw,1239,1
JJ Smit,839,1
RR Pant,871,1
JM Vince,590,1
JN Mohammed,621,1
RD Rickelton,188,1
JP Bray,234,1
RM Haq,181,1
R Rijke,238,1
GC Wilson,1232,1
GD Phillips,710,1
L Klusener,163,1
SJ Myburgh,347,1
SJ Modani,898,1
L Goodall,817,1
Kushal Malla,756,1
GR Codrington,80,1
Khushdil Shah,200,1
GT Main,82,1
PJ Moor,520,1
SF Mire,729,1
SE Rutherford,497,1
PL Mommsen,601,1
I Udana,227,1
HHC Gunaratne,13,1
KW Richardson,75,1
PP Shaw,189,1
HM Rowe,332,1
HMD Rasangika,232,1
SA Campbelle,1167,1
HN Ya France,237,1
PS Punia,273,1
S Sreesanth,44,1
S Randiv,280,1
Hasan Mahmud,37,1
S Nitschke,81,1
S Nisansala,20,1
S Molineux,64,1
I Toua,41,1
HG Munsey,1675,1
CB Wishart,361,1
MG Bevan,755,1
CA Henry,537,1
T Stubbs,218,1
N Vanua,769,1
T de Zorzi,381,1
A Hunter,776,1
TB Sole,38,1
A Neill,29,1
AJ Turner,192,1
C Kieswetter,985,1
TD Paine,861,1
MJ Cosgrove,78,1
AK Sah,320,1
A Codrington,33,1
AL Phehlukwayo,827,1
BT Foakes,61,1
TBM de Leede,113,1
A Ndiraya,428,1
A Nao,54,1
CMG Atkins,117,1
N Pooran,1829,1
CM McBride,386,1
MD Shanaka,1153,1
CK Kapugedera,1505,1
CK Coventry,645,1
AH Maqsood,12,1
A Martin,10,1
CJ Ferguson,663,1
AG Prince,761,1
AG Wharf,19,1
CJ Chibhabha,1987,1
ME Bouchier,482,1
CG Williams,427,1
AGS Gous,157,1
T Mishra,395,1
NC Dodd,145,1
Azhar Ali,1806,1
AR Nurse,454,1
MO Odumbe,324,1
MP Stoinis,1489,1
Tanzim Hasan Sakib,95,1
Arshdeep Singh,37,1
AR Odedara,126,1
Taufeeq Umar,262,1
NT Broom,919,1
AR Patel,568,1
Towhid Hridoy,759,1
MR Meshram,322,1
Agha Salman,637,1
Afif Hossain,548,1
Adnan Mufti,328,1
Abid Ali,234,1
ARI Umeed,138,1
AT Nidamanuru,713,1
Aliya Riaz,1207,1
TK Curran,303,1
NS Dhaliwal,295,1
MJ Prior,1229,1
MK Pandey,558,1
MK Tiwary,287,1
BMAJ Mendis,593,1
AM Peterson,167,1
BJ Hodge,516,1
MN Waller,1039,1
BC Lara,1878,1
NR Kirton,483,1
TP Ura,1196,1
TS Chisoro,109,1
MM English,107,1
B Sharki,703,1
AR Caddick,64,1
B Muzarabani,114,1
AR Cusack,264,1
BJ Currie,9,1
LR Down,486,1
Mosaddek Hossain,524,1
N Dickwella,1604,1
P Khadka,252,1
LV van Beek,505,1
DNT Zoysa,36,1
DM Kimmince,37,1
D Ramdin,2072,1
VS Solanki,829,1
DJ Hussey,1672,1
M Kaif,1314,1
Mohammad Rizwan,2254,1
Sandeep Goud,535,1
M Kartik,102,1
Saud Shakeel,283,1
O Prendergast,821,1
OV Anderson,46,1
WW Hinds,1066,1
F Behardien,1074,1
A Bagai,614,1
Murshida Khatun,429,1
LM Kasperek,148,1
EL Lamb,396,1
Wasim Akram,71,1
DS Smith,973,1
EJ Villani,468,1
E Otieno,21,1
YH Bhatia,666,1
STR Binny,230,1
N Deonarine,546,1
LPC Silva,1279,1
DT Johnston,361,1
SW Ambris,473,1
WG Jacks,468,1
MA Vermeulen,517,1
A Sharma,323,1
A Steyn,781,1
Simi Singh,406,1
Nasum Ahmed,156,1
M Vijay,339,1
D Gough,137,1
A Vala,1783,1
CR Pagydyala,136,1
Sompal Kami,621,1
CP Rizwan,901,1
Shamsur Rahman,266,1
AC Agar,322,1
A Rawat,153,1
Chirag Suri,924,1
M Musonda,262,1
AA Jangoo,104,1
M Prasidh Krishna,2,1
V Sukumaran,194,1
T Brits,786,1
N Niranjana,24,0
NB Mahwire,40,0
RC Irani,67,0
RD Steede,15,0
RJ Peterson,523,0
RH Scholte,8,0
N Rana,7,0
N Davin,88,0
N Mlaba,40,0
RA Lewis,2,0
RA Rolfe,0,0
R Klein,38,0
NA de Groot,44,0
R Kanoh,100,0
RH Priest,661,0
N Boochatham,64,0
N M'shangwe,38,0
N Ifill,16,0
R Stokell,247,0
RD Jacobs,142,0
R Walters,0,0
N Vare,138,0
R Slater,9,0
RD Gaikwad,115,0
N Hussain,127,0
NA Greenwood,35,0
RA Jones,96,0
N Gwanzura,74,0
R Ntozakhe,8,0
NA Rock,7,0
RD McCann,23,0
N Shangase,38,0
N Koncharoenkai,120,0
R Mutumbami,319,0
R Murray,108,0
N Dutta,70,0
R Malhotra,118,0
RD Chahar,13,0
RD Shah,407,0
NA Moodley,5,0
R MacDonald-Gay,17,0
N Kruger,5,0
NA Statham,7,0
N Fernandes,5,0
OC McCoy,0,0
PD Salt,866,0
O Kamchomphu,35,0
O Davidson,14,0
PG Gillespie,2,0
O Chare,3,0
O Bell,32,0
PHT Kaushal,0,0
Nuzhat Tasnia,16,0
RJ Rolls,2,0
Nurul Hasan,165,0
Nizakat Khan,508,0
Nestor Dhamba,23,0
Nazimuddin,147,0
PJ Ingram,193,0
Naved Latif,7,0
Naumanullah,5,0
PJ Ongondo,150,0
Natalia Pervaiz,70,0
PJ Scholfield,59,0
PJ Forrest,368,0
P Siaka,160,0
P Roy,5,0
P Mustard,219,0
PA Browne,134,0
P Mujaji,86,0
PA Chatterji,123,0
PA Desai,2,0
P Molkenboer,135,0
PA Jaques,123,0
OEG Baartman,13,0
P Maya,53,0
P Marange,125,0
PA Patel,693,0
PA de Silva,390,0
PARP Perera,33,0
Omid Shafi Rahman,1,0
PBB Rajapaksa,89,0
OO Bascome,17,0
PD McGlashan,63,0
OL Pitcher,28,0
PA Nixon,297,0
PW Borren,413,0
NS Poonia,12,0
NRJ Croes,207,0
PY Lavine,8,0
Pankaj Singh,3,0
NR Kumar,177,0
Pooja Ganesh,0,0
NND de Silva,703,0
NK Crafton,13,0
Nasir Javed,2,0
NJ Coffey,8,0
NJ Carey,136,0
NG Smith,26,0
NFI McCallum,233,0
NE Farrant,41,0
NE Bonner,85,0
Qaiser Ali,38,0
Qanita Jalil,32,0
ND McKenzie,182,0
R Boyce,30,0
Q Joseph,179,0
PJC Hoffmann,30,0
PKD Chase,22,0
Nashra Sandhu,89,0
Naseem Khushi,360,0
Najiha Alvi,170,0
PLS Gamage,4,0
PM Liyanagamage,28,0
PM Weerakkody,638,0
Nain Abidi,521,0
Nahida Khan,1121,0
PT Collins,3,0
PP Ojha,46,0
Nahid Rana,4,0
PRCS Kumarihami,283,0
Nafees Iqbal,128,0
PRP Boissevain,33,0
NY McLean,231,0
NV Ojha,1,0
PS Athavale,103,0
NV Knight,339,0
PSP Handscomb,632,0
PP Chawla,38,0
T Suri,78,0
T Ruma,232,0
T Putthawong,31,0
T Muzarabani,10,0
T Mupariwa,87,0
T Munyonga,92,0
T Marumani,214,0
Musa Ahmed,238,0
T Kamungozi,25,0
T Kaitano,157,0
T Gwandu,4,0
T Granger,38,0
T Duffin,224,0
T Bhatia,138,0
T Banton,134,0
Syeda Aroob Shah,0,0
T Maruma,122,0
TM Dowlin,228,0
TLW Cooper,576,0
TL Seifert,33,0
TL Chivanga,18,0
TL Best,72,0
TK Patel,71,0
TK Musakanda,210,0
TJG Pringle,6,0
TA Blundell,266,0
TJ Friend,132,0
TJ Bishop,0,0
TH David,45,0
TG Norris,59,0
TD Smartt,40,0
TCB Fernando,18,0
TC Bastiampillai,89,0
TB Robinson,48,0
TJ Heggelman,23,0
Shariz Ahmad,159,0
Shan Masood,163,0
Shamima Sultana,304,0
Shamim Hossain,22,0
Shaiman Anwar,947,0
Shaila Sharmin,59,0
Shahzaib Hasan,100,0
Shahriar Hossain,0,0
Syed Rasel,76,0
Shahid Ahmadzai,26,0
Shahbaz Ahmed,0,0
Shafali Verma,644,0
Saqlain Mushtaq,17,0
Saqlain Haider,30,0
Sanjida Islam,93,0
Sania Khan,4,0
Sana Javed,68,0
Shahid Wasif,60,0
Suraj Kumar,392,0
Sumaiya Akter,0,0
Sultana Yesmin,0,0
Sultan Ahmed,18,0
Sufyan Mehmood,4,0
Sufiyan Muqeem,0,0
Steven Ryan Taylor,46,0
Skhawat Ali,18,0
Sharjeel Khan,787,0
Sidra Nawaz,325,0
Shuvagata Hom,70,0
Shorna Akter,147,0
Shoriful Islam,91,0
Shayan Jahangir,497,0
Shawaal Zulfiqar,7,0
Shathira Jakir,0,0
Sharmin Sultana,67,0
Simandeep Singh,0,0
A Sharafu,257,0
A Shamshudeen,3,0
A Saud,189,0
A Patel,25,0
A Munisar,4,0
A Minny,106,0
A Mazvishaya,54,0
A Maregwede,108,0
TMK Mawoyo,58,0
A Kolan,155,0
A Johnson,438,0
VR Iyer,24,0
A Flower,332,0
A Chopra,0,0
A Capsey,283,0
V Krishnamurthy,410,0
V Buruka,0,0
A Lister,80,0
WP Saha,41,0
WP Masakadza,204,0
WK McCallan,101,0
WB Rankin,78,0
WA Agar,50,0
W Sutherland,18,0
W O'Rourke,5,0
W Mwayenga,1,0
Waheed Ahmed,73,0
W Barresi,820,0
VV Morea,142,0
VR Vanitha,50,0
XM Marshall,379,0
VCE Wattenberg,0,0
VB van Jaarsveld,9,0
VAB Tewarie,4,0
V Shetty,7,0
W Jaffer,10,0
Tanvir Ahmed,18,0
Tanbir Hayder,5,0
Talha Jubair,4,0
Tabarak Dar,45,0
TW Hartley,12,0
TV Mufambisi,45,0
TT Bresnan,871,0
TSS Mackintosh,169,0
V Araa,71,0
TS Roland-Jones,37,0
TS Nethula,12,0
TS Kamunhukamwe,131,0
TS Hasabnis,140,0
TR Ambrose,10,0
TP Visee,72,0
TN de Grooth,70,0
TMM Newton,38,0
TS Sekhukhune,24,0
Utkarsh Srivastava,75,0
Usman Salahuddin,13,0
Usman Limbada,123,0
Usama Mir,38,0
Umran Malik,2,0
Umar Amin,271,0
Umaima Sohail,670,0
UT Yadav,79,0
Tanzid Hasan,364,0
U Raymond-Hoey,74,0
U Bhatti,120,0
Tushar Imran,250,0
Tilak Varma,68,0
Tharika Sewwandi,1,0
Tayyab Tahir,57,0
Tasqeen Qadeer,48,0
Tareq Aziz,2,0
U Thimashini,2,0
S Lackay,0,0
S Khiaoto,18,0
S Jyoti,19,0
S Jora,56,0
S Jimmy,118,0
S Jafta,144,0
S Immadi,4,0
S Gajnabi,77,0
Sami Aslam,78,0
S Dhamala,12,0
S Dhakal,7,0
S Daniel,12,0
S Chattergoon,281,0
S Bhari,22,0
S Badrinath,79,0
Rony Talukdar,4,0
Raza-ur-Rehman,174,0
S Forbes,175,0
SA Wijeratne,191,0
SA Millanta,15,0
SA Fritz,28,0
SA Engelbrecht,327,0
S Verma,135,0
S Tippoch,89,0
S Thuraisingam,26,0
S Sriram,3,0
S Laomi,61,0
S Siegers,11,0
S Rana,184,0
S Prasanna,421,0
S Naik,25,0
S Movva,324,0
S Mostary,224,0
S Meghana,114,0
S Matsikenyeri,1309,0
S Sriharsha,200,0
RP Lefebvre,43,0
RP Arnold,1039,0
RP Alexander,34,0
RO Hussain,10,0
RO Hinds,8,0
RN Bhatia,51,0
RMVD Gunaratne,401,0
RML Taylor,105,0
Raza Hasan,0,0
RM Patidar,22,0
RM Jariwala,30,0
RM Ghosh,690,0
RL Bhudia,22,0
RK Whelan,5,0
RK Singh,55,0
RK Kleinveldt,105,0
RJ Trott,95,0
RM van Oosterom,15,0
Ravinderpal Singh,77,0
Rashid Zia,9,0
Rashid Latif,335,0
Raqibul Hasan,1177,0
Rabiya Shah,80,0
RWT Key,36,0
RW Staple,4,0
RW Sims,24,0
RR Ramdass,1,0
RV Uthappa,934,0
RTM Mendis,50,0
RT Lyons,5,0
RT Crandon,5,0
RS Williams,477,0
RS Vandort,10,0
RS Kaluwitharana,124,0
RS Gavaskar,93,0
RW Chakabva,1106,0
SS Tiwary,49,0
SS Pathirana,332,0
SS McKechnie,73,0
SRH Curtis,156,0
SR Waters,67,0
SR Thompson,178,0
SR Thadani,6,0
SR Hain,106,0
SA Yadav,773,0
SP Terry,16,0
SP Patil,153,0
SP Krishnamurthi,77,0
SP Khakurel,78,0
SO Tikolo,705,0
SO Dowrich,6,0
SMA Priyanjan,420,0
SM Warnapura,30,0
SP de Alwis,28,0
Salman Faris,0,0
Saleem Elahi,199,0
Sagar Pun,3,0
Saeed Anwar,218,0
Sadia Iqbal,28,0
Sadaf Shamas,262,0
Sabbir Rahman,1259,0
Saad Bin Zafar,217,0
SS Weerakkody,328,0
SZ Thakor,46,0
SW Poynter,74,0
SW Currie,10,0
SW Billings,690,0
SV Carlisle,110,0
SV Bahutule,11,0
ST Doheny,165,0
SSD Arachchige,89,0
Saad Ali,11,0
SI Galagedara,0,0
SHT Kandamby,827,0
SG Whittingham,5,0
SG Borthwick,18,0
SF Daley,141,0
SE Findlay,88,0
SE Aley,15,0
SDNS Karunaratne,17,0
SM Kavanagh,126,0
SD Outerbridge,72,0
SD Heazlett,4,0
SC Taylor,77,0
SC Meaker,2,0
SC Kuggeleijn,11,0
SC Joseph,77,0
SB Bangar,8,0
SACA King,126,0
SD Udal,0,0
SM Katich,1041,0
SM Benade,100,0
SL Stewart,26,0
SL Quintyne,117,0
SL Kalis,106,0
SKW Kelly,7,0
SK Naidu,0,0
SK Dolawatte,16,0
SI Kamea,18,0
SJ Tsukigawa,39,0
SJ Swanepoel,43,0
SJ McGlashan,160,0
SJ Massiah,23,0
SJ Elliott,8,0
SJ Bryce,171,0
SJ Baard,326,0
SJ Andrews,16,0
SK Atai,90,0
DC Thomas,238,0
DA Minors,104,0
DA Gunawardene,322,0
D la Cock,313,0
D Soraine,3,0
D Ravu,128,0
D Prins,7,0
D Parashar,58,0
LMM Tahuhu,340,0
D Murphy,9,0
D Langford-Smith,79,0
D Lakshan,2,0
D Khanal,329,0
D Keulder,132,0
D Joseph,13,0
D Hazell,109,0
D Ganga,152,0
D Gamage,3,0
D Myers,138,0
DR Brown,72,0
DP Hyatt,112,0
DOD Rikhi,3,0
DO Obuya,302,0
DO Leicher,32,0
DM Richards,179,0
DLS van Bunge,293,0
DL Blake,0,0
DD Ebrahim,555,0
DJ Mitchell,1616,0
DI Joyce,29,0
DI Allan,18,0
DG Brownlie,361,0
DG Blampied,7,0
DF Watts,130,0
DES Maxwell,54,0
DEM Carter,200,0
DE Budge,237,0
DJM Short,211,0
CNIM Joyce,228,0
CN Nation,831,0
CN Ackermann,326,0
CMW Read,156,0
CMA Shillington,179,0
CM Beggs,1,0
CKB Kulasekara,38,0
CK Kruger,3,0
D Foxcroft,0,0
CK Holder,0,0
CJO Smith,157,0
CJ Smith,27,0
CJ Nevin,83,0
CJ Metcalfe,21,0
CJ Bowes,99,0
CH van Koolwijk,25,0
CE Coulter Reilly,126,0
CD de Lange,65,0
CK Hooper,4,0
D Elgar,104,0
D Dhingra,237,0
D Devnarain,145,0
D Daesrath,31,0
D Cleaver,32,0
D Bishoo,164,0
D Bau,130,0
CW Perchard,31,0
CO Browne,144,0
CT Dhururu,140,0
CS Terblanche,38,0
CS Mugeri-Tiripano,280,0
CS Fraser,62,0
CS Baugh,382,0
CR Seneviratna,133,0
CR Foggo,6,0
CR Brathwaite,527,0
CP Jack,17,0
CT Mutombodzi,122,0
GC Tonge,10,0
GC Bhogle,82,0
GB Murgatroyd,90,0
GA Rogers,32,0
GA Manou,7,0
GA Guy,0,0
G Voll,173,0
G Toka,268,0
DR Chumney,219,0
G Onions,1,0
G Malla,753,0
G Kirsten,186,0
G Fontenla,1,0
G Chapple,14,0
Fazle Mahmud,0,0
Fayyaz Ahmed,41,0
Fariha Trisna,0,0
Faisal Iqbal,134,0
G Sultana,61,0
H Davids,8,0
H Carlyon,125,0
Ghulam Shabber,444,0
GWHM Perera,668,0
GS Ballance,454,0
GP Tom,19,0
GM Strydom,67,0
GM Harris,13,0
GE Plimmer,256,0
GM Ewing,77,0
GJ McCarter,1,0
GJ Hopkins,236,0
GJ Delany,217,0
GI Maiden,12,0
GH Worker,272,0
GH O'Brien,2,0
GF Linde,27,0
GEF Barnett,95,0
GM Hamilton,173,0
ES Szwarczynski,281,0
EN Lynch,115,0
EMDY Munaweera,15,0
EL Watson,50,0
EJB Miles,1,0
EC Rainsford,31,0
EC Perry,21,0
E Schiferli,79,0
Faisal Hossain,26,0
E Claridge,79,0
Dilara Akter,8,0
Diana Baig,262,0
Dhiman Ghosh,124,0
DT Christian,273,0
DSK Madushanka,7,0
DS Weerakkody,73,0
DS Bajwa,74,0
DR Mousley,69,0
E Mbofana,22,0
Faisal Athar,9,0
Fahad Nawaz,2,0
FY Fazal,55,0
FRJ Coleman,160,0
FR Davies,13,0
FL Reifer,86,0
FL Mackay,125,0
FC Wilson,412,0
Ebadat Hossain,3,0
F Walters,16,0
F Tunnicliffe,15,0
F Overdijk,224,0
F Mutizwa,183,0
F Kasteni,9,0
F Hand,0,0
Ethan D'Souza,9,0
Ehsanul Haque,28,0
Ehsan Adil,27,0
FC Jonas,14,0
AJ Tye,57,0
AJ Stewart,287,0
AJ Redmond,152,0
AJ Ireland,12,0
AJ Hosein,266,0
AI Chudasama,79,0
AG Puttick,0,0
AF Sattaur,20,0
CD Wallace,515,0
AF Buurman,26,0
AE Smith,45,0
ADS Fletcher,305,0
ADR Campbell,7,0
ADJ Pitcher,8,0
AD Poynter,65,0
AD Janakanthymala,1,0
AC Cummins,21,0
AC Botha,265,0
AF Giles,286,0
Aaditya Varadarajan,36,0
ASS Fletcher,282,0
AS van Beuge,68,0
AR White,301,0
AR Pitcher,30,0
AR Berenger,53,0
APS Lakshika,0,0
AN Petersen,498,0
AK Perera,52,0
AM Tribe,233,0
AM Samad,226,0
AM McCarthy,15,0
AM Hardie,134,0
AM Bacher,102,0
AL Watkins,0,0
AL Kandappah,97,0
AL Hodgkinson,121,0
AK Peters,6,0
AN Kervezee,110,0
ZE Surkari,127,0
ZE Green,686,0
Z Mali,2,0
Z James,89,0
Z Groenewald,4,0
Z Crawley,199,0
Yasir Arafat,64,0
Yasir Ali Chowdhury,101,0
AB Kaur,55,0
Y Venugopal Rao,161,0
Wasim Ali,26,0
Washington Sundar,315,0
Waqas Khan,52,0
Waqas Barkat,25,0
Waqar Younis,17,0
A Athanaze,306,0
A Ashok,10,0
A Aitken-Drummond,33,0
Y van der Westhuizen,23,0
AB Dinda,21,0
AB Barath,394,0
AAP Atkinson,63,0
AA Shafique,13,0
AA Paradkar,51,0
AA Obanda,487,0
AA Mulla,150,0
AA Deshpande,32,0
Zafar Gohar,15,0
A van der Merwe,4,0
A le Breton,3,0
A Valthapa,14,0
Zulfiqar Babar,35,0
Zubayr Hamza,56,0
Zeeshan Siddiqi,7,0
Zakir Hasan,1,0
Zahoor Khan,143,0
Zahid Mahmood,9,0
AA Alleyne,341,0
C Abel,9,0
Bilawal Bhatti,89,0
Batool Fatima,64,0
BYA Mendis,147,0
BR McDermott,223,0
BR Dorey,2,0
BP Nash,21,0
BP Kruger,8,0
Abdul Jabbar,59,0
BN Cooper,148,0
BMSM Kumari,99,0
BM Halliday,828,0
BM Duckett,700,0
BJ Watling,573,0
BJ Patel,118,0
BJ Bennett,71,0
BCJ Cutting,53,0
BB Seebaran,4,0
BOP Fernando,148,0
CD Cumming,42,0
CC Dalton,18,0
CAK Walton,53,0
CA Reid,8,0
CA Pujara,51,0
CA Lynn,75,0
C de Lange,103,0
C Zhuwao,154,0
C Carter,111,0
C Tear,237,0
C Sutthiruang,73,0
C Sakariya,0,0
C Prathyusha,2,0
C Munro,1249,0
C McAuslan,35,0
C Madande,251,0
C Jonker,31,0
C Hemraj,82,0
C Viljoen,19,0
Ayasha Rahman,122,0
Avesh Khan,23,0
Asmavia Iqbal,225,0
Asif Ali,375,0
Asad Shafiq,1312,0
Ansh Tandon,10,0
Ankur Sharma,16,0
Amjad Ali,249,0
BB Chari,186,0
Alawi Shukri,1,0
Al Sahariar,44,0
Akshay Homraj,159,0
Akram Khan,57,0
Akhil Kumar,2,0
Aijaz Ali,5,0
Adnan Akmal,62,0
Abdullah Shafique,554,0
Abdul Shakoor,34,0
Ali Naseer,396,0
BAM Heath,59,0
BA Parchment,107,0
BA Langston,21,0
B de Leede,289,0
B Zuiderent,178,0
B Ward,69,0
B Tau,123,0
B Siddharth,3,0
Ayesha Naseem,33,0
B Sai Sudharsan,127,0
B Leephatthana,30,0
B Fernando,26,0
B Evans,121,0
B Cooper,339,0
B Bhandari,265,0
B Bezuidenhout,266,0
Azhar Mahmood,126,0
Ayesha Zafar,407,0
B Shikongo,17,0
LK Ebsary,23,0
LJ Wright,707,0
LJ Poulton,25,0
LJ Hamilton,2,0
LHD Dilhara,49,0
LE Milliken,1,0
LE Bosman,301,0
LDVV Silva,34,0
H Durham,4,0
L Wood,10,0
L Winfield-Hill,294,0
L Winfield,564,0
L Tucker,657,0
L Tshuma,63,0
L Sreekumar,57,0
L Rajadurai,20,0
L Louwrens,535,0
L Jack,113,0
LC Romero,1,0
M Shumba,40,0
M McColl,80,0
M Mangru,30,0
M Levitt,196,0
M Karg,45,0
M Faisal,26,0
M Dillon,44,0
M De Ridder,45,0
LM Hoitink,0,0
M Bhanuka,140,0
Lovepreet Singh,9,0
Lata Mondal,170,0
LR Naylor,20,0
LR Johnson,19,0
LP van Troost,112,0
LN Rajbanshi,37,0
Zulqarnain Haider,48,0
LM Jongwe,315,0
M Commins,6,0
KP Meiyappan,163,0
KOA Powell,934,0
KO Otieno,250,0
KO Meth,49,0
KNM Fernando,107,0
KNA Bandara,141,0
KM Dabengwa,364,0
KL Tucker,0,0
L Cheatle,13,0
KK Nair,46,0
KK Ahmed,8,0
KJJ van Noortwijk,141,0
KHRK Fernando,3,0
KH Pandya,130,0
KH Butt,8,0
KED Carroll,28,0
KE Ebrahim,52,0
KE Bryce,301,0
KL Rolton,2,0
L Balaji,104,0
Kyshona A Knight,597,0
Kycia A Knight,699,0
Khurram Nawaz,26,0
Khurram Manzoor,206,0
Khalid Latif,147,0
Khalid Kail,117,0
Khaled Mashud,605,0
KR Sen,2,0
Kaynat Hafeez,4,0
Kaleem Sana,73,0
Kainat Imtiaz,115,0
Kabir Ali,54,0
KY Ottley,41,0
KV Jain,104,0
KU Carty,1000,0
KT Perkins,618,0
KS Lokuarachchi,164,0
Khaled Ahmed,1,0
Mohammad Boota,173,0
Mohammad Aadil Alam,70,0
Melanie Ani,0,0
Mehran Khan,66,0
Marina Iqbal,137,0
Mahedi Hasan,122,0
MWA van Nierop,4,0
MW Short,195,0
M Spoors,80,0
MV Waldron,290,0
MT Herbert,1,0
MT Chinouya,6,0
MS Sinclair,367,0
MS Panesar,26,0
MR Swart,59,0
MR Johnson,20,0
MR Aguilleira,323,0
MQ Sheikh,6,0
MW Machan,393,0
Muneeba Ali,948,0
Mukesh Kumar,10,0
Muhammad Usman,888,0
Muhammad Jawadullah,14,0
Muhammad Farooq,4,0
Mudassar Bukhari,126,0
Mrittunjoy Chowdhury,8,0
Mosharraf Hossain,22,0
Mohammad Haris,30,0
Mominul Haque,495,0
Moin Khan,274,0
Mohammad Wasim,80,0
Mohammad Salman,22,0
Mohammad Nawaz (3),193,0
Mohammad Naim,58,0
Mohammad Mithun,711,0
Mohammad Iqbal,33,0
Mohammad Hasnain,53,0
Moniruzzaman,1,0
MF Fahey,0,0
MDN Hansika,357,0
MDK Perera,152,0
MD du Preez,14,0
MD Dai,277,0
MC Patel,13,0
MC Henriques,117,0
MB Loye,142,0
MNK Fernando,75,0
MADD Surangika,642,0
MAA Sanjeewani,395,0
MA Ouma,468,0
MA Jones,385,0
MA Carberry,114,0
MA Aponso,10,0
M van Schoor,58,0
M van Jaarsveld,29,0
M Terblanche,80,0
MB Kruger,154,0
MN van Wyk,425,0
MMA Jonkman,13,0
MM Penfold,12,0
MM Iqbal,16,0
ML Udawatte,243,0
ML Patel,15,0
ML Nkala,125,0
MKDI Amerasinghe,5,0
MF Kendal,30,0
MJ North,6,0
MJ Lumb,165,0
MJ Humphreys,6,0
MJ Hay,59,0
MJ Fourie,5,0
MJ Bulow,50,0
MHW Papps,32,0
MH Yardy,326,0
MG Neser,11,0
MK Villiers,32,0
J Anderson,118,0
Irfan Khan,48,0
Iram Javed,216,0
Imad Wasim,937,0
IS Billcliff,223,0
IR James,51,0
IPP Batuwitarachchi,14,0
IM Vaghela,45,0
KE Broadmore,9,0
IH Romaine,175,0
IECM Wong,15,0
ID Blackwell,146,0
IC Gaze,176,0
I van der Woning,13,0
I Wardlaw,18,0
I Ranaweera,179,0
I Maraj,98,0
I Kaia,332,0
IJR Zwilling,145,0
J Smits,72,0
J Sharma,17,0
J Post,15,0
J Patraj,21,0
J Pashley,2,0
J Overton,32,0
J Louw,23,0
J Logtenberg,6,0
J Blackwood,23,0
J Jarvis,28,0
J Gumbie,379,0
J Gray,62,0
J Glasgow,7,0
J Fraser-McGurk,87,0
J Figy John,55,0
J Edness,119,0
J Da Silva,14,0
J Botha,594,0
J Kila,159,0
HJW Gardiner,142,0
HJ Thomas,59,0
HJ Armitage,78,0
HIS Mendis,13,0
HGV Vare,20,0
HE Whelan,2,0
HDRS Silva,25,0
HDPK Dharmasena,129,0
I Dulani,15,0
HD Rutherford,15,0
HASD Siriwardene,679,0
HAPW Jayawardene,4,0
H Shah,9,0
H Patel,176,0
H Madavi,729,0
H Karunaratne,190,0
H Hiri,435,0
H Graham,4,0
HDJ Siegers,105,0
Hussain Talat,2,0
Hasibul Hossain,7,0
Haseebullah Khan,0,0
Hannan Sarkar,280,0
Hamza Tariq,99,0
Hammad Mirza,58,0
Haider Ali,42,0
Habibul Bashar,926,0
HK Badani,135,0
HT Tector,1622,0
HS Modi,205,0
HRA Rainey,12,0
HR Johnson,9,0
HP Tillakaratne,332,0
HML Madushani,3,0
HM Watson,15,0
HM Tiffen,33,0
HL Baker,3,0
HWR Cartwright,2,0
K Frank,70,0
K Doriga,520,0
K Birkenstock,233,0
Junaid Siddique,1021,0
Jubair Hossain,5,0
Joginder Sharma,5,0
Javeria Rauf,11,0
Javed Omar,468,0
J Sumerauer,84,0
Jamaluddin Ahmed,18,0
Jaker Ali,113,0
Jahurul Islam,226,0
JWM Dalrymple,487,0
JW Wilson,1,0
JW Ogle-Thomas,10,0
JW Jenner,119,0
JV Harris,91,0
JS Ababu,0,0
Jannatul Ferdus,1,0
KDU Prabodhani,126,0
KDK Vithanage,75,0
KD Shah,112,0
KC Hodsoll,2,0
KA Hope,138,0
KA Edwards,331,0
KA Blackwell,3,0
K Zondo,146,0
K Fraser,152,0
K Weeraratne,120,0
K Verreynne,476,0
K Thomson,52,0
K Sonavale,5,0
K Phillip,0,0
K Mahato,1,0
K Klein,61,0
K Kamyuka,2,0
K Gowtham,2,0
K Whatham,18,0
JI de Villiers,8,0
JH Desai,16,0
JG Bethell,167,0
JF Mooney,610,0
JE Dunford,6,0
JC Carroll,0,0
JB Reva,15,0
JB Nero,31,0
JR Philippe,65,0
JA Whelan,0,0
JA Turner,2,0
JA Simpson,20,0
JA Rudolph,820,0
JA McCollum,178,0
JA Clarkson,17,0
JA Burns,146,0
J van Vliet,35,0
J Yadav,3,0
JAH Marshall,33,0
JP Maher,122,0
JP Kotze,316,0
JP Inglis,521,0
JP Greaves,79,0
JP Behrendorff,21,0
JO Troughton,36,0
JNT Vare,35,0
JNK Shannon,2,0
JN Rhodes,2,0
JJ Atkinson,84,0
JM Willathgamuwa,2,0
JM Kerr,232,0
JM Fields,215,0
JM Cox,22,0
JL Smith,133,0
JL Pattinson,41,0
JL Ontong,97,0
JL Denly,446,0
JJ Celestine,28,0
JN Hamilton,5,0
