player_name,Total_Wickets_Taken,Total_Overs_Bowled,Wickets_Per_Over
Mohammad Yousuf,1,1,1.0
SIR Dunkley,1,4,0.25
DC Thomas,2,9,0.2222222222222222
HE van der Dussen,1,6,0.16666666666666666
SD Outerbridge,1,6,0.16666666666666666
RK Singh,1,6,0.16666666666666666
K Sonavale,2,15,0.13333333333333333
JI Rodrigues,5,39,0.1282051282051282
K Kamyuka,5,47,0.10638297872340426
J Logtenberg,3,36,0.08333333333333333
TH David,1,12,0.08333333333333333
RL Haynes,2,24,0.08333333333333333
Sufiyan Muqeem,4,49,0.08163265306122448
DSK Madushanka,3,39,0.07692307692307693
NE Bolton,2,30,0.06666666666666667
DJ Malan,1,15,0.06666666666666667
S Horley,9,136,0.0661764705882353
IR Bell,6,92,0.06521739130434782
KD Shah,7,110,0.06363636363636363
C Viljoen,2,32,0.0625
KR Sen,2,33,0.06060606060606061
SC Kuggeleijn,5,87,0.05747126436781609
CD de Lange,15,264,0.056818181818181816
JL Ontong,1,18,0.05555555555555555
M du Preez,1,18,0.05555555555555555
L Vincent,1,18,0.05555555555555555
S Laomi,16,295,0.05423728813559322
MK Villiers,5,93,0.053763440860215055
S Sriram,3,56,0.05357142857142857
JA Clarkson,4,75,0.05333333333333334
G Singh,6,113,0.05309734513274336
P Molkenboer,1,19,0.05263157894736842
G Malla,1,19,0.05263157894736842
HRA Rainey,9,172,0.05232558139534884
AH Maqsood,20,383,0.05221932114882506
RTM Mendis,4,77,0.05194805194805195
K Klein,17,351,0.04843304843304843
GH O'Brien,3,62,0.04838709677419355
RD Chahar,3,62,0.04838709677419355
DM Kimmince,7,146,0.04794520547945205
TJ Heggelman,2,42,0.047619047619047616
GT Main,33,695,0.04748201438848921
RJ Trott,9,193,0.046632124352331605
OC McCoy,4,87,0.04597701149425287
A Patel,3,66,0.045454545454545456
T Ruma,2,45,0.044444444444444446
BJ Currie,18,411,0.043795620437956206
AS van Beuge,8,183,0.04371584699453552
S Jimmy,17,394,0.04314720812182741
Pargat Singh,5,116,0.04310344827586207
O Kamchomphu,15,349,0.04297994269340974
Z James,13,304,0.04276315789473684
Shaiman Anwar,5,117,0.042735042735042736
S Tippoch,9,211,0.04265402843601896
Shakeel Ahmed,17,402,0.04228855721393035
RR Sarwan,16,383,0.04177545691906005
STR Binny,21,503,0.041749502982107355
S Mandhana,1,24,0.041666666666666664
Saeed Anwar,1,24,0.041666666666666664
A Balbirnie,1,24,0.041666666666666664
S Dhaniram,23,552,0.041666666666666664
SJ Tsukigawa,2,48,0.041666666666666664
CM Edwards,2,48,0.041666666666666664
Ebadat Hossain,21,505,0.041584158415841586
SSB Magala,15,362,0.04143646408839779
DJ Mitchell,13,315,0.04126984126984127
S Lamichhane,120,2942,0.04078857919782461
J Sumerauer,10,246,0.04065040650406504
JN Loftie-Eaton,22,542,0.04059040590405904
AA Paradkar,9,224,0.04017857142857143
IJR Zwilling,29,722,0.04016620498614958
DS Bajwa,1,25,0.04
SA Fritz,5,125,0.04
P Maya,9,226,0.03982300884955752
Z Groenewald,6,151,0.039735099337748346
Imran Farhat,2,51,0.0392156862745098
C Sakariya,2,51,0.0392156862745098
HHC Gunaratne,8,205,0.03902439024390244
OEG Baartman,6,154,0.03896103896103896
T Putthawong,18,462,0.03896103896103896
DLS van Bunge,6,154,0.03896103896103896
Mohammad Wasim,36,927,0.038834951456310676
A Ndiraya,1,26,0.038461538461538464
A Athanaze,1,26,0.038461538461538464
MMA Jonkman,1,26,0.038461538461538464
SK Dolawatte,3,78,0.038461538461538464
J Overton,1,26,0.038461538461538464
LC Romero,1,26,0.038461538461538464
JL Jonassen,136,3541,0.038407229596159276
Arshdeep Singh,14,365,0.038356164383561646
Wasim Akram,12,314,0.03821656050955414
Mominul Haque,6,157,0.03821656050955414
Akhil Kumar,4,106,0.03773584905660377
W Sutherland,2,53,0.03773584905660377
Tareq Aziz,2,53,0.03773584905660377
S Molineux,23,613,0.037520391517128875
AJ Tye,15,400,0.0375
Khaled Ahmed,3,80,0.0375
Haris Rauf,79,2113,0.03738760056791292
S Bhari,15,402,0.03731343283582089
BJ McMullen,39,1048,0.03721374045801527
TBM de Leede,18,484,0.0371900826446281
NA de Groot,3,81,0.037037037037037035
Waqar Younis,7,189,0.037037037037037035
Pratika Rawal,2,54,0.037037037037037035
Soumya Sarkar,20,543,0.03683241252302026
P Siaka,5,136,0.03676470588235294
MK Tiwary,5,136,0.03676470588235294
K Fraser,9,245,0.036734693877551024
M Prasidh Krishna,30,819,0.03663003663003663
JF Kloppenburg,7,192,0.036458333333333336
KE Ebrahim,4,110,0.03636363636363636
SM Benade,4,111,0.036036036036036036
SW Tait,66,1833,0.03600654664484452
R Rijke,6,167,0.03592814371257485
Nestor Dhamba,11,308,0.03571428571428571
DJS Dottin,53,1496,0.03542780748663102
OA Shah,7,199,0.035175879396984924
WW Hinds,22,626,0.03514376996805112
LM Kasperek,57,1622,0.03514180024660912
B Siddharth,2,57,0.03508771929824561
NR Kirton,4,114,0.03508771929824561
J Nkomo,25,714,0.0350140056022409
A Flintoff,132,3784,0.03488372093023256
Karan KC,81,2323,0.03486870426173052
AB de Villiers,7,201,0.03482587064676617
MJ Henry,155,4452,0.03481581311769991
AE Smith,4,115,0.034782608695652174
Jubair Hossain,4,115,0.034782608695652174
KE Bryce,6,173,0.03468208092485549
J Jarvis,7,202,0.034653465346534656
SL Quintyne,9,260,0.03461538461538462
CL White,11,318,0.03459119496855346
F Overdijk,11,318,0.03459119496855346
MJ Guptill,4,116,0.034482758620689655
Wasim Ali,1,29,0.034482758620689655
HC Knight,48,1392,0.034482758620689655
JJ Smit,39,1134,0.03439153439153439
PWH de Silva,85,2482,0.03424657534246575
V Araa,11,322,0.034161490683229816
LL Tsotsobe,102,2988,0.03413654618473896
A Gardner,103,3018,0.03412856196156395
Umran Malik,13,381,0.03412073490813648
IECM Wong,4,118,0.03389830508474576
JH Davey,26,769,0.033810143042912875
S Gajnabi,5,148,0.033783783783783786
N Pooran,6,178,0.033707865168539325
AR Cusack,34,1009,0.03369672943508424
KW Richardson,45,1338,0.033632286995515695
AR Adams,28,834,0.03357314148681055
A Neill,15,448,0.033482142857142856
S Ismail,142,4242,0.033474776049033476
Q Joseph,16,480,0.03333333333333333
KC Hodsoll,1,30,0.03333333333333333
EJB Miles,4,120,0.03333333333333333
TT Samaraweera,1,30,0.03333333333333333
Fatima Sana,59,1772,0.03329571106094808
K Bhurtel,12,361,0.0332409972299169
Kaleem Sana,27,813,0.033210332103321034
DW Steyn,212,6388,0.03318722604884158
JDF Vandersay,40,1206,0.03316749585406302
PA Desai,6,181,0.03314917127071823
JM Kerr,55,1662,0.03309265944645006
Mohammad Aadil Alam,9,272,0.03308823529411765
Kuldeep Yadav,173,5236,0.033040488922841865
NW Bracken,168,5095,0.03297350343473994
GF Linde,3,91,0.03296703296703297
WD Parnell,110,3340,0.03293413173652695
KIC Asalanka,16,486,0.03292181069958848
Zahoor Khan,95,2888,0.03289473684210526
Kabir Ali,21,640,0.0328125
Ali Naseer,23,701,0.03281027104136947
Zafar Gohar,2,61,0.03278688524590164
Ehsanul Haque,2,61,0.03278688524590164
RW Staple,2,61,0.03278688524590164
Hasan Mahmud,29,886,0.0327313769751693
S Sreesanth,81,2481,0.032648125755743655
GA Rogers,5,154,0.032467532467532464
CW Perchard,7,216,0.032407407407407406
Shorna Akter,7,216,0.032407407407407406
Imran Tahir,180,5556,0.032397408207343416
E Otieno,15,463,0.032397408207343416
Raza Hasan,2,62,0.03225806451612903
JG Bethell,4,124,0.03225806451612903
RA Lewis,1,31,0.03225806451612903
H Durham,2,62,0.03225806451612903
MG Johnson,243,7537,0.032240944672946796
O Thomas,30,931,0.0322234156820623
KK Ahmed,14,435,0.03218390804597701
GM Harris,8,249,0.0321285140562249
A Codrington,6,187,0.03208556149732621
C Abel,5,156,0.03205128205128205
AM Peterson,19,593,0.03204047217537943
AG Wharf,18,562,0.03202846975088968
S Luus,84,2630,0.03193916349809886
Shariz Ahmad,19,595,0.031932773109243695
JM Willathgamuwa,3,94,0.031914893617021274
DJ Bravo,193,6052,0.03189028420356907
Shoriful Islam,46,1445,0.03183391003460208
UDU Chandana,38,1194,0.031825795644891124
S Siegers,9,283,0.03180212014134275
SL Malinga,343,10803,0.03175043969267796
HK Badani,2,63,0.031746031746031744
SE Aley,2,63,0.031746031746031744
R Trumpelmann,56,1773,0.03158488437676255
Gulsan Jha,30,951,0.031545741324921134
N Niranjana,15,476,0.031512605042016806
Sompal Kami,79,2511,0.0314615690959777
Tanzim Hasan Sakib,14,445,0.03146067415730337
S Thuraisingam,6,191,0.031413612565445025
B Shikongo,25,796,0.031407035175879394
BM Halliday,7,223,0.03139013452914798
B Evans,17,542,0.03136531365313653
UT Yadav,116,3701,0.03134288030262091
Simi Singh,30,958,0.031315240083507306
T Muzarabani,8,256,0.03125
JB Reva,6,192,0.03125
M van Jaarsveld,1,32,0.03125
N de Klerk,53,1702,0.031139835487661575
R Rampaul,115,3703,0.031055900621118012
RM Haq,27,871,0.030998851894374284
FL Mackay,19,614,0.030944625407166124
KP Meiyappan,38,1228,0.030944625407166124
IK Pathan,156,5050,0.03089108910891089
A Nehra,115,3745,0.030707610146862484
SI Mahmood,38,1238,0.030694668820678513
DNT Zoysa,23,750,0.030666666666666665
JD Ryder,11,359,0.03064066852367688
TL Best,36,1175,0.030638297872340424
CR Seneviratna,12,392,0.030612244897959183
AR White,10,328,0.03048780487804878
AD Russell,72,2362,0.03048264182895851
LN Rajbanshi,42,1388,0.03025936599423631
MF Maharoof,118,3911,0.03017131168499105
JM Davison,19,630,0.03015873015873016
AL Phehlukwayo,96,3189,0.030103480714957668
LMM Tahuhu,98,3276,0.029914529914529916
Junaid Siddique,77,2575,0.029902912621359225
ASS Fletcher,61,2041,0.029887310142087214
AD Janakanthymala,2,67,0.029850746268656716
NR Kumar,2,67,0.029850746268656716
AR Caddick,18,604,0.029801324503311258
JF Mooney,37,1242,0.029790660225442835
S Nisansala,8,269,0.02973977695167286
KAJ Roach,132,4472,0.029516994633273702
SI Kamea,28,950,0.029473684210526315
Iram Javed,1,34,0.029411764705882353
P Roy,1,34,0.029411764705882353
EN Lynch,15,510,0.029411764705882353
G Toka,3,102,0.029411764705882353
G Fontenla,3,102,0.029411764705882353
A Khaka,129,4389,0.02939166097060834
AA Alleyne,30,1021,0.029382957884427033
GR Codrington,9,307,0.029315960912052116
MA Leask,64,2184,0.029304029304029304
MM Patel,93,3188,0.02917189460476788
H Hiri,3,103,0.02912621359223301
A Martin,13,447,0.029082774049217
AM Samad,2,69,0.028985507246376812
D Gough,58,2004,0.028942115768463075
I Wardlaw,18,622,0.028938906752411574
RK Paudel,10,346,0.028901734104046242
NG Smith,6,208,0.028846153846153848
Fariha Trisna,6,208,0.028846153846153848
Usama Mir,15,521,0.028790786948176585
A Mohammed,58,2015,0.028784119106699754
Mohammad Hasnain,20,695,0.02877697841726619
Z Mali,4,139,0.02877697841726619
SM Sharif,89,3099,0.028718941594062602
Afif Hossain,3,105,0.02857142857142857
JA Turner,2,70,0.02857142857142857
Washington Sundar,23,807,0.028500619578686492
SR Watson,162,5690,0.028471001757469243
C Sutthiruang,7,246,0.028455284552845527
PKD Chase,19,668,0.02844311377245509
LV van Beek,50,1759,0.028425241614553724
DT Christian,21,739,0.028416779431664412
TK Patel,5,176,0.028409090909090908
RP Singh,80,2817,0.028399006034788784
TK Curran,38,1340,0.028358208955223882
JDS Neesham,71,2512,0.028264331210191083
CA Soper,67,2380,0.02815126050420168
AJ Hosein,60,2132,0.028142589118198873
RN ten Doeschate,20,711,0.02812939521800281
M Kapp,133,4729,0.02812433918375978
Mahedi Hasan,15,534,0.028089887640449437
N Boochatham,10,356,0.028089887640449437
Sadia Iqbal,31,1105,0.028054298642533938
HDRL Thirimanne,3,107,0.028037383177570093
SR Thompson,10,357,0.028011204481792718
HM Rowe,58,2075,0.027951807228915663
TT Bresnan,120,4300,0.027906976744186046
MDK Perera,13,466,0.027896995708154508
W O'Rourke,8,287,0.027874564459930314
L Balaji,28,1005,0.027860696517412936
SP Narine,99,3554,0.027855936972425437
I Toua,11,395,0.027848101265822784
M Klaas,77,2771,0.0277878022374594
DPMD Jayawardene,2,72,0.027777777777777776
AM Bacher,3,108,0.027777777777777776
JN Frylinck,36,1298,0.02773497688751926
A Capsey,8,289,0.02768166089965398
T Maruma,6,217,0.027649769585253458
CM McBride,4,145,0.027586206896551724
AAP Atkinson,11,399,0.02756892230576441
TM Odoyo,45,1635,0.027522935779816515
T Mupariwa,39,1417,0.027522935779816515
Khushdil Shah,3,109,0.027522935779816515
HK Matthews,83,3025,0.02743801652892562
AE Satterthwaite,29,1060,0.027358490566037737
Rumana Ahmed,26,951,0.027339642481598318
EL Lamb,3,110,0.02727272727272727
Nizakat Khan,3,110,0.02727272727272727
Vikramjit Singh,7,257,0.027237354085603113
CJ Jordan,47,1728,0.027199074074074073
IDR Bradshaw,69,2537,0.027197477335435555
RJ Peterson,76,2798,0.027162258756254467
PT Collins,12,442,0.027149321266968326
CN Ackermann,15,553,0.027124773960216998
EJ Villani,6,222,0.02702702702702703
KS Lokuarachchi,18,666,0.02702702702702703
Tanvir Ahmed,1,37,0.02702702702702703
SF Mire,11,408,0.02696078431372549
WB Rankin,67,2489,0.02691844114102049
SPD Smith,29,1081,0.02682701202590194
AC Botha,16,597,0.02680067001675042
Javeria Khan,8,299,0.026755852842809364
BM Scholtz,70,2619,0.026727758686521573
CR Brathwaite,46,1725,0.02666666666666667
SG Whittingham,6,226,0.02654867256637168
V Krishnamurthy,3,113,0.02654867256637168
AB Kaur,6,226,0.02654867256637168
NJ Carey,20,754,0.026525198938992044
Nashra Sandhu,87,3282,0.026508226691042046
KA Pollard,59,2226,0.026504941599281222
MG Erasmus,34,1286,0.026438569206842923
Mudassar Bukhari,16,606,0.026402640264026403
AD Mathews,137,5205,0.02632084534101825
JA Morkel,50,1900,0.02631578947368421
M van Lingen,2,76,0.02631578947368421
MS Dhoni,1,38,0.02631578947368421
M Vijay,1,38,0.02631578947368421
S Randiv,38,1447,0.02626123013130615
ST Jayasuriya,105,4004,0.026223776223776224
TG Norris,7,268,0.026119402985074626
R Ashwin,166,6358,0.026108839257628184
JO Holder,162,6205,0.02610797743755036
SE Rutherford,3,115,0.02608695652173913
AC Kerr,97,3719,0.02608228018284485
DN Wyatt,14,537,0.0260707635009311
D Parashar,5,192,0.026041666666666668
DN Wellalage,27,1040,0.025961538461538463
EA Perry,83,3198,0.025953721075672294
SMA Priyanjan,7,270,0.025925925925925925
Mashrafe Mortaza,227,8756,0.025925079945180448
PJ Ongondo,34,1313,0.025894897182025894
LA Marsh,53,2048,0.02587890625
DT Johnston,39,1508,0.02586206896551724
O Chare,3,116,0.02586206896551724
SO Tikolo,28,1089,0.025711662075298437
MKDI Amerasinghe,10,391,0.02557544757033248
Sohag Gazi,24,939,0.025559105431309903
M Dillon,25,980,0.025510204081632654
B Muzarabani,54,2131,0.025340215861098078
Umaima Sohail,18,711,0.02531645569620253
Syed Rasel,53,2095,0.025298329355608593
MR Marsh,57,2257,0.02525476295968099
S Rana,26,1030,0.02524271844660194
Mehedi Hasan Miraz,107,4240,0.025235849056603775
L Klusener,12,476,0.025210084033613446
N Vanua,56,2223,0.025191183085919926
RML Taylor,11,437,0.02517162471395881
HH Pandya,81,3218,0.02517091361093847
SMSM Senanayake,60,2384,0.025167785234899327
Kashif Daud,17,676,0.02514792899408284
P Vastrakar,29,1155,0.025108225108225107
J Kila,6,239,0.02510460251046025
KJ O'Brien,60,2392,0.02508361204013378
FR Davies,11,439,0.025056947608200455
HDRS Silva,2,80,0.025
Javeria Rauf,1,40,0.025
KO Meth,10,400,0.025
C Green,21,841,0.02497027348394768
SS Weerakkody,28,1122,0.024955436720142603
RK Kleinveldt,12,481,0.02494802494802495
H Thaker,22,882,0.024943310657596373
LM Jongwe,28,1126,0.02486678507992895
PP Chawla,33,1330,0.02481203007518797
Rohan Mustafa,87,3508,0.024800456100342077
CH Gayle,112,4517,0.024795218065087447
D Joseph,5,202,0.024752475247524754
MJ Clarke,56,2264,0.024734982332155476
D Hazell,34,1375,0.024727272727272726
AI Chudasama,10,405,0.024691358024691357
Mohammad Nawaz (3),17,690,0.02463768115942029
V Sukumaran,3,122,0.02459016393442623
TS Chisoro,12,488,0.02459016393442623
Yuvraj Singh,99,4028,0.024577954319761668
O Prendergast,18,733,0.02455661664392906
WPUJC Vaas,118,4806,0.02455264253017062
MC Henriques,10,408,0.024509803921568627
PA de Silva,14,572,0.024475524475524476
M Kartik,30,1227,0.02444987775061125
A Mazvishaya,12,491,0.024439918533604887
JP Behrendorff,16,656,0.024390243902439025
YK Pathan,37,1517,0.024390243902439025
CA Henry,33,1354,0.024372230428360415
Abdul Razzaq,110,4518,0.02434705621956618
Kushal Malla,26,1068,0.024344569288389514
Muhammad Jawadullah,7,288,0.024305555555555556
AC Voges,6,247,0.024291497975708502
Avesh Khan,9,371,0.02425876010781671
I Udana,22,908,0.024229074889867842
AT Rayudu,3,124,0.024193548387096774
I Ranaweera,62,2569,0.02413390424289607
Saqlain Mushtaq,4,166,0.024096385542168676
DJ Hussey,19,791,0.02402022756005057
DS Airee,46,1919,0.023970818134445022
AC Jayangani,34,1421,0.023926812104152005
PLS Gamage,10,418,0.023923444976076555
AR Patel,67,2804,0.023894436519258204
Aayan Afzal Khan,43,1801,0.02387562465297057
KM Jadhav,28,1173,0.023870417732310314
MD Dai,13,545,0.023853211009174313
SW Currie,3,126,0.023809523809523808
JI de Villiers,3,126,0.023809523809523808
SKW Kelly,2,84,0.023809523809523808
RR Hendricks,1,42,0.023809523809523808
SSD Arachchige,1,42,0.023809523809523808
TS Roland-Jones,1,42,0.023809523809523808
SD Udal,1,42,0.023809523809523808
LHD Dilhara,3,126,0.023809523809523808
PP Ojha,21,882,0.023809523809523808
GD Phillips,13,547,0.02376599634369287
AJ Ireland,16,674,0.02373887240356083
TD Smartt,12,508,0.023622047244094488
M Labuschagne,6,254,0.023622047244094488
K Mahato,2,85,0.023529411764705882
Saad Bin Zafar,25,1063,0.023518344308560677
DR Smith,53,2257,0.023482498892334957
TS Sekhukhune,27,1150,0.023478260869565216
MD Shanaka,22,938,0.023454157782515993
E Chigumbura,88,3753,0.02344790833999467
V Sehwag,58,2475,0.023434343434343436
AF Giles,38,1628,0.02334152334152334
JR Hopes,73,3132,0.02330779054916986
A Vala,47,2017,0.02330193356470005
AJ Turner,2,86,0.023255813953488372
AM Hardie,7,301,0.023255813953488372
JM Vince,1,43,0.023255813953488372
LP van Troost,1,43,0.023255813953488372
U Bhatti,12,516,0.023255813953488372
L Lee,2,86,0.023255813953488372
Jatinder Singh,1,43,0.023255813953488372
MA Aponso,10,431,0.02320185614849188
Asmavia Iqbal,27,1165,0.02317596566523605
G Sultana,12,518,0.023166023166023165
MP Stoinis,48,2073,0.023154848046309694
R Ntozakhe,21,912,0.023026315789473683
Shafali Verma,2,87,0.022988505747126436
H Deol,2,87,0.022988505747126436
A Nao,20,871,0.022962112514351322
HJ Thomas,9,392,0.02295918367346939
G Kodali,7,306,0.02287581699346405
WK McCallan,14,612,0.02287581699346405
AB Dinda,14,613,0.022838499184339316
MS Panesar,30,1314,0.0228310502283105
PA Chatterji,8,351,0.022792022792022793
BCJ Cutting,5,220,0.022727272727272728
LPC Silva,1,44,0.022727272727272728
RP Arnold,8,352,0.022727272727272728
Agha Salman,15,662,0.022658610271903322
SZ Thakor,10,442,0.02262443438914027
PD Collingwood,96,4250,0.02258823529411765
RC Irani,8,355,0.022535211267605635
TM Head,25,1117,0.022381378692927483
BMAJ Mendis,31,1394,0.02223816355810617
MM Lanning,1,45,0.022222222222222223
Tushar Imran,2,90,0.022222222222222223
SFM Devine,55,2489,0.02209722780233025
RS Bopara,41,1858,0.022066738428417654
CS Fraser,9,409,0.022004889975550123
GM Ewing,6,273,0.02197802197802198
GB Brent,25,1140,0.021929824561403508
P Marange,10,457,0.02188183807439825
B Ward,4,183,0.02185792349726776
TB Sole,9,412,0.021844660194174758
PM Liyanagamage,5,229,0.021834061135371178
S Matsikenyeri,15,687,0.021834061135371178
RR Rossouw,1,46,0.021739130434782608
J Patraj,2,92,0.021739130434782608
GP Tom,4,184,0.021739130434782608
SC Ganguly,22,1015,0.02167487684729064
L Tshuma,10,466,0.02145922746781116
DR Brown,3,140,0.02142857142857143
JP Duminy,74,3460,0.02138728323699422
Mohammad Nawaz,21,982,0.021384928716904276
Saud Shakeel,1,47,0.02127659574468085
Nida Dar,62,2917,0.02125471374700034
S Bau,13,613,0.021207177814029365
Haris Sohail,13,613,0.021207177814029365
K Birkenstock,5,236,0.0211864406779661
CJ Chibhabha,30,1417,0.02117148906139732
TL Chivanga,4,189,0.021164021164021163
DEM Carter,8,380,0.021052631578947368
RK Whelan,2,95,0.021052631578947368
KM Dabengwa,15,715,0.02097902097902098
V Buruka,3,143,0.02097902097902098
J Botha,77,3673,0.020963789817587803
CL Tryon,40,1914,0.02089864158829676
RL Bhudia,1,48,0.020833333333333332
WG Jacks,5,240,0.020833333333333332
H Graham,1,48,0.020833333333333332
T Kamungozi,12,580,0.020689655172413793
SS Pathirana,16,776,0.020618556701030927
E Schiferli,8,388,0.020618556701030927
NB Mahwire,8,389,0.02056555269922879
SA Campbelle,4,195,0.020512820512820513
GH Lewis,8,390,0.020512820512820513
GJ Maxwell,78,3812,0.020461699895068207
D Langford-Smith,10,489,0.02044989775051125
LE Milliken,1,49,0.02040816326530612
D Elgar,2,98,0.02040816326530612
Marina Iqbal,1,49,0.02040816326530612
F Hand,1,49,0.02040816326530612
CJA Amini,33,1620,0.020370370370370372
Mahmudullah,83,4086,0.020313264806656878
Diana Baig,43,2121,0.020273455917020275
AR Nurse,44,2187,0.020118884316415182
RP Lefebvre,4,199,0.020100502512562814
Mukesh Kumar,5,249,0.020080321285140562
SR Tendulkar,31,1545,0.020064724919093852
MM Ali,119,5935,0.020050547598989048
K Gowtham,1,50,0.02
AC Agar,22,1107,0.01987353206865402
KP Pietersen,8,403,0.019851116625310174
NJ Astle,8,404,0.019801980198019802
H Karunaratne,2,101,0.019801980198019802
MD Gunathilaka,8,405,0.019753086419753086
AC Cummins,4,203,0.019704433497536946
RD Berrington,15,762,0.01968503937007874
C de Lange,12,611,0.019639934533551555
J Mubarak,1,51,0.0196078431372549
SA Millanta,3,153,0.0196078431372549
R Slater,1,51,0.0196078431372549
SK Raina,42,2147,0.019562179785747556
GC Tonge,6,307,0.019543973941368076
R Klein,12,615,0.01951219512195122
Mohammad Hafeez,142,7303,0.019444064083253457
HN Ya France,14,726,0.01928374655647383
Nahid Rana,2,104,0.019230769230769232
MO Odumbe,7,364,0.019230769230769232
Shahbaz Ahmed,3,156,0.019230769230769232
TLW Cooper,6,315,0.01904761904761905
CG Williams,5,264,0.01893939393939394
HASD Siriwardene,32,1695,0.01887905604719764
TM Dilshan,97,5141,0.018867924528301886
SW Bates,25,1326,0.01885369532428356
H Patel,2,107,0.018691588785046728
TS Nethula,5,268,0.018656716417910446
G Onions,4,215,0.018604651162790697
E Mbofana,5,269,0.01858736059479554
Qanita Jalil,6,323,0.018575851393188854
T Granger,2,108,0.018518518518518517
MM Penfold,10,540,0.018518518518518517
JW Wilson,1,54,0.018518518518518517
SG Borthwick,1,54,0.018518518518518517
D Bishoo,38,2056,0.01848249027237354
JL Pattinson,13,705,0.018439716312056736
Imad Wasim,44,2388,0.018425460636515914
NE Farrant,4,218,0.01834862385321101
Zahid Mahmood,4,218,0.01834862385321101
WP Masakadza,22,1200,0.018333333333333333
D Soraine,1,55,0.01818181818181818
KDU Prabodhani,27,1485,0.01818181818181818
JN Mohammed,8,442,0.01809954751131222
Bismah Maroof,12,666,0.018018018018018018
Sania Khan,2,111,0.018018018018018018
Nasum Ahmed,14,778,0.017994858611825194
RG Sharma,11,614,0.017915309446254073
MN Samuels,66,3692,0.017876489707475622
C Prathyusha,1,56,0.017857142857142856
DJG Sammy,87,4891,0.017787773461459825
SF Daley,9,507,0.01775147928994083
ID Blackwell,15,846,0.01773049645390071
CT Mutombodzi,5,282,0.01773049645390071
MW Machan,4,226,0.017699115044247787
H Masakadza,22,1249,0.017614091273018415
N Mlaba,24,1365,0.017582417582417582
BMSM Kumari,18,1024,0.017578125
TJ Friend,1,57,0.017543859649122806
DO Leicher,1,57,0.017543859649122806
K Phillip,3,171,0.017543859649122806
PR Stirling,26,1485,0.017508417508417508
Ehsan Adil,4,229,0.017467248908296942
S Dhakal,4,229,0.017467248908296942
AJ Finch,5,287,0.017421602787456445
JWM Dalrymple,15,868,0.01728110599078341
MP Vaughan,9,522,0.017241379310344827
Ahmed Shehzad,2,116,0.017241379310344827
SC Meaker,2,117,0.017094017094017096
GJ Delany,6,351,0.017094017094017096
S Prasanna,33,1936,0.017045454545454544
TMM Newton,6,354,0.01694915254237288
F Behardien,12,716,0.01675977653631285
FC Jonas,18,1077,0.016713091922005572
Bilawal Bhatti,7,420,0.016666666666666666
D Ravu,10,608,0.01644736842105263
CP Rizwan,1,61,0.01639344262295082
A Ashok,1,61,0.01639344262295082
IJL Trott,3,185,0.016216216216216217
LJ Wright,17,1050,0.01619047619047619
RT Lyons,1,62,0.016129032258064516
ML Nkala,5,311,0.01607717041800643
MEK Hussey,4,249,0.01606425702811245
C Munro,9,563,0.015985790408525755
EC Rainsford,17,1070,0.01588785046728972
A van der Merwe,2,126,0.015873015873015872
Mosaddek Hossain,16,1016,0.015748031496062992
IH Romaine,1,64,0.015625
Kainat Imtiaz,7,451,0.015521064301552107
MN Waller,9,580,0.015517241379310345
MH Yardy,20,1289,0.015515903801396431
BRM Taylor,4,262,0.015267175572519083
Azhar Ali,4,264,0.015151515151515152
BJ Hodge,1,66,0.015151515151515152
HR Johnson,1,67,0.014925373134328358
NE Bonner,1,67,0.014925373134328358
L Siaka,3,202,0.01485148514851485
Azhar Mahmood,6,407,0.014742014742014743
S Immadi,4,272,0.014705882352941176
KHRK Fernando,1,68,0.014705882352941176
Joginder Sharma,1,68,0.014705882352941176
MT Chinouya,1,68,0.014705882352941176
A Sharma,4,273,0.014652014652014652
Aliya Riaz,13,894,0.0145413870246085
V Sibanda,4,276,0.014492753623188406
R MacDonald-Gay,1,69,0.014492753623188406
BA Langston,2,138,0.014492753623188406
P Khadka,4,279,0.014336917562724014
IM Vaghela,4,280,0.014285714285714285
D Gamage,1,70,0.014285714285714285
HDPK Dharmasena,6,425,0.01411764705882353
I van der Woning,2,142,0.014084507042253521
CJ Metcalfe,5,358,0.013966480446927373
CK Hooper,1,72,0.013888888888888888
Nazmul Hossain Shanto,1,72,0.013888888888888888
MR Swart,2,144,0.013888888888888888
Shoaib Khan,2,146,0.0136986301369863
RS Gavaskar,1,73,0.0136986301369863
Faisal Hossain,1,73,0.0136986301369863
SM Kavanagh,1,74,0.013513513513513514
W Mwayenga,1,74,0.013513513513513514
HT Tector,2,148,0.013513513513513514
KE Broadmore,1,74,0.013513513513513514
Zulfiqar Babar,4,297,0.013468013468013467
MG Neser,3,224,0.013392857142857142
L Cheatle,2,154,0.012987012987012988
ME Trescothick,2,155,0.012903225806451613
N Shangase,6,467,0.01284796573875803
Lata Mondal,2,159,0.012578616352201259
B Fernando,2,159,0.012578616352201259
CS Terblanche,1,81,0.012345679012345678
CA Reid,1,81,0.012345679012345678
JS Ababu,1,81,0.012345679012345678
HL Baker,1,82,0.012195121951219513
PW Borren,6,494,0.012145748987854251
VS Solanki,1,84,0.011904761904761904
RD Steede,1,84,0.011904761904761904
BR Dorey,2,169,0.011834319526627219
R Malhotra,1,85,0.011764705882352941
R Powell,3,256,0.01171875
JP Greaves,1,86,0.011627906976744186
J Yadav,1,86,0.011627906976744186
AK Peters,1,88,0.011363636363636364
SHT Kandamby,2,177,0.011299435028248588
Qaiser Ali,1,89,0.011235955056179775
DR Martyn,1,90,0.011111111111111112
NND de Silva,3,270,0.011111111111111112
H Carlyon,2,183,0.01092896174863388
S Nitschke,1,93,0.010752688172043012
Aarif Sheikh,8,762,0.010498687664041995
V Kohli,7,671,0.010432190760059613
O Bell,3,288,0.010416666666666666
Sabbir Rahman,3,289,0.010380622837370242
CS MacLeod,8,774,0.0103359173126615
Shaila Sharmin,1,97,0.010309278350515464
D Devnarain,1,97,0.010309278350515464
F du Plessis,2,197,0.01015228426395939
N Deonarine,4,399,0.010025062656641603
TJG Pringle,2,200,0.01
Aftab Ahmed,4,411,0.009732360097323601
JL Denly,1,104,0.009615384615384616
Hasibul Hossain,1,107,0.009345794392523364
BB Seebaran,1,108,0.009259259259259259
MJ Humphreys,1,109,0.009174311926605505
N M'shangwe,2,219,0.0091324200913242
SP de Alwis,1,110,0.00909090909090909
Raza-ur-Rehman,1,113,0.008849557522123894
PRCS Kumarihami,3,347,0.008645533141210375
RN Bhatia,3,348,0.008620689655172414
KH Pandya,2,234,0.008547008547008548
N Dutta,2,236,0.00847457627118644
M Levitt,1,120,0.008333333333333333
Waheed Ahmed,1,125,0.008
MP O'Dowd,1,127,0.007874015748031496
PRP Boissevain,1,133,0.007518796992481203
Fakhar Zaman,1,135,0.007407407407407408
CK Kapugedera,2,271,0.007380073800738007
SACA King,2,286,0.006993006993006993
Mosharraf Hossain,1,153,0.006535947712418301
DE Budge,1,153,0.006535947712418301
A Bosch,1,159,0.006289308176100629
LMP Simmons,1,163,0.006134969325153374
MW Short,1,167,0.005988023952095809
KJ Coetzer,1,169,0.005917159763313609
Shahid Ahmadzai,1,169,0.005917159763313609
Yasir Arafat,2,355,0.005633802816901409
PJC Hoffmann,1,196,0.00510204081632653
TCB Fernando,1,220,0.004545454545454545
Younis Khan,1,222,0.0045045045045045045
SR Thadani,0,19,0.0
MJ North,0,18,0.0
Shathira Jakir,0,19,0.0
GA Guy,0,19,0.0
SK Naidu,0,18,0.0
Kyshona A Knight,0,26,0.0
WA Agar,0,70,0.0
M Shumba,0,29,0.0
Fayyaz Ahmed,0,102,0.0
MDT Kamini,0,31,0.0
AK Perera,0,36,0.0
Ayesha Zafar,0,27,0.0
XM Marshall,0,4,0.0
Asif Ali,0,5,0.0
K Thomson,0,21,0.0
Asad Shafiq,0,12,0.0
Mehran Khan,0,61,0.0
GM Strydom,0,30,0.0
Tilak Varma,0,42,0.0
DR Mousley,0,13,0.0
M Mangru,0,18,0.0
JA Whelan,0,15,0.0
CK Holder,0,20,0.0
AL Watkins,0,13,0.0
DL Blake,0,6,0.0
Fazle Mahmud,0,20,0.0
PHT Kaushal,0,36,0.0
HE Whelan,0,42,0.0
GJ McCarter,0,48,0.0
Tamim Iqbal,0,7,0.0
MT Herbert,0,18,0.0
Sufyan Mehmood,0,9,0.0
A Munisar,0,7,0.0
Pankaj Singh,0,44,0.0
Steven Ryan Taylor,0,21,0.0
D Khanal,0,18,0.0
SA Engelbrecht,0,12,0.0
I Kaia,0,28,0.0
T Gwandu,0,24,0.0
LJ Hamilton,0,52,0.0
A Shamshudeen,0,18,0.0
D Lakshan,0,12,0.0
Hussain Talat,0,13,0.0
Muhammad Farooq,0,81,0.0
Tanbir Hayder,0,60,0.0
MJ Fourie,0,81,0.0
Talha Jubair,0,77,0.0
GH Worker,0,6,0.0
Hannan Sarkar,0,3,0.0
S Chattergoon,0,42,0.0
C Brits,0,9,0.0
ADS Fletcher,0,28,0.0
NS Dhaliwal,0,6,0.0
D la Cock,0,12,0.0
MR Meshram,0,86,0.0
M Terblanche,0,12,0.0
Utkarsh Srivastava,0,24,0.0
SP Krishnamurthi,0,36,0.0
MJ Cosgrove,0,24,0.0
J Charles,0,7,0.0
AN Petersen,0,9,0.0
A Johnson,0,24,0.0
T Bavuma,0,37,0.0
TP Ura,0,6,0.0
Nahida Khan,0,12,0.0
RS Morton,0,6,0.0
Sandeep Goud,0,91,0.0
DD Ebrahim,0,2,0.0
Babar Hayat,0,6,0.0
Yousuf Youhana,0,1,0.0
CKB Kulasekara,0,79,0.0
KED Carroll,0,6,0.0
MF Kendal,0,21,0.0
J Louw,0,44,0.0
RW Sims,0,18,0.0
Natalia Pervaiz,0,18,0.0
MNK Fernando,0,12,0.0
KDK Vithanage,0,12,0.0
Umar Amin,0,42,0.0
MA Carberry,0,6,0.0
CN Nation,0,6,0.0
Rameez Shahzad,0,34,0.0
SJ Modani,0,12,0.0
RV Uthappa,0,2,0.0
DS Smith,0,18,0.0
Skhawat Ali,0,49,0.0
I Maraj,0,27,0.0
CP Jack,0,24,0.0
SJ Andrews,0,24,0.0
Sanjida Islam,0,8,0.0
AL Kandappah,0,1,0.0
T Munyonga,0,6,0.0
SK Atai,0,48,0.0
TC Bastiampillai,0,6,0.0
C Hemraj,0,7,0.0
Sarfraz Ahmed,0,12,0.0
Shubman Gill,0,18,0.0
VR Iyer,0,30,0.0
Shamim Hossain,0,6,0.0
BP Nash,0,30,0.0
Jamaluddin Ahmed,0,24,0.0
Sultan Ahmed,0,72,0.0
J Blackwood,0,18,0.0
DI Allan,0,18,0.0
ML Green,0,79,0.0
Waseem Muhammad,0,75,0.0
Waqas Barkat,0,12,0.0
LJ Poulton,0,13,0.0
BJ Bennett,0,12,0.0
Shuvagata Hom,0,12,0.0
Shamsur Rahman,0,6,0.0
FDM Karunaratne,0,16,0.0
BJ Patel,0,18,0.0
J Anderson,0,30,0.0
K Weeraratne,0,96,0.0
O Davidson,0,54,0.0
MC Patel,0,82,0.0
AM McCarthy,0,12,0.0
G Chapple,0,24,0.0
H Klaasen,0,30,0.0
Salman Butt,0,72,0.0
N Ifill,0,79,0.0
MM Iqbal,0,36,0.0
HM Watson,0,43,0.0
SS Iyer,0,39,0.0
Musa Ahmed,0,6,0.0
N Chaiwai,0,12,0.0
Towhid Hridoy,0,1,0.0
KH Prajapati,0,2,0.0
SV Bahutule,0,19,0.0
TW Hartley,0,60,0.0
H Shah,0,60,0.0
AM Tribe,0,13,0.0
HMD Rasangika,0,12,0.0
KU Carty,0,27,0.0
CNIM Joyce,0,19,0.0
S Mostary,0,44,0.0
T Stubbs,0,12,0.0
W Barresi,0,6,0.0
SA Yadav,0,12,0.0
CA Ingram,0,6,0.0
AG Prince,0,12,0.0
JD Campbell,0,6,0.0
J Glasgow,0,12,0.0
N Rana,0,18,0.0
DG Blampied,0,79,0.0
PY Lavine,0,12,0.0
RO Hinds,0,68,0.0
SB Bangar,0,68,0.0
BP Kruger,0,21,0.0
ADJ Pitcher,0,38,0.0
L Wood,0,61,0.0
Mrittunjoy Chowdhury,0,51,0.0
Rashid Zia,0,59,0.0
Mohammad Mithun,0,13,0.0
B Sharki,0,6,0.0
DJM Short,0,90,0.0
AT Nidamanuru,0,6,0.0
H Madavi,0,25,0.0
Mohammad Boota,0,12,0.0
S Forbes,0,15,0.0
B Sai Sudharsan,0,4,0.0
T Taibu,0,25,0.0
KNA Bandara,0,6,0.0
DA Warner,0,6,0.0
BOP Fernando,0,12,0.0
C Zhuwao,0,19,0.0
G Gambhir,0,8,0.0
LRPL Taylor,0,45,0.0
Tharika Sewwandi,0,13,0.0
Misbah-ul-Haq,0,24,0.0
Omid Shafi Rahman,0,80,0.0
BKG Mendis,0,20,0.0
S Chanderpaul,0,26,0.0
AJ Strauss,0,6,0.0
KC Sangakkara,0,0,
HM Amla,0,0,
Mushfiqur Rahim,0,0,
RT Ponting,0,0,
EJG Morgan,0,0,
S Dhawan,0,0,
Q de Kock,0,0,
WU Tharanga,0,0,
Babar Azam,0,0,
BB McCullum,0,0,
JC Buttler,0,0,
SD Hope,0,0,
DA Miller,0,0,
AC Gilchrist,0,0,
JJ Roy,0,0,
TWM Latham,0,0,
L Wolvaardt,0,0,
ML Hayden,0,0,
TT Beaumont,0,0,
HH Gibbs,0,0,
JM Bairstow,0,0,
LD Chandimal,0,0,
R Dravid,0,0,
AN Cook,0,0,
MDKJ Perera,0,0,
Umar Akmal,0,0,
GJ Bailey,0,0,
DM Bravo,0,0,
BJ Haddin,0,0,
M Raj,0,0,
AM Rahane,0,0,
Imam-ul-Haq,0,0,
CR Ervine,0,0,
KL Rahul,0,0,
AJ Healy,0,0,
Kamran Akmal,0,0,
WTS Porterfield,0,0,
SE Marsh,0,0,
MV Boucher,0,0,
BL Mooney,0,0,
AD Hales,0,0,
Mohammad Rizwan,0,0,
Imrul Kayes,0,0,
Liton Das,0,0,
SP Fleming,0,0,
HM Nicholls,0,0,
D Ramdin,0,0,
AE Jones,0,0,
AT Carey,0,0,
MS Atapattu,0,0,
Inzamam-ul-Haq,0,0,
E Lewis,0,0,
BC Lara,0,0,
EC Joyce,0,0,
V Aravind,0,0,
P Nissanka,0,0,
MS Wade,0,0,
MD Patel,0,0,
NJ O'Brien,0,0,
HG Munsey,0,0,
MH Cross,0,0,
SJ Taylor,0,0,
KD Karthik,0,0,
N Dickwella,0,0,
Sidra Ameen,0,0,
UT Khawaja,0,0,
SA Edwards,0,0,
Yasir Hameed,0,0,
PG Raut,0,0,
WA Young,0,0,
Aasif Sheikh,0,0,
Nasir Jamshed,0,0,
T Chetty,0,0,
SO Hetmyer,0,0,
WIA Fernando,0,0,
L Ronchi,0,0,
Anamul Haque,0,0,
M Kaif,0,0,
BA King,0,0,
HH Dippenaar,0,0,
Fargana Hoque,0,0,
GC Wilson,0,0,
MJ Prior,0,0,
DP Conway,0,0,
PG Fulton,0,0,
Shahriar Nafees,0,0,
Raqibul Hasan,0,0,
KJ Martin,0,0,
Asif Khan,0,0,
RW Chakabva,0,0,
S Samarawickrama,0,0,
SM Katich,0,0,
C Kieswetter,0,0,
JN Malan,0,0,
AJ Blackwell,0,0,
Muneeba Ali,0,0,
JM How,0,0,
KOA Powell,0,0,
Nigar Sultana,0,0,
Habibul Bashar,0,0,
Chirag Suri,0,0,
NT Broom,0,0,
P Litchfield,0,0,
Muhammad Usman,0,0,
Ishan Kishan,0,0,
JWA Taylor,0,0,
RR Pant,0,0,
PD Salt,0,0,
TD Paine,0,0,
SSJ Brooks,0,0,
VVS Laxman,0,0,
PJ Hughes,0,0,
JA Rudolph,0,0,
L Goodall,0,0,
Sharjeel Khan,0,0,
T Brits,0,0,
A Steyn,0,0,
A Hunter,0,0,
MG Bevan,0,0,
LS Greenway,0,0,
GO Jones,0,0,
SR Mukkamalla,0,0,
BM Duckett,0,0,
Kycia A Knight,0,0,
PA Patel,0,0,
RM Ghosh,0,0,
SW Billings,0,0,
ZE Green,0,0,
MS Chapman,0,0,
GWHM Perera,0,0,
YH Bhatia,0,0,
CJ Ferguson,0,0,
RH Priest,0,0,
HJH Marshall,0,0,
L Tucker,0,0,
HC Brook,0,0,
CK Coventry,0,0,
Sharmin Akhter,0,0,
MADD Surangika,0,0,
PM Weerakkody,0,0,
PSP Handscomb,0,0,
KT Perkins,0,0,
A Bagai,0,0,
Khaled Mashud,0,0,
PL Mommsen,0,0,
FH Allen,0,0,
BJ Watling,0,0,
L Winfield,0,0,
MK Pandey,0,0,
Abdullah Shafique,0,0,
L Louwrens,0,0,
Imran Nazir,0,0,
JP Inglis,0,0,
Nain Abidi,0,0,
PJ Moor,0,0,
K Doriga,0,0,
MA Vermeulen,0,0,
CD Wallace,0,0,
SV Samson,0,0,
Shayan Jahangir,0,0,
AA Obanda,0,0,
LR Down,0,0,
ME Bouchier,0,0,
RS Williams,0,0,
K Verreynne,0,0,
SW Ambris,0,0,
N Chantam,0,0,
MA Ouma,0,0,
Javed Omar,0,0,
GS Ballance,0,0,
JE Cameron,0,0,
Ghulam Shabber,0,0,
Murshida Khatun,0,0,
MN van Wyk,0,0,
FC Wilson,0,0,
RD Shah,0,0,
RMVD Gunaratne,0,0,
T Mishra,0,0,
MAA Sanjeewani,0,0,
AB Barath,0,0,
Suraj Kumar,0,0,
MA Jones,0,0,
CS Baugh,0,0,
T de Zorzi,0,0,
J Gumbie,0,0,
M Mupachikwa,0,0,
PJ Forrest,0,0,
MS Sinclair,0,0,
Tanzid Hasan,0,0,
CB Wishart,0,0,
DG Brownlie,0,0,
Naseem Khushi,0,0,
MDN Hansika,0,0,
SJ Myburgh,0,0,
NV Knight,0,0,
B Cooper,0,0,
Rashid Latif,0,0,
A Flower,0,0,
HP Tillakaratne,0,0,
KA Edwards,0,0,
Adnan Mufti,0,0,
SJ Baard,0,0,
Sidra Nawaz,0,0,
S Movva,0,0,
MR Aguilleira,0,0,
DA Gunawardene,0,0,
AK Sah,0,0,
R Mutumbami,0,0,
JP Kotze,0,0,
Shamima Sultana,0,0,
DO Obuya,0,0,
LE Bosman,0,0,
PA Nixon,0,0,
L Winfield-Hill,0,0,
MV Waldron,0,0,
B de Leede,0,0,
AJ Stewart,0,0,
ES Szwarczynski,0,0,
CS Mugeri-Tiripano,0,0,
SK Patel,0,0,
Moin Khan,0,0,
PS Punia,0,0,
TA Blundell,0,0,
B Bezuidenhout,0,0,
B Bhandari,0,0,
M Musonda,0,0,
Sadaf Shamas,0,0,
Taufeeq Umar,0,0,
R Chopra,0,0,
A Sharafu,0,0,
GE Plimmer,0,0,
R Gunasekera,0,0,
C Madande,0,0,
KO Otieno,0,0,
Amjad Ali,0,0,
R Stokell,0,0,
SM Davies,0,0,
ML Udawatte,0,0,
C Tear,0,0,
D Dhingra,0,0,
GJ Hopkins,0,0,
Abid Ali,0,0,
JP Bray,0,0,
NFI McCallum,0,0,
NY McLean,0,0,
TM Dowlin,0,0,
Jahurul Islam,0,0,
T Duffin,0,0,
BR McDermott,0,0,
IS Billcliff,0,0,
P Mustard,0,0,
DR Chumney,0,0,
JM Fields,0,0,
T Marumani,0,0,
TK Musakanda,0,0,
NRJ Croes,0,0,
Khurram Manzoor,0,0,
HS Modi,0,0,
S Sriharsha,0,0,
Z Crawley,0,0,
Saleem Elahi,0,0,
IA Karim,0,0,
PJ Ingram,0,0,
SA Wijeratne,0,0,
PP Shaw,0,0,
A Saud,0,0,
RD Rickelton,0,0,
G Kirsten,0,0,
BB Chari,0,0,
F Mutizwa,0,0,
ND McKenzie,0,0,
CMA Shillington,0,0,
DM Richards,0,0,
JA McCollum,0,0,
B Zuiderent,0,0,
JAD Lawrenson,0,0,
IC Gaze,0,0,
G Voll,0,0,
GM Hamilton,0,0,
SJ Bryce,0,0,
Najiha Alvi,0,0,
TSS Mackintosh,0,0,
Nurul Hasan,0,0,
MJ Lumb,0,0,
ST Doheny,0,0,
Shan Masood,0,0,
Y Venugopal Rao,0,0,
FRJ Coleman,0,0,
SJ McGlashan,0,0,
Akshay Homraj,0,0,
AGS Gous,0,0,
CJO Smith,0,0,
T Kaitano,0,0,
CMW Read,0,0,
SRH Curtis,0,0,
A Kolan,0,0,
MB Kruger,0,0,
A Rawat,0,0,
SP Patil,0,0,
AJ Redmond,0,0,
D Ganga,0,0,
AA Mulla,0,0,
BN Cooper,0,0,
Khalid Latif,0,0,
Nazimuddin,0,0,
BYA Mendis,0,0,
JA Burns,0,0,
K Zondo,0,0,
NC Dodd,0,0,
CO Browne,0,0,
S Jafta,0,0,
MB Loye,0,0,
HJW Gardiner,0,0,
RD Jacobs,0,0,
VV Morea,0,0,
KJJ van Noortwijk,0,0,
TS Hasabnis,0,0,
M Bhanuka,0,0,
CT Dhururu,0,0,
ARI Umeed,0,0,
D Myers,0,0,
KA Hope,0,0,
T Bhatia,0,0,
N Vare,0,0,
CR Pagydyala,0,0,
S Verma,0,0,
T Banton,0,0,
PA Browne,0,0,
Faisal Iqbal,0,0,
JL Smith,0,0,
D Keulder,0,0,
TS Kamunhukamwe,0,0,
D Bau,0,0,
DF Watts,0,0,
Nafees Iqbal,0,0,
N Hussain,0,0,
ZE Surkari,0,0,
CE Coulter Reilly,0,0,
AR Odedara,0,0,
RS Kaluwitharana,0,0,
Dhiman Ghosh,0,0,
PA Jaques,0,0,
Usman Limbada,0,0,
B Tau,0,0,
JP Maher,0,0,
Ayasha Rahman,0,0,
AL Hodgkinson,0,0,
N Koncharoenkai,0,0,
JW Jenner,0,0,
J Edness,0,0,
Khalid Kail,0,0,
CMG Atkins,0,0,
RD Gaikwad,0,0,
S Meghana,0,0,
Jaker Ali,0,0,
L Jack,0,0,
DP Hyatt,0,0,
C Carter,0,0,
AN Kervezee,0,0,
SV Carlisle,0,0,
R Murray,0,0,
A Maregwede,0,0,
KNM Fernando,0,0,
MM English,0,0,
BA Parchment,0,0,
SR Hain,0,0,
A Minny,0,0,
SL Kalis,0,0,
HDJ Siegers,0,0,
AA Jangoo,0,0,
DA Minors,0,0,
KV Jain,0,0,
PS Athavale,0,0,
Yasir Ali Chowdhury,0,0,
Shahzaib Hasan,0,0,
R Kanoh,0,0,
CJ Bowes,0,0,
Hamza Tariq,0,0,
RA Jones,0,0,
GEF Barnett,0,0,
JV Harris,0,0,
GB Murgatroyd,0,0,
PBB Rajapaksa,0,0,
N Davin,0,0,
SE Findlay,0,0,
J Fraser-McGurk,0,0,
P Mujaji,0,0,
FL Reifer,0,0,
JJ Atkinson,0,0,
CJ Nevin,0,0,
GC Bhogle,0,0,
A Lister,0,0,
M McColl,0,0,
Rabiya Shah,0,0,
M Spoors,0,0,
E Claridge,0,0,
S Badrinath,0,0,
HJ Armitage,0,0,
T Suri,0,0,
Sami Aslam,0,0,
SP Khakurel,0,0,
SC Taylor,0,0,
Ravinderpal Singh,0,0,
SC Joseph,0,0,
CA Lynn,0,0,
SW Poynter,0,0,
N Gwanzura,0,0,
U Raymond-Hoey,0,0,
DS Weerakkody,0,0,
SS McKechnie,0,0,
TP Visee,0,0,
J Smits,0,0,
K Frank,0,0,
TN de Grooth,0,0,
Sana Javed,0,0,
SR Waters,0,0,
Sharmin Sultana,0,0,
JR Philippe,0,0,
AD Poynter,0,0,
Batool Fatima,0,0,
PD McGlashan,0,0,
Adnan Akmal,0,0,
J Gray,0,0,
BT Foakes,0,0,
Shahid Wasif,0,0,
PJ Scholfield,0,0,
BAM Heath,0,0,
MJ Hay,0,0,
Abdul Jabbar,0,0,
Mohammad Naim,0,0,
Hammad Mirza,0,0,
M van Schoor,0,0,
TMK Mawoyo,0,0,
Tayyab Tahir,0,0,
L Sreekumar,0,0,
Akram Khan,0,0,
S Jora,0,0,
Zubayr Hamza,0,0,
FY Fazal,0,0,
J Figy John,0,0,
DES Maxwell,0,0,
CAK Walton,0,0,
AR Berenger,0,0,
Waqas Khan,0,0,
IR James,0,0,
CA Pujara,0,0,
VR Vanitha,0,0,
MJ Bulow,0,0,
EL Watson,0,0,
SS Tiwary,0,0,
TB Robinson,0,0,
Zulqarnain Haider,0,0,
Irfan Khan,0,0,
Tasqeen Qadeer,0,0,
KK Nair,0,0,
OV Anderson,0,0,
M Karg,0,0,
TV Mufambisi,0,0,
M De Ridder,0,0,
Tabarak Dar,0,0,
Al Sahariar,0,0,
SJ Swanepoel,0,0,
Haider Ali,0,0,
CD Cumming,0,0,
WP Saha,0,0,
KY Ottley,0,0,
Aaditya Varadarajan,0,0,
JO Troughton,0,0,
RWT Key,0,0,
NA Greenwood,0,0,
JNT Vare,0,0,
C McAuslan,0,0,
J van Vliet,0,0,
Abdul Shakoor,0,0,
LDVV Silva,0,0,
RP Alexander,0,0,
TL Seifert,0,0,
Ayesha Naseem,0,0,
HM Tiffen,0,0,
A Aitken-Drummond,0,0,
Mohammad Iqbal,0,0,
PARP Perera,0,0,
JAH Marshall,0,0,
D Cleaver,0,0,
MHW Papps,0,0,
AA Deshpande,0,0,
C Jonker,0,0,
JB Nero,0,0,
D Daesrath,0,0,
Mohammad Haris,0,0,
Saqlain Haider,0,0,
RM Jariwala,0,0,
AR Pitcher,0,0,
SM Warnapura,0,0,
B Leephatthana,0,0,
R Boyce,0,0,
DI Joyce,0,0,
JJ Celestine,0,0,
OL Pitcher,0,0,
CJ Smith,0,0,
AF Buurman,0,0,
Khurram Nawaz,0,0,
M Faisal,0,0,
SL Stewart,0,0,
S Naik,0,0,
CH van Koolwijk,0,0,
LK Ebsary,0,0,
Y van der Westhuizen,0,0,
SJ Massiah,0,0,
RD McCann,0,0,
RM Patidar,0,0,
Mohammad Salman,0,0,
JM Cox,0,0,
EC Perry,0,0,
LR Naylor,0,0,
MR Johnson,0,0,
HGV Vare,0,0,
JA Simpson,0,0,
L Rajadurai,0,0,
AF Sattaur,0,0,
S Jyoti,0,0,
LR Johnson,0,0,
S Khiaoto,0,0,
CC Dalton,0,0,
K Whatham,0,0,
SDNS Karunaratne,0,0,
J Sharma,0,0,
OO Bascome,0,0,
SP Terry,0,0,
Ankur Sharma,0,0,
JH Desai,0,0,
Nuzhat Tasnia,0,0,
F Walters,0,0,
F Tunnicliffe,0,0,
EMDY Munaweera,0,0,
I Dulani,0,0,
RM van Oosterom,0,0,
J Post,0,0,
HD Rutherford,0,0,
ML Patel,0,0,
A Valthapa,0,0,
J Da Silva,0,0,
MD du Preez,0,0,
IPP Batuwitarachchi,0,0,
NK Crafton,0,0,
Usman Salahuddin,0,0,
AA Shafique,0,0,
HIS Mendis,0,0,
GI Maiden,0,0,
S Daniel,0,0,
S Dhamala,0,0,
NS Poonia,0,0,
Saad Ali,0,0,
RS Vandort,0,0,
JW Ogle-Thomas,0,0,
Ansh Tandon,0,0,
RO Hussain,0,0,
W Jaffer,0,0,
TR Ambrose,0,0,
VB van Jaarsveld,0,0,
Ethan D'Souza,0,0,
F Kasteni,0,0,
Lovepreet Singh,0,0,
D Murphy,0,0,
Faisal Athar,0,0,
SJ Elliott,0,0,
Dilara Akter,0,0,
NJ Coffey,0,0,
H Davids,0,0,
KH Butt,0,0,
RH Scholte,0,0,
GA Manou,0,0,
Shawaal Zulfiqar,0,0,
Naved Latif,0,0,
V Shetty,0,0,
Zeeshan Siddiqi,0,0,
NA Rock,0,0,
ADR Campbell,0,0,
D Prins,0,0,
NA Statham,0,0,
CR Foggo,0,0,
SO Dowrich,0,0,
M Commins,0,0,
JE Dunford,0,0,
MQ Sheikh,0,0,
Naumanullah,0,0,
RT Crandon,0,0,
NA Moodley,0,0,
Aijaz Ali,0,0,
N Fernandes,0,0,
JN Hamilton,0,0,
N Kruger,0,0,
Kaynat Hafeez,0,0,
HAPW Jayawardene,0,0,
SD Heazlett,0,0,
Rony Talukdar,0,0,
MWA van Nierop,0,0,
VAB Tewarie,0,0,
A le Breton,0,0,
DOD Rikhi,0,0,
KA Blackwell,0,0,
HML Madushani,0,0,
Sagar Pun,0,0,
CK Kruger,0,0,
RJ Rolls,0,0,
JN Rhodes,0,0,
U Thimashini,0,0,
JNK Shannon,0,0,
Fahad Nawaz,0,0,
PG Gillespie,0,0,
KL Rolton,0,0,
J Pashley,0,0,
Nasir Javed,0,0,
HWR Cartwright,0,0,
Alawi Shukri,0,0,
Zakir Hasan,0,0,
RR Ramdass,0,0,
NV Ojha,0,0,
Jannatul Ferdus,0,0,
CM Beggs,0,0,
Moniruzzaman,0,0,
RA Rolfe,0,0,
D Foxcroft,0,0,
R Walters,0,0,
TJ Bishop,0,0,
AG Puttick,0,0,
VCE Wattenberg,0,0,
LM Hoitink,0,0,
MF Fahey,0,0,
SI Galagedara,0,0,
APS Lakshika,0,0,
Melanie Ani,0,0,
A Chopra,0,0,
JC Carroll,0,0,
Sumaiya Akter,0,0,
KL Tucker,0,0,
Pooja Ganesh,0,0,
S Lackay,0,0,
Simandeep Singh,0,0,
Sultana Yesmin,0,0,
Shahriar Hossain,0,0,
Salman Faris,0,0,
Haseebullah Khan,0,0,
Syeda Aroob Shah,0,0,
