player_name,Total_Balls_Faced,Total_Runs,Runs_Per_Ball
V Kohli,15031,13784,0.9170381212161532
KC Sangakkara,14634,11618,0.7939046057127238
MS Dhoni,12090,10274,0.849793217535153
RG Sharma,11782,10646,0.9035817348497709
TM Dilshan,10777,9212,0.8547833348798367
DPMD Jayawardene,10232,8040,0.7857701329163409
LRPL Taylor,10040,8126,0.8093625498007968
Tamim Iqbal,9979,7648,0.766409459865718
AB de Villiers,9488,9435,0.9944139966273187
MJ Clarke,9095,6988,0.7683342495876856
HM Amla,9058,7834,0.8648708324133363
Mushfiqur Rahim,8986,7094,0.7894502559537058
WU Tharanga,8845,6482,0.7328434143583946
RT Ponting,8658,6979,0.8060753060753061
MJ Guptill,8358,7125,0.8524766690595836
Mohammad Hafeez,8347,6351,0.7608721696417875
Yuvraj Singh,8037,6868,0.8545477168097548
EJG Morgan,7767,6953,0.8951976310029612
SR Tendulkar,7607,6432,0.8455370053897726
S Dhawan,7524,6733,0.894869750132908
CH Gayle,7434,6433,0.8653483992467044
Q de Kock,7024,6661,0.9483200455580866
IR Bell,6997,5289,0.7558953837358868
DA Warner,6974,6623,0.9496702036134212
AD Mathews,6934,5646,0.8142486299394289
BRM Taylor,6929,5130,0.7403665752633858
Mahmudullah,6795,5127,0.7545253863134658
Misbah-ul-Haq,6549,4752,0.7256069628950985
Babar Azam,6513,5659,0.8688776293566712
SPD Smith,6499,5549,0.8538236651792583
Younis Khan,6411,4777,0.7451255654344096
SD Hope,6384,4989,0.7814849624060151
F du Plessis,6288,5445,0.8659351145038168
SK Raina,6147,5585,0.9085732877826582
AJ Finch,6135,5188,0.845639771801141
MEK Hussey,6012,5076,0.844311377245509
JP Duminy,5986,4928,0.8232542599398597
SR Watson,5949,5357,0.9004874768868717
G Gambhir,5933,4981,0.839541547277937
MN Samuels,5654,4205,0.7437212592854616
H Masakadza,5646,3955,0.7004959263195183
L Wolvaardt,5606,3992,0.7120941848019978
S Chanderpaul,5605,3804,0.6786797502230152
V Sehwag,5584,5692,1.0193409742120343
PD Collingwood,5497,4132,0.7516827360378389
BB McCullum,5457,5157,0.9450247388675096
TT Beaumont,5272,3936,0.7465857359635811
RR Sarwan,5143,3717,0.7227299241687731
R Dravid,5133,3650,0.7110851353984025
LD Chandimal,5072,3657,0.7210173501577287
KP Pietersen,4990,4202,0.8420841683366733
ML Hayden,4956,3939,0.7947941888619855
TWM Latham,4819,4019,0.833990454451131
ST Jayasuriya,4778,4402,0.9213059857681039
AJ Strauss,4732,3729,0.7880388841927304
BKG Mendis,4515,3838,0.8500553709856036
DM Bravo,4475,3007,0.6719553072625698
HDRL Thirimanne,4444,3164,0.711971197119712
DA Miller,4441,4466,1.005629362756136
HH Gibbs,4434,3766,0.8493459630130807
JC Buttler,4370,5018,1.148283752860412
M Raj,4320,2949,0.6826388888888889
EA Perry,4290,3356,0.7822843822843822
SW Bates,4278,3245,0.7585320243104254
AC Gilchrist,4260,4355,1.022300469483568
AN Cook,4238,3204,0.7560169891458235
T Taibu,4237,2837,0.6695775312721265
E Chigumbura,4235,3266,0.7711924439197166
HC Knight,4205,3158,0.7510107015457789
JJ Roy,4116,4237,1.0293974732750244
S Mandhana,4007,3526,0.879960069877714
MM Lanning,3985,3555,0.8920953575909661
WTS Porterfield,3962,2670,0.673902069661787
PR Stirling,3911,3338,0.8534901559703401
AM Rahane,3812,2906,0.7623294858342078
Mohammad Yousuf,3741,2783,0.743918738305266
IJL Trott,3732,2819,0.7553590568060021
Fakhar Zaman,3721,3434,0.9228701961838216
JM Bairstow,3682,3671,0.9970124932102118
GJ Bailey,3672,3011,0.8199891067538126
BJ Haddin,3648,3003,0.8231907894736842
CR Ervine,3631,2770,0.7628752409804461
Umar Akmal,3626,3032,0.8361831218974076
Ahmed Shehzad,3623,2555,0.7052166712669059
AE Satterthwaite,3618,2895,0.8001658374792703
AC Jayangani,3539,2760,0.7798813224074598
RS Bopara,3520,2689,0.7639204545454545
DJ Bravo,3506,2760,0.7872219053051911
Imam-ul-Haq,3492,2840,0.8132875143184422
V Sibanda,3467,2125,0.6129218344389963
SC Ganguly,3429,2409,0.7025371828521435
MDKJ Perera,3375,3077,0.9117037037037037
Kamran Akmal,3374,2746,0.8138707765263782
SE Marsh,3318,2622,0.7902350813743219
A Balbirnie,3285,2438,0.7421613394216134
Imrul Kayes,3268,2242,0.686046511627907
KL Rahul,3197,2761,0.8636221457616515
M du Preez,3194,2223,0.6959924859110833
SFM Devine,3194,2796,0.8753913587977458
S Luus,3186,2080,0.6528562460765851
CJ Chibhabha,3130,1987,0.6348242811501598
HK Matthews,3096,2327,0.7516149870801033
RD Berrington,3082,2292,0.7436729396495781
Bismah Maroof,3063,1938,0.6327130264446621
L Lee,3044,2516,0.8265440210249672
SP Fleming,3036,2133,0.7025691699604744
GJ Maxwell,3031,3655,1.205872649290663
DR Martyn,2970,2239,0.7538720538720539
MV Boucher,2961,2617,0.8838230327592029
MS Atapattu,2960,1978,0.6682432432432432
MR Marsh,2953,2762,0.935320013545547
Salman Butt,2932,2186,0.7455661664392906
AJ Healy,2897,2759,0.9523645150155333
KA Pollard,2877,2608,0.9064998262078554
BL Mooney,2872,2433,0.8471448467966574
KJ Coetzer,2826,2280,0.8067940552016986
HE van der Dussen,2806,2388,0.8510334996436208
V Aravind,2741,1843,0.6723823422108719
LMP Simmons,2741,1958,0.7143378329076979
Abdul Razzaq,2689,2327,0.8653774637411678
HM Nicholls,2679,2116,0.7898469578200821
Sarfraz Ahmed,2673,2289,0.856341189674523
EC Joyce,2666,1845,0.6920480120030007
D Ramdin,2636,2072,0.7860394537177542
A Vala,2594,1783,0.687355435620663
TM Head,2588,2645,1.0220247295208655
CL White,2583,2053,0.794812233836624
Liton Das,2583,2178,0.8432055749128919
Fargana Hoque,2581,1275,0.49399457574583494
Mohammad Rizwan,2580,2254,0.8736434108527131
M Kapp,2573,2195,0.8530897784687136
CS MacLeod,2570,2015,0.7840466926070039
Sidra Ameen,2530,1595,0.6304347826086957
RL Haynes,2485,1966,0.7911468812877264
AD Hales,2483,2330,0.9383809907370116
Inzamam-ul-Haq,2482,1916,0.7719580983078163
AE Jones,2480,2071,0.8350806451612903
ME Trescothick,2480,1997,0.805241935483871
Azhar Ali,2478,1806,0.7288135593220338
AC Kerr,2473,1854,0.7496967246259604
MH Cross,2464,1675,0.679788961038961
BC Lara,2455,1878,0.764969450101833
SS Iyer,2444,2396,0.9803600654664485
MP O'Dowd,2441,1682,0.6890618598934862
JO Holder,2431,2144,0.8819415878239407
MM Ali,2418,2278,0.9421009098428453
NJ O'Brien,2394,1692,0.706766917293233
A Flintoff,2366,2096,0.885883347421809
Shubman Gill,2351,2328,0.9902169289663972
PG Raut,2350,1436,0.6110638297872341
MG Erasmus,2308,1810,0.7842287694974004
Javeria Khan,2289,1408,0.6151157710790738
KD Karthik,2275,1624,0.7138461538461538
Rohan Mustafa,2261,1401,0.6196373286156568
AT Carey,2257,1978,0.8763845813026141
MD Patel,2239,1792,0.8003573023671282
MS Wade,2226,1792,0.8050314465408805
Yasir Hameed,2225,1459,0.6557303370786517
RK Paudel,2224,1629,0.7324640287769785
E Lewis,2219,1903,0.857593510590356
Yousuf Youhana,2208,1740,0.7880434782608695
CK Kapugedera,2157,1505,0.6977283263792304
P Nissanka,2152,1810,0.8410780669144982
KJ O'Brien,2151,1990,0.9251510925151093
Soumya Sarkar,2145,2044,0.9529137529137529
AT Rayudu,2143,1637,0.7638824078394774
M Labuschagne,2130,1764,0.828169014084507
MP Vaughan,2118,1382,0.6525023607176582
KIC Asalanka,2090,1810,0.8660287081339713
ML Green,2078,1407,0.6770933589990376
NJ Astle,2078,1571,0.7560153994225216
DJS Dottin,2070,1679,0.8111111111111111
NE Bolton,2069,1443,0.6974383760270663
T Chetty,2064,1414,0.685077519379845
M Kaif,2062,1314,0.6372453928225025
GH Lewis,2043,1348,0.6598139990210474
Haris Sohail,2010,1709,0.8502487562189055
Asad Shafiq,1986,1312,0.6606243705941591
S Matsikenyeri,1968,1309,0.6651422764227642
HG Munsey,1967,1675,0.8515505846466701
OA Shah,1963,1579,0.804381049414162
SA Campbelle,1948,1167,0.5990759753593429
Aasif Sheikh,1943,1423,0.7323726196603191
SJ Taylor,1932,1651,0.8545548654244306
HT Tector,1931,1622,0.8399792853443812
Nasir Jamshed,1931,1418,0.7343345416882444
DJG Sammy,1926,1853,0.9620976116303219
N Pooran,1913,1829,0.9560899111343439
DJ Hussey,1912,1672,0.8744769874476988
Raqibul Hasan,1910,1177,0.6162303664921466
Imran Farhat,1909,1232,0.645364064955474
HH Dippenaar,1903,1283,0.674198633736206
Jatinder Singh,1900,1356,0.7136842105263158
Nigar Sultana,1899,927,0.4881516587677725
MD Gunathilaka,1899,1592,0.8383359662980516
Aliya Riaz,1896,1207,0.6366033755274262
RS Morton,1872,1205,0.6436965811965812
UT Khawaja,1865,1539,0.825201072386059
DN Wyatt,1851,1680,0.9076175040518638
J Charles,1840,1544,0.8391304347826087
Shahriar Nafees,1817,1216,0.6692350027517887
LPC Silva,1805,1279,0.7085872576177286
Anamul Haque,1785,1322,0.7406162464985995
Nida Dar,1784,1171,0.656390134529148
T Bavuma,1774,1548,0.8726042841037204
Nahida Khan,1760,1121,0.6369318181818182
N Dickwella,1758,1604,0.9124004550625711
PG Fulton,1726,1216,0.7045191193511008
H Klaasen,1719,1977,1.150087260034904
Vikramjit Singh,1692,1190,0.7033096926713948
DJ Mitchell,1673,1616,0.9659294680215182
Habibul Bashar,1671,926,0.5541591861160982
SA Edwards,1659,1504,0.9065702230259193
WA Young,1655,1426,0.861631419939577
WIA Fernando,1653,1404,0.8493647912885662
GC Wilson,1653,1232,0.7453115547489413
MJ Prior,1652,1229,0.7439467312348669
RW Chakabva,1650,1106,0.6703030303030303
Aarif Sheikh,1648,1032,0.6262135922330098
HH Pandya,1636,1762,1.0770171149144254
Waseem Muhammad,1628,1398,0.8587223587223587
WW Hinds,1626,1066,0.6555965559655597
MP Stoinis,1622,1489,0.9180024660912454
Mashrafe Mortaza,1609,1304,0.8104412678682411
Muneeba Ali,1609,948,0.5891858297078931
L Vincent,1593,1089,0.6836158192090396
BA King,1576,1306,0.8286802030456852
CP Rizwan,1573,901,0.5727908455181182
IK Pathan,1548,1226,0.7919896640826873
CJA Amini,1545,952,0.6161812297734628
JDS Neesham,1538,1508,0.9804941482444733
KJ Martin,1536,1161,0.755859375
Junaid Siddique,1531,1021,0.666884389288047
TP Ura,1526,1196,0.783748361730013
CN Nation,1526,831,0.5445609436435125
SM Katich,1517,1041,0.6862228081740277
Mehedi Hasan Miraz,1516,1188,0.783641160949868
DJ Malan,1504,1418,0.9428191489361702
K Bhurtel,1498,1182,0.7890520694259012
RP Arnold,1491,1039,0.6968477531857814
S Bau,1483,874,0.5893459204315576
Chirag Suri,1472,924,0.6277173913043478
CM Edwards,1464,1054,0.7199453551912568
SJ Modani,1460,898,0.6150684931506849
Nazmul Hossain Shanto,1457,1165,0.7995881949210707
Aftab Ahmed,1451,1061,0.7312198483804273
JM How,1449,939,0.6480331262939959
M van Lingen,1442,1300,0.9015256588072122
JR Hopes,1436,1326,0.9233983286908078
DR Smith,1430,1261,0.8818181818181818
Asif Khan,1426,1155,0.8099579242636746
DP Conway,1410,1226,0.8695035460992908
Sabbir Rahman,1395,1259,0.9025089605734767
MN Waller,1383,1039,0.7512653651482285
DS Smith,1379,973,0.7055837563451777
L Goodall,1364,817,0.5989736070381232
FDM Karunaratne,1363,1044,0.7659574468085106
KH Prajapati,1351,996,0.7372316802368616
Kycia A Knight,1350,699,0.5177777777777778
CL Tryon,1344,1440,1.0714285714285714
RR Rossouw,1341,1239,0.9239373601789709
SO Hetmyer,1335,1410,1.0561797752808988
KU Carty,1317,1000,0.7593014426727411
MD Shanaka,1317,1153,0.8754745634016705
KM Jadhav,1307,1318,1.008416220351951
JI Rodrigues,1299,1051,0.8090839107005389
JD Ryder,1294,1242,0.9598145285935085
A Steyn,1278,781,0.6111111111111112
AJ Blackwell,1258,953,0.7575516693163752
TD Paine,1250,861,0.6888
Kyshona A Knight,1244,597,0.47990353697749194
L Ronchi,1241,1397,1.1257050765511685
JA Rudolph,1228,820,0.6677524429967426
DS Airee,1217,861,0.7074774034511093
HASD Siriwardene,1213,679,0.5597691673536686
Muhammad Usman,1212,888,0.7326732673267327
RR Hendricks,1211,930,0.7679603633360859
MADD Surangika,1210,642,0.5305785123966942
C Munro,1207,1249,1.0347970173985086
TM Odoyo,1201,830,0.6910907577019151
SHT Kandamby,1198,827,0.6903171953255426
VS Solanki,1194,829,0.6943048576214406
KOA Powell,1191,934,0.7842149454240135
S Samarawickrama,1184,1073,0.90625
CA Soper,1179,653,0.5538592027141646
JN Malan,1177,958,0.8139337298215803
GWHM Perera,1177,668,0.5675446049277825
MG Bevan,1177,755,0.6414613423959218
MA Leask,1173,1306,1.113384484228474
BM Halliday,1172,828,0.7064846416382252
PM Weerakkody,1172,638,0.5443686006825939
A Gardner,1168,1175,1.0059931506849316
NT Broom,1168,919,0.7868150684931506
JJ Smit,1167,839,0.7189374464438731
Shaiman Anwar,1162,947,0.814974182444062
G Singh,1155,938,0.8121212121212121
SSJ Brooks,1150,842,0.7321739130434782
G Malla,1145,753,0.6576419213973799
P Litchfield,1142,895,0.7837127845884413
VVS Laxman,1142,828,0.7250437828371279
Sharmin Akhter,1140,643,0.5640350877192982
Khaled Mashud,1139,605,0.5311676909569798
T Brits,1137,786,0.6912928759894459
C Kieswetter,1130,985,0.8716814159292036
AG Prince,1126,761,0.6758436944937833
PJ Hughes,1118,826,0.738819320214669
Rameez Shahzad,1118,848,0.7584973166368515
F Behardien,1114,1074,0.9640933572710951
LS Greenway,1112,732,0.658273381294964
JWA Taylor,1105,879,0.7954751131221719
O Prendergast,1104,821,0.7436594202898551
SO Tikolo,1097,705,0.6426618049225159
H Madavi,1093,729,0.666971637694419
Umaima Sohail,1086,670,0.6169429097605893
B Sharki,1081,703,0.6503237742830712
W Barresi,1076,820,0.7620817843866171
JN Loftie-Eaton,1072,796,0.7425373134328358
RV Uthappa,1070,934,0.8728971962616823
NND de Silva,1064,703,0.6607142857142857
BJ McMullen,1058,888,0.8393194706994329
R Powell,1054,915,0.8681214421252372
DD Ebrahim,1050,555,0.5285714285714286
RS Williams,1032,477,0.4622093023255814
Shoaib Khan,1025,843,0.8224390243902439
L Siaka,1013,749,0.7393879565646594
MG Johnson,1002,934,0.9321357285429142
AL Phehlukwayo,996,827,0.8303212851405622
A Bagai,995,614,0.6170854271356784
SIR Dunkley,993,789,0.7945619335347432
MF Maharoof,991,799,0.8062563067608476
TT Bresnan,984,871,0.8851626016260162
HJH Marshall,980,661,0.6744897959183673
N Vanua,974,769,0.7895277207392197
Javed Omar,967,468,0.483971044467425
AC Voges,956,798,0.8347280334728033
Nain Abidi,955,521,0.5455497382198953
YH Bhatia,953,666,0.6988457502623295
A Hunter,950,776,0.8168421052631579
Mohammad Mithun,948,711,0.75
SF Mire,944,729,0.7722457627118644
CA Ingram,935,761,0.813903743315508
Pargat Singh,930,722,0.7763440860215054
JN Mohammed,929,621,0.6684607104413348
K Doriga,927,520,0.5609492988133765
L Louwrens,918,535,0.5827886710239651
H Thaker,916,612,0.6681222707423581
TT Samaraweera,914,669,0.7319474835886215
Ishan Kishan,890,886,0.9955056179775281
Towhid Hridoy,888,759,0.8547297297297297
PA Patel,884,693,0.7839366515837104
GO Jones,883,715,0.8097395243488109
N Deonarine,873,546,0.6254295532646048
ZE Green,872,686,0.786697247706422
Kushal Malla,870,756,0.8689655172413793
Sompal Kami,866,621,0.7170900692840647
BJ Watling,860,573,0.6662790697674419
Imad Wasim,860,937,1.0895348837209302
SR Mukkamalla,858,711,0.8286713286713286
L Tucker,856,657,0.7675233644859814
MA Ouma,855,468,0.5473684210526316
RR Pant,846,871,1.029550827423168
WPUJC Vaas,845,569,0.6733727810650888
KT Perkins,838,618,0.7374701670644391
LJ Wright,838,707,0.8436754176610979
PWH de Silva,836,859,1.027511961722488
JN Frylinck,835,615,0.7365269461077845
J Mubarak,833,531,0.6374549819927972
R Ashwin,831,707,0.8507821901323707
Gulsan Jha,827,625,0.7557436517533253
N de Klerk,817,589,0.7209302325581395
RH Priest,816,661,0.8100490196078431
Shafali Verma,813,644,0.7921279212792128
AD Russell,805,1034,1.284472049689441
LR Down,799,486,0.6082603254067585
L Winfield,797,564,0.7076537013801757
MA Vermeulen,796,517,0.6494974874371859
CJ Ferguson,795,663,0.8339622641509434
H Hiri,794,435,0.5478589420654912
Aayan Afzal Khan,791,585,0.7395701643489254
PL Mommsen,786,601,0.7646310432569975
AT Nidamanuru,781,713,0.912932138284251
PJ Moor,781,520,0.6658130601792573
Murshida Khatun,780,429,0.55
TLW Cooper,776,576,0.7422680412371134
C Green,770,626,0.812987012987013
PD Salt,770,866,1.1246753246753247
SW Billings,768,690,0.8984375
Sandeep Goud,766,535,0.6984334203655352
RM Ghosh,765,690,0.9019607843137255
Ayesha Zafar,764,407,0.5327225130890052
PRCS Kumarihami,764,283,0.3704188481675393
SA Yadav,751,773,1.0292942743009321
GD Phillips,749,710,0.9479305740987984
Babar Hayat,749,539,0.719626168224299
MDN Hansika,748,357,0.4772727272727273
JF Mooney,746,610,0.8176943699731903
WD Parnell,743,574,0.7725437415881561
BMAJ Mendis,741,593,0.8002699055330634
CK Coventry,737,645,0.8751696065128901
YK Pathan,736,810,1.1005434782608696
H Deol,733,561,0.7653478854024557
JA Morkel,727,705,0.9697386519944979
J Botha,718,594,0.8272980501392758
Ghulam Shabber,716,444,0.6201117318435754
BM Duckett,713,700,0.9817671809256662
SM Sharif,705,492,0.6978723404255319
AA Obanda,704,487,0.6917613636363636
CA Henry,703,537,0.7638691322901849
SL Malinga,701,508,0.724679029957204
MAA Sanjeewani,699,395,0.5650929899856938
Fatima Sana,696,484,0.6954022988505747
Sharjeel Khan,692,787,1.1372832369942196
Abdullah Shafique,689,554,0.8040638606676342
N Chantam,689,473,0.6865021770682148
Rumana Ahmed,683,346,0.5065885797950219
RN ten Doeschate,682,594,0.8709677419354839
JM Vince,682,590,0.8651026392961877
XM Marshall,677,379,0.5598227474150664
JWM Dalrymple,677,487,0.7193500738552437
M Mupachikwa,675,376,0.557037037037037
P Vastrakar,671,579,0.8628912071535022
Mominul Haque,671,495,0.7377049180327869
Sidra Nawaz,666,325,0.487987987987988
MS Chapman,665,684,1.0285714285714285
PSP Handscomb,656,632,0.9634146341463414
Mosaddek Hossain,655,524,0.8
Agha Salman,652,637,0.9769938650306749
NR Kirton,651,483,0.7419354838709677
GS Ballance,647,454,0.7017001545595054
RD Shah,647,407,0.6290571870170015
JL Denly,645,446,0.6914728682170542
MV Waldron,639,290,0.4538341158059468
FH Allen,637,582,0.9136577708006279
RJ Peterson,636,523,0.8223270440251572
JL Jonassen,632,533,0.8433544303797469
MN van Wyk,631,425,0.6735340729001584
KM Dabengwa,631,364,0.5768621236133122
AR Patel,631,568,0.9001584786053882
Afif Hossain,631,548,0.8684627575277337
AB Barath,629,394,0.6263910969793323
Nizakat Khan,628,508,0.8089171974522293
MK Pandey,624,558,0.8942307692307693
A Ndiraya,624,428,0.6858974358974359
HC Brook,619,653,1.0549273021001615
CR Brathwaite,613,527,0.8597063621533442
AN Petersen,610,498,0.8163934426229508
LV van Beek,610,505,0.8278688524590164
KAJ Roach,610,308,0.5049180327868853
EJ Villani,606,468,0.7722772277227723
Imran Nazir,604,531,0.8791390728476821
JE Cameron,601,452,0.7520798668885191
CD Wallace,598,515,0.8612040133779264
MR Aguilleira,598,323,0.540133779264214
KO Otieno,595,250,0.42016806722689076
DW Steyn,592,365,0.6165540540540541
DA Gunawardene,591,322,0.544839255499154
DO Obuya,583,302,0.5180102915951973
Shayan Jahangir,583,497,0.8524871355060034
BJ Hodge,583,516,0.8850771869639794
MA Jones,582,385,0.6615120274914089
B Cooper,581,339,0.5834767641996558
J Gumbie,581,379,0.6523235800344234
PJ Forrest,577,368,0.6377816291161178
RMVD Gunaratne,573,401,0.699825479930192
MR Meshram,571,322,0.563922942206655
AA Alleyne,568,341,0.6003521126760564
A Mohammed,568,232,0.4084507042253521
SJ Baard,567,326,0.5749559082892416
MS Sinclair,566,367,0.6484098939929329
T Mishra,564,395,0.700354609929078
CS Baugh,563,382,0.6785079928952042
HP Tillakaratne,562,332,0.5907473309608541
MDT Kamini,556,353,0.6348920863309353
J Nkomo,553,354,0.6401446654611211
S Ismail,551,273,0.4954627949183303
CG Williams,550,427,0.7763636363636364
Karan KC,549,457,0.8324225865209471
CM McBride,548,386,0.7043795620437956
K Verreynne,546,476,0.8717948717948718
Shamima Sultana,540,304,0.562962962962963
Hannan Sarkar,537,280,0.521415270018622
SMA Priyanjan,533,420,0.7879924953095685
SV Samson,527,510,0.967741935483871
JP Inglis,525,521,0.9923809523809524
Suraj Kumar,524,392,0.7480916030534351
NS Dhaliwal,523,295,0.5640535372848948
SS Weerakkody,521,328,0.6295585412667947
I Kaia,520,332,0.6384615384615384
SA Engelbrecht,519,327,0.630057803468208
DLS van Bunge,519,293,0.5645472061657033
Simi Singh,517,406,0.7852998065764023
M Vijay,516,339,0.6569767441860465
KA Edwards,510,331,0.6490196078431373
SW Ambris,505,473,0.9366336633663367
Taufeeq Umar,504,262,0.5198412698412699
PS Punia,503,273,0.5427435387673957
ADS Fletcher,503,305,0.6063618290258449
HM Rowe,501,332,0.6626746506986028
DG Brownlie,500,361,0.722
S Lamichhane,500,440,0.88
AR White,498,301,0.6044176706827309
MW Machan,497,393,0.7907444668008048
Sadaf Shamas,496,262,0.5282258064516129
CB Wishart,496,361,0.7278225806451613
G Toka,496,268,0.5403225806451613
Pratika Rawal,496,444,0.8951612903225806
CNIM Joyce,493,228,0.46247464503042596
T Duffin,492,224,0.45528455284552843
MH Yardy,490,326,0.6653061224489796
PA de Silva,487,390,0.8008213552361396
NV Knight,483,339,0.7018633540372671
D Khanal,482,329,0.6825726141078838
S Movva,482,324,0.6721991701244814
ES Szwarczynski,482,281,0.58298755186722
A Bosch,481,355,0.738045738045738
Tushar Imran,477,250,0.5241090146750524
WG Jacks,477,468,0.9811320754716981
V Krishnamurthy,475,410,0.8631578947368421
D la Cock,475,313,0.6589473684210526
L Winfield-Hill,474,294,0.620253164556962
DT Johnston,473,361,0.7632135306553911
EL Lamb,473,396,0.8372093023255814
A Flower,472,332,0.7033898305084746
F Overdijk,471,224,0.47558386411889597
A Sharma,468,323,0.6901709401709402
I Ranaweera,468,179,0.38247863247863245
SJ Myburgh,466,347,0.7446351931330472
ME Bouchier,466,482,1.0343347639484979
LA Marsh,465,264,0.567741935483871
AR Nurse,464,454,0.978448275862069
PW Borren,463,413,0.8920086393088553
R Gunasekera,463,255,0.550755939524838
S Prasanna,460,421,0.9152173913043479
A Johnson,460,438,0.9521739130434783
HS Modi,457,205,0.4485776805251641
SP Narine,455,363,0.7978021978021979
SE Rutherford,450,497,1.1044444444444443
R Rampaul,450,338,0.7511111111111111
JP Kotze,449,316,0.7037861915367484
R Mutumbami,447,319,0.7136465324384788
B Bhandari,443,265,0.5981941309255079
R Trumpelmann,441,350,0.7936507936507936
FC Wilson,441,412,0.9342403628117913
S Chattergoon,441,281,0.63718820861678
K Birkenstock,438,233,0.5319634703196348
B de Leede,435,289,0.664367816091954
ASS Fletcher,434,282,0.6497695852534562
CN Ackermann,434,326,0.7511520737327189
Asmavia Iqbal,430,225,0.5232558139534884
IDR Bradshaw,423,259,0.6122931442080378
AR Cusack,422,264,0.6255924170616114
C Brits,421,292,0.6935866983372921
R Stokell,421,247,0.5866983372921615
H Karunaratne,420,190,0.4523809523809524
AC Botha,419,265,0.6324582338902148
Adnan Mufti,413,328,0.7941888619854721
MK Tiwary,412,287,0.6966019417475728
BB Chari,412,186,0.45145631067961167
Kuldeep Yadav,411,195,0.4744525547445255
GE Plimmer,410,256,0.624390243902439
AJ Stewart,409,287,0.7017114914425427
Rashid Latif,408,335,0.821078431372549
Umar Amin,408,271,0.6642156862745098
M Musonda,405,262,0.6469135802469136
A Saud,401,189,0.4713216957605985
AC Agar,400,322,0.805
HMD Rasangika,400,232,0.58
Ali Naseer,399,396,0.9924812030075187
T de Zorzi,399,381,0.9548872180451128
SS Pathirana,399,332,0.8320802005012531
N Chaiwai,398,244,0.6130653266331658
LM Jongwe,398,315,0.7914572864321608
A Capsey,395,283,0.7164556962025317
LMM Tahuhu,395,340,0.8607594936708861
UDU Chandana,393,260,0.6615776081424937
JM Davison,393,443,1.1272264631043256
S Mostary,391,224,0.5728900255754475
AF Giles,390,286,0.7333333333333333
S Randiv,390,280,0.717948717948718
IS Billcliff,389,223,0.5732647814910026
GH Worker,389,272,0.699228791773779
Amjad Ali,387,249,0.6434108527131783
Washington Sundar,386,315,0.8160621761658031
A Sharafu,385,257,0.6675324675324675
AM Samad,382,226,0.5916230366492147
Diana Baig,380,262,0.6894736842105263
Iram Javed,380,216,0.5684210526315789
BM Scholtz,380,251,0.6605263157894737
DN Wellalage,380,285,0.75
SK Patel,379,278,0.7335092348284961
DC Thomas,379,238,0.6279683377308707
Musa Ahmed,379,238,0.6279683377308707
A Athanaze,378,306,0.8095238095238095
CS Mugeri-Tiripano,378,280,0.7407407407407407
R Chopra,377,260,0.6896551724137931
AJ Hosein,375,266,0.7093333333333334
JP Bray,371,234,0.6307277628032345
B Bezuidenhout,370,266,0.7189189189189189
T Ruma,368,232,0.6304347826086957
B Zuiderent,368,178,0.483695652173913
MD Dai,367,277,0.7547683923705722
ML Udawatte,367,243,0.662125340599455
NFI McCallum,366,233,0.6366120218579235
AK Sah,365,320,0.8767123287671232
MO Odumbe,363,324,0.8925619834710744
TM Dowlin,362,228,0.6298342541436464
NY McLean,362,231,0.638121546961326
D Dhingra,362,237,0.6546961325966851
IH Romaine,360,175,0.4861111111111111
Tanzid Hasan,360,364,1.011111111111111
KE Bryce,358,301,0.840782122905028
Shamsur Rahman,357,266,0.7450980392156863
S Horley,356,276,0.7752808988764045
RM Haq,354,181,0.5112994350282486
C Tear,354,237,0.6694915254237288
C Madande,353,251,0.7110481586402266
KDU Prabodhani,353,126,0.35694050991501414
IJR Zwilling,351,145,0.4131054131054131
PA Nixon,351,297,0.8461538461538461
Lata Mondal,349,170,0.4871060171919771
WP Masakadza,345,204,0.591304347826087
S Forbes,342,175,0.5116959064327485
KP Meiyappan,342,163,0.4766081871345029
R Rijke,339,238,0.7020648967551623
T Marumani,338,214,0.6331360946745562
DR Chumney,336,219,0.6517857142857143
Naseem Khushi,335,360,1.0746268656716418
JM Fields,333,215,0.6456456456456456
TK Curran,332,303,0.9126506024096386
Saud Shakeel,328,283,0.8628048780487805
Jahurul Islam,325,226,0.6953846153846154
CT Dhururu,325,140,0.4307692307692308
Nashra Sandhu,323,89,0.2755417956656347
Khurram Manzoor,323,206,0.6377708978328174
N Vare,323,138,0.42724458204334365
SMSM Senanayake,321,290,0.9034267912772586
Moin Khan,318,274,0.8616352201257862
LE Bosman,318,301,0.9465408805031447
Kashif Daud,318,282,0.8867924528301887
Saeed Anwar,318,218,0.6855345911949685
P Khadka,317,252,0.7949526813880127
Asif Ali,317,375,1.1829652996845426
GJ Hopkins,317,236,0.7444794952681388
S Dhaniram,316,281,0.8892405063291139
V Sukumaran,314,194,0.6178343949044586
DT Christian,313,273,0.8722044728434505
Marina Iqbal,312,137,0.4391025641025641
JH Davey,312,193,0.6185897435897436
DE Budge,311,237,0.7620578778135049
AM Tribe,310,233,0.7516129032258064
TA Blundell,309,266,0.86084142394822
Saleem Elahi,307,199,0.6482084690553745
NR Kumar,306,177,0.5784313725490197
NRJ Croes,305,207,0.6786885245901639
GM Hamilton,305,173,0.5672131147540984
GB Brent,305,192,0.6295081967213115
RP Singh,304,135,0.4440789473684211
D Devnarain,302,145,0.48013245033112584
D Ganga,302,152,0.5033112582781457
Saad Bin Zafar,299,217,0.725752508361204
ZE Surkari,299,127,0.42474916387959866
NC Dodd,299,145,0.48494983277591974
A Kolan,297,155,0.5218855218855218
IC Gaze,295,176,0.5966101694915255
S Sriharsha,295,200,0.6779661016949152
SP Patil,295,153,0.5186440677966102
MJ Henry,294,268,0.9115646258503401
HN Ya France,293,237,0.8088737201365188
Shariz Ahmad,291,159,0.5463917525773195
AR Odedara,287,126,0.43902439024390244
F Mutizwa,282,183,0.648936170212766
DEM Carter,281,200,0.7117437722419929
BR McDermott,280,223,0.7964285714285714
P Molkenboer,279,135,0.4838709677419355
S Jafta,278,144,0.5179856115107914
CR Seneviratna,277,133,0.48014440433212996
LM Kasperek,276,148,0.5362318840579711
SA Wijeratne,275,191,0.6945454545454546
ST Doheny,275,165,0.6
DJM Short,274,211,0.7700729927007299
I Maraj,273,98,0.358974358974359
Najiha Alvi,271,170,0.6273062730627307
Nafees Iqbal,270,128,0.4740740740740741
AJ Redmond,266,152,0.5714285714285714
NW Bracken,265,174,0.6566037735849056
M Klaas,265,103,0.3886792452830189
D Bishoo,265,164,0.6188679245283019
T Kaitano,264,157,0.5946969696969697
Kainat Imtiaz,264,115,0.4356060606060606
ND McKenzie,260,182,0.7
DM Richards,260,179,0.6884615384615385
Faisal Iqbal,260,134,0.5153846153846153
Zahoor Khan,259,143,0.5521235521235521
Y Venugopal Rao,257,161,0.6264591439688716
SJ Bryce,257,171,0.6653696498054474
Abid Ali,257,234,0.9105058365758755
Q Joseph,255,179,0.7019607843137254
BJ Patel,253,118,0.466403162055336
BYA Mendis,252,147,0.5833333333333334
STR Binny,252,230,0.9126984126984127
PJ Ongondo,250,150,0.6
SV Carlisle,249,110,0.44176706827309237
J Kila,249,159,0.6385542168674698
M Levitt,247,196,0.7935222672064778
Nazimuddin,246,147,0.5975609756097561
JA McCollum,246,178,0.7235772357723578
Shorna Akter,245,147,0.6
P Mustard,244,219,0.8975409836065574
BMSM Kumari,243,99,0.4074074074074074
Shan Masood,242,163,0.6735537190082644
Z James,242,89,0.3677685950413223
JDF Vandersay,241,112,0.46473029045643155
DF Watts,240,130,0.5416666666666666
Mohammad Boota,240,173,0.7208333333333333
SF Daley,240,141,0.5875
JF Kloppenburg,240,149,0.6208333333333333
CJO Smith,240,157,0.6541666666666667
TK Musakanda,240,210,0.875
SL Kalis,240,106,0.44166666666666665
SM Kavanagh,239,126,0.5271966527196653
SM Davies,239,244,1.0209205020920502
PJ Ingram,239,193,0.8075313807531381
PA Chatterji,239,123,0.5146443514644351
BOP Fernando,238,148,0.6218487394957983
IA Karim,237,196,0.8270042194092827
I Udana,236,227,0.961864406779661
P Siaka,235,160,0.6808510638297872
K Zondo,235,146,0.6212765957446809
B Tau,235,123,0.5234042553191489
SRH Curtis,234,156,0.6666666666666666
SJ McGlashan,234,160,0.6837606837606838
SACA King,233,126,0.5407725321888412
Khalid Latif,233,147,0.630901287553648
Imran Tahir,233,157,0.6738197424892703
A Khaka,233,108,0.463519313304721
T Stubbs,232,218,0.9396551724137931
Akshay Homraj,230,159,0.691304347826087
EN Lynch,229,115,0.5021834061135371
VV Morea,228,142,0.6228070175438597
GJ Delany,228,217,0.9517543859649122
G Kirsten,228,186,0.8157894736842105
S Tippoch,226,89,0.3938053097345133
S Rana,226,184,0.8141592920353983
C de Lange,226,103,0.4557522123893805
Sanjida Islam,226,93,0.41150442477876104
T Maruma,225,122,0.5422222222222223
RD Jacobs,225,142,0.6311111111111111
D Bau,222,130,0.5855855855855856
Mohammad Nawaz (3),221,193,0.8733031674208145
CMW Read,221,156,0.7058823529411765
D Keulder,221,132,0.5972850678733032
HJW Gardiner,220,142,0.6454545454545455
FRJ Coleman,220,160,0.7272727272727273
JM Kerr,219,232,1.0593607305936072
KV Jain,219,104,0.4748858447488584
Mohammad Nawaz,219,173,0.7899543378995434
JD Campbell,218,248,1.1376146788990826
CJ Jordan,218,184,0.8440366972477065
J Edness,218,119,0.5458715596330275
KNA Bandara,217,141,0.6497695852534562
KS Lokuarachchi,217,164,0.7557603686635944
S Verma,217,135,0.6221198156682027
MB Kruger,217,154,0.7096774193548387
Raza-ur-Rehman,215,174,0.8093023255813954
JAD Lawrenson,215,177,0.8232558139534883
Khushdil Shah,214,200,0.9345794392523364
RD Rickelton,213,188,0.8826291079812206
ID Blackwell,213,146,0.6854460093896714
JG Bethell,212,167,0.7877358490566038
B Muzarabani,211,114,0.5402843601895735
AM Peterson,211,167,0.7914691943127962
CMG Atkins,211,117,0.5545023696682464
TBM de Leede,210,113,0.5380952380952381
Ayasha Rahman,209,122,0.583732057416268
T Mupariwa,208,87,0.4182692307692308
CE Coulter Reilly,208,126,0.6057692307692307
Z Crawley,208,199,0.9567307692307693
JV Harris,207,91,0.4396135265700483
Sohag Gazi,207,182,0.8792270531400966
MDK Perera,207,152,0.7342995169082126
MJ Lumb,206,165,0.8009708737864077
Dhiman Ghosh,205,124,0.6048780487804878
J Anderson,205,118,0.5756097560975609
T Bhatia,205,138,0.6731707317073171
AN Kervezee,204,110,0.5392156862745098
SL Quintyne,204,117,0.5735294117647058
TSS Mackintosh,203,169,0.8325123152709359
KA Hope,201,138,0.6865671641791045
K Fraser,199,152,0.7638190954773869
CMA Shillington,199,179,0.8994974874371859
M Bhanuka,199,140,0.7035175879396985
H Patel,198,176,0.8888888888888888
SR Thompson,198,178,0.898989898989899
D Gough,198,137,0.6919191919191919
S Jimmy,198,118,0.5959595959595959
N Hussain,198,127,0.6414141414141414
BA Parchment,198,107,0.5404040404040404
Sharmin Sultana,198,67,0.3383838383838384
MW Short,197,195,0.9898477157360406
AS van Beuge,196,68,0.3469387755102041
FL Mackay,196,125,0.6377551020408163
J Smits,195,72,0.36923076923076925
Mahedi Hasan,195,122,0.6256410256410256
RJ Trott,194,95,0.4896907216494845
D Myers,194,138,0.711340206185567
Usman Limbada,193,123,0.6373056994818653
D Ravu,193,128,0.6632124352331606
KD Shah,192,112,0.5833333333333334
MC Henriques,192,117,0.609375
MB Loye,190,142,0.7473684210526316
FL Reifer,190,86,0.45263157894736844
DP Hyatt,189,112,0.5925925925925926
JA Burns,189,146,0.7724867724867724
A Rawat,188,153,0.8138297872340425
RA Jones,187,96,0.5133689839572193
JP Maher,187,122,0.6524064171122995
R Malhotra,185,118,0.6378378378378379
GEF Barnett,185,95,0.5135135135135135
S Gajnabi,185,77,0.41621621621621624
TS Hasabnis,184,140,0.7608695652173914
SK Atai,184,90,0.4891304347826087
WB Rankin,183,78,0.4262295081967213
PA Browne,183,134,0.73224043715847
A Maregwede,182,108,0.5934065934065934
Mudassar Bukhari,182,126,0.6923076923076923
Nurul Hasan,181,165,0.9116022099447514
D Elgar,181,104,0.574585635359116
AM Bacher,181,102,0.56353591160221
MA Carberry,181,114,0.6298342541436464
RS Kaluwitharana,180,124,0.6888888888888889
R Murray,180,108,0.6
V Araa,179,71,0.39664804469273746
Nasum Ahmed,178,156,0.8764044943820225
ML Nkala,178,125,0.702247191011236
WK McCallan,176,101,0.5738636363636364
C Carter,176,111,0.6306818181818182
JW Jenner,176,119,0.6761363636363636
DA Minors,176,104,0.5909090909090909
PS Athavale,176,103,0.5852272727272727
HK Badani,175,135,0.7714285714285715
TJ Friend,175,132,0.7542857142857143
BN Cooper,175,148,0.8457142857142858
PP Shaw,174,189,1.0862068965517242
A Nehra,174,90,0.5172413793103449
S Badrinath,173,79,0.45664739884393063
CO Browne,171,144,0.8421052631578947
PA Jaques,170,123,0.7235294117647059
CR Pagydyala,170,136,0.8
TS Kamunhukamwe,169,131,0.7751479289940828
AL Hodgkinson,169,121,0.7159763313609467
Syed Rasel,168,76,0.4523809523809524
SP Khakurel,166,78,0.46987951807228917
P Mujaji,166,86,0.5180722891566265
GC Bhogle,166,82,0.4939759036144578
TMK Mawoyo,166,58,0.3493975903614458
AJ Turner,165,192,1.1636363636363636
G Sultana,165,61,0.3696969696969697
RS Gavaskar,164,93,0.5670731707317073
LP van Troost,164,112,0.6829268292682927
Azhar Mahmood,164,126,0.7682926829268293
G Voll,164,173,1.0548780487804879
TC Bastiampillai,163,89,0.5460122699386503
L Tshuma,163,63,0.38650306748466257
AA Mulla,160,150,0.9375
AM Hardie,159,134,0.8427672955974843
AL Kandappah,159,97,0.610062893081761
RD Gaikwad,159,115,0.7232704402515723
Khalid Kail,158,117,0.740506329113924
L Klusener,156,163,1.044871794871795
LN Rajbanshi,156,37,0.23717948717948717
TS Chisoro,155,109,0.7032258064516129
HDPK Dharmasena,155,129,0.832258064516129
AR Adams,154,165,1.0714285714285714
B Evans,154,121,0.7857142857142857
SC Joseph,153,77,0.5032679738562091
N Boochatham,153,64,0.41830065359477125
N Koncharoenkai,153,120,0.7843137254901961
P Marange,153,125,0.8169934640522876
JJ Atkinson,152,84,0.5526315789473685
CJ Nevin,151,83,0.5496688741721855
TN de Grooth,150,70,0.4666666666666667
H Carlyon,149,125,0.8389261744966443
CT Mutombodzi,149,122,0.8187919463087249
R Kanoh,149,100,0.6711409395973155
TK Patel,149,71,0.47651006711409394
GB Murgatroyd,148,90,0.6081081081081081
JL Smith,147,133,0.9047619047619048
SR Waters,147,67,0.4557823129251701
SD Outerbridge,147,72,0.4897959183673469
M Spoors,146,80,0.547945205479452
T Banton,145,134,0.9241379310344827
NJ Carey,145,136,0.9379310344827586
B Sai Sudharsan,144,127,0.8819444444444444
Hamza Tariq,144,99,0.6875
Tasqeen Qadeer,144,48,0.3333333333333333
KJJ van Noortwijk,143,141,0.986013986013986
SS McKechnie,142,73,0.5140845070422535
AGS Gous,142,157,1.1056338028169015
SE Findlay,140,88,0.6285714285714286
E Schiferli,140,79,0.5642857142857143
NE Bonner,140,85,0.6071428571428571
D Hazell,140,109,0.7785714285714286
K Weeraratne,139,120,0.8633093525179856
ARI Umeed,139,138,0.9928057553956835
Shahid Wasif,138,60,0.43478260869565216
M Kartik,137,102,0.7445255474452555
T Munyonga,137,92,0.6715328467153284
M Terblanche,137,80,0.583941605839416
JP Greaves,137,79,0.5766423357664233
C Zhuwao,137,154,1.1240875912408759
JL Ontong,136,97,0.7132352941176471
CA Pujara,136,51,0.375
Sana Javed,136,68,0.5
UT Yadav,136,79,0.5808823529411765
SSD Arachchige,134,89,0.664179104477612
CS Fraser,134,62,0.4626865671641791
AD Poynter,134,65,0.48507462686567165
C Sutthiruang,133,73,0.5488721804511278
GM Strydom,133,67,0.5037593984962406
Shakeel Ahmed,132,69,0.5227272727272727
L Balaji,132,104,0.7878787878787878
U Bhatti,131,120,0.916030534351145
Waheed Ahmed,131,73,0.5572519083969466
KH Pandya,131,130,0.9923664122137404
A Minny,130,106,0.8153846153846154
K Frank,130,70,0.5384615384615384
NA de Groot,130,44,0.3384615384615385
RK Kleinveldt,129,105,0.813953488372093
SM Benade,128,100,0.78125
RML Taylor,128,105,0.8203125
Rabiya Shah,127,80,0.6299212598425197
Tilak Varma,125,68,0.544
S Sreesanth,125,44,0.352
EL Watson,125,50,0.4
T Putthawong,125,31,0.248
RC Irani,125,67,0.536
MM English,124,107,0.8629032258064516
U Raymond-Hoey,124,74,0.5967741935483871
HDJ Siegers,124,105,0.8467741935483871
Sami Aslam,123,78,0.6341463414634146
DS Bajwa,123,74,0.6016260162601627
GR Codrington,123,80,0.6504065040650406
HJ Thomas,122,59,0.48360655737704916
N Dutta,122,70,0.5737704918032787
Tanzim Hasan Sakib,122,95,0.7786885245901639
CJ Bowes,121,99,0.8181818181818182
A Mazvishaya,121,54,0.4462809917355372
AR Caddick,118,64,0.5423728813559322
Shahzaib Hasan,118,100,0.847457627118644
M McColl,116,80,0.6896551724137931
GM Ewing,115,77,0.6695652173913044
DR Brown,115,72,0.6260869565217392
AR Berenger,115,53,0.4608695652173913
RN Bhatia,114,51,0.4473684210526316
TL Best,114,72,0.631578947368421
PP Ojha,114,46,0.40350877192982454
MM Patel,114,74,0.6491228070175439
LL Tsotsobe,113,58,0.5132743362831859
J Gray,113,62,0.5486725663716814
A Lister,112,80,0.7142857142857143
M van Schoor,111,58,0.5225225225225225
S Laomi,111,61,0.5495495495495496
S Meghana,111,114,1.027027027027027
AB Kaur,109,55,0.5045871559633027
L Jack,109,113,1.036697247706422
NB Mahwire,108,40,0.37037037037037035
N Gwanzura,108,74,0.6851851851851852
MNK Fernando,107,75,0.7009345794392523
Jaker Ali,107,113,1.0560747663551402
Ravinderpal Singh,107,77,0.719626168224299
Waqas Khan,106,52,0.49056603773584906
Shoriful Islam,106,91,0.8584905660377359
T Suri,106,78,0.7358490566037735
AI Chudasama,106,79,0.7452830188679245
Yasir Ali Chowdhury,106,101,0.9528301886792453
Natalia Pervaiz,106,70,0.660377358490566
B Ward,106,69,0.6509433962264151
Hammad Mirza,106,58,0.5471698113207547
P Maya,105,53,0.5047619047619047
Batool Fatima,105,64,0.6095238095238096
RWT Key,105,36,0.34285714285714286
N Davin,105,88,0.8380952380952381
EC Rainsford,103,31,0.30097087378640774
E Claridge,103,79,0.7669902912621359
Yasir Arafat,103,64,0.6213592233009708
SZ Thakor,102,46,0.45098039215686275
SW Poynter,102,74,0.7254901960784313
Al Sahariar,102,44,0.43137254901960786
Akram Khan,102,57,0.5588235294117647
CD Cumming,101,42,0.4158415841584158
C Hemraj,101,82,0.8118811881188119
SR Hain,100,106,1.06
R Boyce,100,30,0.3
I Toua,100,41,0.41
KNM Fernando,99,107,1.0808080808080809
Mohammad Naim,99,58,0.5858585858585859
SP Krishnamurthi,99,77,0.7777777777777778
SJ Swanepoel,99,43,0.43434343434343436
SI Mahmood,99,84,0.8484848484848485
Fayyaz Ahmed,98,41,0.41836734693877553
Qaiser Ali,98,38,0.3877551020408163
Shaila Sharmin,98,59,0.6020408163265306
N Shangase,98,38,0.3877551020408163
OV Anderson,97,46,0.4742268041237113
Kaleem Sana,97,73,0.7525773195876289
Tabarak Dar,95,45,0.47368421052631576
HJ Armitage,95,78,0.8210526315789474
KE Ebrahim,95,52,0.5473684210526316
CD de Lange,94,65,0.6914893617021277
KO Meth,93,49,0.5268817204301075
Haris Rauf,93,70,0.7526881720430108
KDK Vithanage,92,75,0.8152173913043478
MS Panesar,92,26,0.2826086956521739
Adnan Akmal,92,62,0.6739130434782609
CA Lynn,92,75,0.8152173913043478
IM Vaghela,91,45,0.4945054945054945
JR Philippe,91,65,0.7142857142857143
KK Nair,89,46,0.5168539325842697
GT Main,89,82,0.9213483146067416
D Parashar,89,58,0.651685393258427
K Klein,88,61,0.6931818181818182
CAK Walton,88,53,0.6022727272727273
DR Mousley,88,69,0.7840909090909091
Shuvagata Hom,88,70,0.7954545454545454
Mohammad Wasim,87,80,0.9195402298850575
PBB Rajapaksa,87,89,1.0229885057471264
MF Kendal,87,30,0.3448275862068966
Abdul Jabbar,86,59,0.686046511627907
AA Paradkar,85,51,0.6
AA Jangoo,85,104,1.223529411764706
TS Sekhukhune,85,24,0.2823529411764706
J van Vliet,84,35,0.4166666666666667
PM Liyanagamage,84,28,0.3333333333333333
JAH Marshall,84,33,0.39285714285714285
S Nitschke,84,81,0.9642857142857143
D Langford-Smith,84,79,0.9404761904761905
OL Pitcher,83,28,0.3373493975903614
M Shumba,83,40,0.4819277108433735
AK Perera,83,52,0.6265060240963856
Zubayr Hamza,82,56,0.6829268292682927
Mohammad Aadil Alam,82,70,0.8536585365853658
MJ Cosgrove,81,78,0.9629629629629629
Steven Ryan Taylor,81,46,0.5679012345679012
R Klein,81,38,0.4691358024691358
RP Alexander,81,34,0.41975308641975306
JL Pattinson,80,41,0.5125
A Codrington,79,33,0.4177215189873418
TMM Newton,79,38,0.4810126582278481
O Thomas,78,22,0.28205128205128205
BT Foakes,78,61,0.782051282051282
MR Swart,78,59,0.7564102564102564
JO Troughton,77,36,0.4675324675324675
O Bell,77,32,0.4155844155844156
Hasan Mahmud,77,37,0.4805194805194805
Bilawal Bhatti,77,89,1.155844155844156
S Molineux,77,64,0.8311688311688312
LDVV Silva,76,34,0.4473684210526316
KY Ottley,76,41,0.5394736842105263
G Kodali,76,46,0.6052631578947368
Ehsanul Haque,76,28,0.3684210526315789
J Figy John,75,55,0.7333333333333333
BJ Bennett,75,71,0.9466666666666667
Utkarsh Srivastava,75,75,1.0
J Sumerauer,74,84,1.135135135135135
C McAuslan,74,35,0.47297297297297297
M De Ridder,74,45,0.6081081081081081
Irfan Khan,74,48,0.6486486486486487
MJ Bulow,74,50,0.6756756756756757
CKB Kulasekara,73,38,0.5205479452054794
SC Taylor,73,77,1.0547945205479452
Wasim Akram,72,71,0.9861111111111112
MJ Hay,72,59,0.8194444444444444
JNT Vare,71,35,0.49295774647887325
TV Mufambisi,71,45,0.6338028169014085
TJ Heggelman,71,23,0.323943661971831
A Nao,71,54,0.7605633802816901
M Mangru,70,30,0.42857142857142855
Mehran Khan,70,66,0.9428571428571428
SJ Tsukigawa,70,39,0.5571428571428572
KW Richardson,70,75,1.0714285714285714
Zulqarnain Haider,70,48,0.6857142857142857
AA Deshpande,69,32,0.463768115942029
LJ Poulton,69,25,0.36231884057971014
L Sreekumar,69,57,0.8260869565217391
NA Greenwood,69,35,0.5072463768115942
K Thomson,69,52,0.7536231884057971
N Mlaba,68,40,0.5882352941176471
S Jora,68,56,0.8235294117647058
RP Lefebvre,68,43,0.6323529411764706
BCJ Cutting,67,53,0.7910447761194029
DS Weerakkody,67,73,1.0895522388059702
CH van Koolwijk,66,25,0.3787878787878788
Abdul Shakoor,66,34,0.5151515151515151
B Leephatthana,66,30,0.45454545454545453
Aaditya Varadarajan,66,36,0.5454545454545454
TP Visee,66,72,1.0909090909090908
M Karg,66,45,0.6818181818181818
CS Terblanche,65,38,0.5846153846153846
LR Johnson,65,19,0.2923076923076923
TD Smartt,65,40,0.6153846153846154
FY Fazal,65,55,0.8461538461538461
Qanita Jalil,64,32,0.5
JJ Celestine,64,28,0.4375
SM Warnapura,64,30,0.46875
VR Vanitha,64,50,0.78125
IR James,64,51,0.796875
Mosharraf Hossain,64,22,0.34375
RW Sims,64,24,0.375
NE Farrant,64,41,0.640625
AJ Ireland,64,12,0.1875
AF Sattaur,63,20,0.31746031746031744
MHW Papps,63,32,0.5079365079365079
PJ Scholfield,61,59,0.9672131147540983
O Kamchomphu,61,35,0.5737704918032787
PARP Perera,61,33,0.5409836065573771
BAM Heath,61,59,0.9672131147540983
ML Patel,61,15,0.2459016393442623
DI Joyce,61,29,0.47540983606557374
Skhawat Ali,60,18,0.3
N Niranjana,60,24,0.4
PP Chawla,60,38,0.6333333333333333
LHD Dilhara,60,49,0.8166666666666667
J Fraser-McGurk,59,87,1.4745762711864407
J Jarvis,59,28,0.4745762711864407
WP Saha,59,41,0.6949152542372882
SL Stewart,59,26,0.4406779661016949
D Daesrath,59,31,0.5254237288135594
Rashid Zia,58,9,0.15517241379310345
TG Norris,58,59,1.0172413793103448
Kabir Ali,58,54,0.9310344827586207
MM Iqbal,58,16,0.27586206896551724
T Granger,58,38,0.6551724137931034
FC Jonas,57,14,0.24561403508771928
RD McCann,57,23,0.40350877192982454
JM Cox,57,22,0.38596491228070173
PRP Boissevain,57,33,0.5789473684210527
Wasim Ali,57,26,0.45614035087719296
M van Jaarsveld,57,29,0.5087719298245614
E Otieno,57,21,0.3684210526315789
SS Tiwary,57,49,0.8596491228070176
SK Dolawatte,56,16,0.2857142857142857
Mohammad Iqbal,56,33,0.5892857142857143
JB Nero,56,31,0.5535714285714286
Sadia Iqbal,56,28,0.5
T Kamungozi,56,25,0.44642857142857145
HD Rutherford,56,15,0.26785714285714285
E Mbofana,56,22,0.39285714285714285
TH David,56,45,0.8035714285714286
AR Pitcher,55,30,0.5454545454545454
DNT Zoysa,55,36,0.6545454545454545
AAP Atkinson,55,63,1.1454545454545455
SI Kamea,55,18,0.32727272727272727
CJ Metcalfe,54,21,0.3888888888888889
B Shikongo,54,17,0.3148148148148148
Faisal Hossain,54,26,0.48148148148148145
Waqas Barkat,54,25,0.46296296296296297
SP de Alwis,53,28,0.5283018867924528
M Faisal,53,26,0.49056603773584906
RM Jariwala,53,30,0.5660377358490566
PD McGlashan,53,63,1.1886792452830188
L Rajadurai,53,20,0.37735849056603776
J Post,52,15,0.28846153846153844
MM Penfold,52,12,0.23076923076923078
M Dillon,52,44,0.8461538461538461
S Bhari,52,22,0.4230769230769231
Nestor Dhamba,52,23,0.4423076923076923
SA Fritz,52,28,0.5384615384615384
DM Kimmince,52,37,0.7115384615384616
IPP Batuwitarachchi,51,14,0.27450980392156865
HIS Mendis,50,13,0.26
RTM Mendis,50,50,1.0
GA Rogers,50,32,0.64
TB Robinson,49,48,0.9795918367346939
Khurram Nawaz,49,26,0.5306122448979592
CJ Smith,48,27,0.5625
A Aitken-Drummond,48,33,0.6875
AJ Tye,48,57,1.1875
DI Allan,48,18,0.375
J Patraj,48,21,0.4375
F Walters,48,16,0.3333333333333333
SJ Massiah,47,23,0.48936170212765956
OO Bascome,47,17,0.3617021276595745
S Thuraisingam,47,26,0.5531914893617021
C Abel,47,9,0.19148936170212766
Tayyab Tahir,46,57,1.2391304347826086
HDRS Silva,46,25,0.5434782608695652
MD du Preez,45,14,0.3111111111111111
MA Aponso,45,10,0.2222222222222222
NA Statham,45,7,0.15555555555555556
DES Maxwell,45,54,1.2
N M'shangwe,44,38,0.8636363636363636
S Dhakal,44,7,0.1590909090909091
N Ifill,44,16,0.36363636363636365
Sultan Ahmed,44,18,0.4090909090909091
Nuzhat Tasnia,43,16,0.37209302325581395
S Jyoti,43,19,0.4418604651162791
K Whatham,43,18,0.4186046511627907
J Blackwood,43,23,0.5348837209302325
Ehsan Adil,43,27,0.627906976744186
RK Singh,43,55,1.2790697674418605
WA Agar,43,50,1.1627906976744187
A Neill,43,29,0.6744186046511628
NS Poonia,42,12,0.2857142857142857
FR Davies,42,13,0.30952380952380953
KED Carroll,42,28,0.6666666666666666
AM McCarthy,41,15,0.36585365853658536
VR Iyer,41,24,0.5853658536585366
HM Tiffen,41,33,0.8048780487804879
Mohammad Salman,40,22,0.55
Zulfiqar Babar,40,35,0.875
D Prins,40,7,0.175
Saqlain Haider,40,30,0.75
Ayesha Naseem,40,33,0.825
S Dhamala,40,12,0.3
NG Smith,40,26,0.65
S Naik,39,25,0.6410256410256411
Faisal Athar,39,9,0.23076923076923078
Saqlain Mushtaq,39,17,0.4358974358974359
Shahid Ahmadzai,39,26,0.6666666666666666
TCB Fernando,39,18,0.46153846153846156
Y van der Westhuizen,39,23,0.5897435897435898
TS Roland-Jones,38,37,0.9736842105263158
AB Dinda,38,21,0.5526315789473685
MMA Jonkman,38,13,0.34210526315789475
Shamim Hossain,38,22,0.5789473684210527
RM van Oosterom,38,15,0.39473684210526316
JH Desai,38,16,0.42105263157894735
B Fernando,37,26,0.7027027027027027
TB Sole,37,38,1.027027027027027
D Cleaver,37,32,0.8648648648648649
Mohammad Haris,36,30,0.8333333333333334
AH Maqsood,36,12,0.3333333333333333
SJ Andrews,36,16,0.4444444444444444
CW Perchard,35,31,0.8857142857142857
I Dulani,35,15,0.42857142857142855
J Da Silva,35,14,0.4
I van der Woning,35,13,0.37142857142857144
HRA Rainey,35,12,0.34285714285714286
MC Patel,35,13,0.37142857142857144
GP Tom,34,19,0.5588235294117647
Mohammad Hasnain,34,53,1.5588235294117647
C Jonker,34,31,0.9117647058823529
TR Ambrose,34,10,0.29411764705882354
KE Broadmore,34,9,0.2647058823529412
Arshdeep Singh,34,37,1.088235294117647
P Roy,34,5,0.14705882352941177
AF Buurman,34,26,0.7647058823529411
O Davidson,33,14,0.42424242424242425
PKD Chase,33,22,0.6666666666666666
J Sharma,33,17,0.5151515151515151
Haider Ali,33,42,1.2727272727272727
I Wardlaw,33,18,0.5454545454545454
AA Shafique,33,13,0.3939393939393939
W Sutherland,33,18,0.5454545454545454
D Joseph,32,13,0.40625
MK Villiers,32,32,1.0
JA Simpson,32,20,0.625
T Muzarabani,32,10,0.3125
RH Scholte,31,8,0.25806451612903225
DO Leicher,31,32,1.032258064516129
GF Linde,31,27,0.8709677419354839
Jamaluddin Ahmed,31,18,0.5806451612903226
Ankur Sharma,31,16,0.5161290322580645
HGV Vare,31,20,0.6451612903225806
Avesh Khan,30,23,0.7666666666666667
A Shamshudeen,30,3,0.1
A Patel,30,25,0.8333333333333334
AE Smith,30,45,1.5
R Ntozakhe,30,8,0.26666666666666666
Usama Mir,30,38,1.2666666666666666
EMDY Munaweera,29,15,0.5172413793103449
AK Peters,29,6,0.20689655172413793
A Martin,29,10,0.3448275862068966
K Sonavale,29,5,0.1724137931034483
SW Tait,29,25,0.8620689655172413
AG Wharf,29,19,0.6551724137931034
S Daniel,29,12,0.41379310344827586
MG Neser,29,11,0.3793103448275862
KH Butt,29,8,0.27586206896551724
EC Perry,28,21,0.75
Usman Salahuddin,28,13,0.4642857142857143
D Murphy,28,9,0.32142857142857145
TL Seifert,28,33,1.1785714285714286
PLS Gamage,27,4,0.14814814814814814
JB Reva,27,15,0.5555555555555556
CC Dalton,27,18,0.6666666666666666
PY Lavine,26,8,0.3076923076923077
HM Watson,26,15,0.5769230769230769
RD Chahar,26,13,0.5
CP Jack,26,17,0.6538461538461539
Lovepreet Singh,26,9,0.34615384615384615
SSB Magala,25,18,0.72
H Davids,25,8,0.32
ADR Campbell,25,7,0.28
NA Rock,25,7,0.28
H Shah,25,9,0.36
Waqar Younis,25,17,0.68
S Khiaoto,24,18,0.75
LK Ebsary,24,23,0.9583333333333334
F Kasteni,24,9,0.375
JA Clarkson,24,17,0.7083333333333334
OEG Baartman,24,13,0.5416666666666666
MR Johnson,23,20,0.8695652173913043
HWR Cartwright,23,2,0.08695652173913043
Hasibul Hossain,23,7,0.30434782608695654
C Viljoen,23,19,0.8260869565217391
AC Cummins,23,21,0.9130434782608695
JP Behrendorff,23,21,0.9130434782608695
Saad Ali,23,11,0.4782608695652174
PJC Hoffmann,23,30,1.3043478260869565
W Jaffer,23,10,0.43478260869565216
BA Langston,22,21,0.9545454545454546
RD Steede,22,15,0.6818181818181818
J Overton,22,32,1.4545454545454546
MT Herbert,22,1,0.045454545454545456
BJ Currie,22,9,0.4090909090909091
VAB Tewarie,22,4,0.18181818181818182
A Valthapa,22,14,0.6363636363636364
GM Harris,22,13,0.5909090909090909
S Nisansala,22,20,0.9090909090909091
MQ Sheikh,21,6,0.2857142857142857
Zeeshan Siddiqi,21,7,0.3333333333333333
TL Chivanga,21,18,0.8571428571428571
LR Naylor,21,20,0.9523809523809523
BP Nash,21,21,1.0
CK Kruger,21,3,0.14285714285714285
Ethan D'Souza,21,9,0.42857142857142855
HR Johnson,21,9,0.42857142857142855
F Tunnicliffe,21,15,0.7142857142857143
NJ Coffey,20,8,0.4
Sagar Pun,20,3,0.15
Nasir Javed,20,2,0.1
RO Hussain,20,10,0.5
Moniruzzaman,20,1,0.05
HHC Gunaratne,20,13,0.65
N Kruger,20,5,0.25
Z Groenewald,19,4,0.21052631578947367
SA Millanta,19,15,0.7894736842105263
SW Currie,19,10,0.5263157894736842
S Siegers,19,11,0.5789473684210527
SB Bangar,19,8,0.42105263157894735
Dilara Akter,19,8,0.42105263157894735
MJ North,19,6,0.3157894736842105
RO Hinds,19,8,0.42105263157894735
CA Reid,18,8,0.4444444444444444
Ansh Tandon,18,10,0.5555555555555556
RM Patidar,18,22,1.2222222222222223
SP Terry,18,16,0.8888888888888888
M Prasidh Krishna,18,2,0.1111111111111111
SC Meaker,18,2,0.1111111111111111
Ebadat Hossain,18,3,0.16666666666666666
O Chare,18,3,0.16666666666666666
J Pashley,17,2,0.11764705882352941
KK Ahmed,17,8,0.47058823529411764
JW Ogle-Thomas,17,10,0.5882352941176471
RS Vandort,17,10,0.5882352941176471
LM Hoitink,17,0,0.0
Tanbir Hayder,17,5,0.29411764705882354
NK Crafton,17,13,0.7647058823529411
JE Dunford,17,6,0.35294117647058826
Mukesh Kumar,17,10,0.5882352941176471
Naved Latif,17,7,0.4117647058823529
V Shetty,17,7,0.4117647058823529
J Glasgow,17,7,0.4117647058823529
JI de Villiers,16,8,0.5
SJ Elliott,16,8,0.5
VB van Jaarsveld,16,9,0.5625
Muhammad Farooq,16,4,0.25
HE Whelan,16,2,0.125
GC Tonge,16,10,0.625
CM Beggs,16,1,0.0625
Javeria Rauf,16,11,0.6875
JN Hamilton,16,5,0.3125
SG Borthwick,16,18,1.125
MWA van Nierop,16,4,0.25
Sufyan Mehmood,16,4,0.25
Rony Talukdar,15,4,0.26666666666666666
RL Bhudia,15,22,1.4666666666666666
Zafar Gohar,15,15,1.0
SG Whittingham,15,5,0.3333333333333333
HML Madushani,15,3,0.2
KHRK Fernando,15,3,0.2
Shawaal Zulfiqar,15,7,0.4666666666666667
AD Janakanthymala,15,1,0.06666666666666667
Muhammad Jawadullah,15,14,0.9333333333333333
W O'Rourke,15,5,0.3333333333333333
J Logtenberg,15,6,0.4
R MacDonald-Gay,14,17,1.2142857142857142
SDNS Karunaratne,14,17,1.2142857142857142
BB Seebaran,14,4,0.2857142857142857
GI Maiden,14,12,0.8571428571428571
Hussain Talat,14,2,0.14285714285714285
Fariha Trisna,14,0,0.0
TJG Pringle,14,6,0.42857142857142855
N Rana,14,7,0.5
H Durham,14,4,0.2857142857142857
SR Thadani,13,6,0.46153846153846156
DG Blampied,13,7,0.5384615384615384
L Cheatle,13,13,1.0
RA Lewis,13,2,0.15384615384615385
SV Bahutule,13,11,0.8461538461538461
MJ Fourie,13,5,0.38461538461538464
M Commins,13,6,0.46153846153846156
Jannatul Ferdus,13,1,0.07692307692307693
A Munisar,13,4,0.3076923076923077
RW Staple,13,4,0.3076923076923077
N Fernandes,13,5,0.38461538461538464
ADJ Pitcher,12,8,0.6666666666666666
A Ashok,12,10,0.8333333333333334
Zahid Mahmood,12,9,0.75
Sania Khan,12,4,0.3333333333333333
Tanvir Ahmed,12,18,1.5
BP Kruger,12,8,0.6666666666666666
RK Whelan,12,5,0.4166666666666667
PA Desai,12,2,0.16666666666666666
KL Rolton,12,2,0.16666666666666666
Akhil Kumar,11,2,0.18181818181818182
D Gamage,11,3,0.2727272727272727
TS Nethula,11,12,1.0909090909090908
Mrittunjoy Chowdhury,11,8,0.7272727272727273
W Mwayenga,11,1,0.09090909090909091
KA Blackwell,11,3,0.2727272727272727
Aijaz Ali,11,5,0.45454545454545453
Umran Malik,11,2,0.18181818181818182
PG Gillespie,11,2,0.18181818181818182
Tareq Aziz,11,2,0.18181818181818182
SD Heazlett,11,4,0.36363636363636365
SI Galagedara,11,0,0.0
D Soraine,10,3,0.3
JM Willathgamuwa,10,2,0.2
Fahad Nawaz,10,2,0.2
R Slater,10,9,0.9
Jubair Hossain,10,5,0.5
PT Collins,10,3,0.3
NA Moodley,10,5,0.5
B Siddharth,10,3,0.3
K Mahato,10,1,0.1
HAPW Jayawardene,10,4,0.4
L Wood,10,10,1.0
Fazle Mahmud,9,0,0.0
MJ Humphreys,9,6,0.6666666666666666
NV Ojha,9,1,0.1111111111111111
RR Ramdass,9,1,0.1111111111111111
D Lakshan,9,2,0.2222222222222222
TW Hartley,9,12,1.3333333333333333
IECM Wong,9,15,1.6666666666666667
Pooja Ganesh,9,0,0.0
S Immadi,9,4,0.4444444444444444
JS Ababu,9,0,0.0
BR Dorey,9,2,0.2222222222222222
RT Crandon,9,5,0.5555555555555556
MT Chinouya,9,6,0.6666666666666666
SO Dowrich,8,6,0.75
JNK Shannon,8,2,0.25
V Buruka,8,0,0.0
T Gwandu,8,4,0.5
SE Aley,8,15,1.875
A Chopra,8,0,0.0
Talha Jubair,8,4,0.5
MF Fahey,7,0,0.0
JC Carroll,7,0,0.0
Simandeep Singh,7,0,0.0
G Chapple,7,14,2.0
EJB Miles,7,1,0.14285714285714285
J Yadav,7,3,0.42857142857142855
MKDI Amerasinghe,7,5,0.7142857142857143
Z Mali,7,2,0.2857142857142857
Omid Shafi Rahman,7,1,0.14285714285714285
LC Romero,7,1,0.14285714285714285
J Louw,7,23,3.2857142857142856
U Thimashini,6,2,0.3333333333333333
JN Rhodes,6,2,0.3333333333333333
R Walters,6,0,0.0
TJ Bishop,6,0,0.0
Kaynat Hafeez,6,4,0.6666666666666666
DSK Madushanka,6,7,1.1666666666666667
A le Breton,6,3,0.5
GH O'Brien,6,2,0.3333333333333333
KC Hodsoll,6,2,0.3333333333333333
DOD Rikhi,6,3,0.5
SC Kuggeleijn,6,11,1.8333333333333333
GA Manou,6,7,1.1666666666666667
SKW Kelly,5,7,1.4
Zakir Hasan,5,1,0.2
JA Turner,5,2,0.4
H Graham,5,4,0.8
AG Puttick,5,0,0.0
Nahid Rana,5,4,0.8
CR Foggo,5,6,1.2
S Sriram,5,3,0.6
Khaled Ahmed,4,1,0.25
LJ Hamilton,4,2,0.5
GA Guy,4,0,0.0
Naumanullah,4,5,1.25
KR Sen,4,2,0.5
Sumaiya Akter,4,0,0.0
APS Lakshika,4,0,0.0
Shahbaz Ahmed,4,0,0.0
KL Tucker,4,0,0.0
A van der Merwe,4,4,1.0
RJ Rolls,4,2,0.5
CK Hooper,3,4,1.3333333333333333
VCE Wattenberg,3,0,0.0
SK Naidu,3,0,0.0
HL Baker,3,3,1.0
Pankaj Singh,3,3,1.0
Raza Hasan,3,0,0.0
CK Holder,3,0,0.0
RT Lyons,3,5,1.6666666666666667
K Gowtham,3,2,0.6666666666666666
Shahriar Hossain,3,0,0.0
RA Rolfe,3,0,0.0
C Prathyusha,3,2,0.6666666666666666
G Fontenla,3,1,0.3333333333333333
Alawi Shukri,3,1,0.3333333333333333
LE Milliken,3,1,0.3333333333333333
Tharika Sewwandi,3,1,0.3333333333333333
DL Blake,2,0,0.0
JA Whelan,2,0,0.0
S Lackay,2,0,0.0
K Phillip,2,0,0.0
K Kamyuka,2,2,1.0
Melanie Ani,2,0,0.0
Shathira Jakir,2,0,0.0
Haseebullah Khan,2,0,0.0
Joginder Sharma,2,5,2.5
SD Udal,2,0,0.0
Salman Faris,2,0,0.0
JW Wilson,2,1,0.5
G Onions,2,1,0.5
F Hand,1,0,0.0
AL Watkins,1,0,0.0
Sufiyan Muqeem,1,0,0.0
OC McCoy,1,0,0.0
Sultana Yesmin,1,0,0.0
C Sakariya,1,0,0.0
GJ McCarter,1,1,1.0
PHT Kaushal,1,0,0.0
D Foxcroft,1,0,0.0
Syeda Aroob Shah,1,0,0.0
