player_name,Total_Matches_Played,Total_Matches_Lost,Players_Loss_Percentage
Ankur Sharma,1,1,100.0
Simandeep Singh,2,2,100.0
Aaditya Varadarajan,11,10,90.9090909090909
A Shamshudeen,15,13,86.66666666666667
HGV Vare,47,40,85.1063829787234
DA Minors,12,10,83.33333333333333
SD Outerbridge,12,10,83.33333333333333
IH Romaine,12,10,83.33333333333333
JNT Vare,42,35,83.33333333333333
OL Pitcher,12,10,83.33333333333333
S Jimmy,56,46,82.14285714285714
V Araa,56,46,82.14285714285714
P Siaka,56,46,82.14285714285714
N Vare,56,46,82.14285714285714
I Toua,56,46,82.14285714285714
T Ruma,56,46,82.14285714285714
HJ Thomas,56,46,82.14285714285714
K Frank,56,46,82.14285714285714
V Buruka,56,46,82.14285714285714
B Tau,56,46,82.14285714285714
GP Tom,56,46,82.14285714285714
L Rajadurai,33,27,81.81818181818181
JJ Celestine,11,9,81.81818181818181
Melanie Ani,33,27,81.81818181818181
RJ Trott,11,9,81.81818181818181
J Edness,11,9,81.81818181818181
MD Dai,49,40,81.63265306122449
VV Morea,49,40,81.63265306122449
JB Reva,49,40,81.63265306122449
D Bau,54,44,81.48148148148148
J Kila,58,47,81.03448275862068
N Vanua,63,51,80.95238095238095
TP Ura,63,51,80.95238095238095
SI Kamea,63,51,80.95238095238095
A Vala,63,51,80.95238095238095
K Doriga,63,51,80.95238095238095
CA Soper,63,51,80.95238095238095
A Nao,63,51,80.95238095238095
H Hiri,63,51,80.95238095238095
CJA Amini,63,51,80.95238095238095
S Bau,63,51,80.95238095238095
G Toka,63,51,80.95238095238095
SK Atai,62,50,80.64516129032258
L Siaka,62,50,80.64516129032258
K Whatham,5,4,80.0
D Ravu,59,47,79.66101694915254
CJ Smith,9,7,77.77777777777777
BB Chari,257,197,76.65369649805447
B Evans,257,197,76.65369649805447
N M'shangwe,140,107,76.42857142857143
T Kamungozi,246,188,76.42276422764228
R Murray,253,193,76.28458498023716
MN Waller,261,199,76.24521072796935
EC Rainsford,261,199,76.24521072796935
BRM Taylor,277,211,76.17328519855596
SF Mire,277,211,76.17328519855596
PJ Moor,277,211,76.17328519855596
E Chigumbura,277,211,76.17328519855596
CR Ervine,277,211,76.17328519855596
H Masakadza,277,211,76.17328519855596
CS Mugeri-Tiripano,268,204,76.11940298507463
V Sibanda,276,210,76.08695652173913
R Mutumbami,276,210,76.08695652173913
T Gwandu,242,184,76.03305785123968
T Marumani,242,184,76.03305785123968
BJ Bennett,242,184,76.03305785123968
D Myers,242,184,76.03305785123968
T Muzarabani,267,203,76.02996254681648
T Taibu,275,209,76.0
F Mutizwa,275,209,76.0
CJ Chibhabha,275,209,76.0
O Chare,237,180,75.9493670886076
T Mupariwa,266,202,75.93984962406014
T Maruma,266,202,75.93984962406014
S Matsikenyeri,266,202,75.93984962406014
E Mbofana,270,205,75.92592592592592
T Granger,270,205,75.92592592592592
N Gwanzura,270,205,75.92592592592592
L Tshuma,270,205,75.92592592592592
CT Dhururu,270,205,75.92592592592592
M Mupachikwa,270,205,75.92592592592592
P Marange,270,205,75.92592592592592
A Ndiraya,270,205,75.92592592592592
A Mazvishaya,270,205,75.92592592592592
J Nkomo,270,205,75.92592592592592
M Musonda,270,205,75.92592592592592
RW Chakabva,274,208,75.91240875912409
NB Mahwire,249,189,75.90361445783132
T Duffin,249,189,75.90361445783132
AJ Ireland,249,189,75.90361445783132
TV Mufambisi,249,189,75.90361445783132
MA Vermeulen,265,201,75.84905660377359
ML Nkala,265,201,75.84905660377359
A Maregwede,265,201,75.84905660377359
DD Ebrahim,265,201,75.84905660377359
CK Coventry,269,204,75.8364312267658
LM Jongwe,273,207,75.82417582417582
B Muzarabani,273,207,75.82417582417582
C Madande,273,207,75.82417582417582
TL Chivanga,273,207,75.82417582417582
J Gumbie,273,207,75.82417582417582
WP Masakadza,273,207,75.82417582417582
TS Kamunhukamwe,273,207,75.82417582417582
I Kaia,273,207,75.82417582417582
T Kaitano,273,207,75.82417582417582
C Zhuwao,264,200,75.75757575757575
GB Brent,264,200,75.75757575757575
TS Chisoro,264,200,75.75757575757575
KM Dabengwa,264,200,75.75757575757575
SV Carlisle,136,103,75.73529411764706
Qaiser Ali,37,28,75.67567567567568
CT Mutombodzi,263,199,75.66539923954373
F Kasteni,230,174,75.65217391304348
MT Chinouya,234,177,75.64102564102564
W Mwayenga,131,99,75.57251908396947
A Flower,233,176,75.53648068669528
CB Wishart,233,176,75.53648068669528
P Mujaji,224,169,75.44642857142857
GM Ewing,232,175,75.43103448275862
M Shumba,179,135,75.41899441340782
TJ Friend,226,170,75.22123893805309
D Daesrath,36,27,75.0
KC Hodsoll,8,6,75.0
K Kamyuka,36,27,75.0
AR Pitcher,8,6,75.0
JJ Atkinson,12,9,75.0
J Sumerauer,4,3,75.0
NA Greenwood,4,3,75.0
JAD Lawrenson,4,3,75.0
H Carlyon,4,3,75.0
Raza-ur-Rehman,36,27,75.0
B Ward,4,3,75.0
BB Seebaran,40,30,75.0
N Ifill,40,30,75.0
DG Blampied,4,3,75.0
A Patel,40,30,75.0
ADR Campbell,112,84,75.0
EJB Miles,4,3,75.0
AM Tribe,4,3,75.0
CW Perchard,4,3,75.0
JE Dunford,4,3,75.0
JW Jenner,4,3,75.0
T Munyonga,186,139,74.73118279569893
DS Bajwa,39,29,74.35897435897436
KO Meth,210,156,74.28571428571429
GM Strydom,201,149,74.12935323383084
Akhil Kumar,27,20,74.07407407407408
TK Musakanda,204,151,74.01960784313725
Zeeshan Siddiqi,23,17,73.91304347826087
TMK Mawoyo,195,144,73.84615384615384
AC Cummins,38,28,73.6842105263158
AA Mulla,38,28,73.6842105263158
DES Maxwell,38,28,73.6842105263158
GR Codrington,38,28,73.6842105263158
Hamza Tariq,34,25,73.52941176470588
Usman Limbada,34,25,73.52941176470588
RW Sims,67,49,73.13432835820896
KH Butt,11,8,72.72727272727273
Shahid Ahmadzai,33,24,72.72727272727273
Ethan D'Souza,22,16,72.72727272727273
Lovepreet Singh,22,16,72.72727272727273
Tabarak Dar,11,8,72.72727272727273
Skhawat Ali,11,8,72.72727272727273
CK Kruger,11,8,72.72727272727273
Shahriar Hossain,40,29,72.5
D Joseph,29,21,72.41379310344827
Abdul Jabbar,32,23,71.875
J Patraj,32,23,71.875
TC Bastiampillai,32,23,71.875
Mohammad Iqbal,32,23,71.875
D Soraine,32,23,71.875
AL Kandappah,32,23,71.875
S Jyoti,42,30,71.42857142857143
S Dhaniram,42,30,71.42857142857143
SS McKechnie,14,10,71.42857142857143
CN Ackermann,86,61,70.93023255813954
AT Nidamanuru,86,61,70.93023255813954
LV van Beek,86,61,70.93023255813954
R Klein,79,56,70.88607594936708
Tareq Aziz,48,34,70.83333333333333
NA Statham,75,53,70.66666666666667
J Smits,75,53,70.66666666666667
DLS van Bunge,75,53,70.66666666666667
RP Lefebvre,75,53,70.66666666666667
B de Leede,85,60,70.58823529411765
F Overdijk,85,60,70.58823529411765
S Siegers,85,60,70.58823529411765
R Rijke,85,60,70.58823529411765
J Post,85,60,70.58823529411765
RM van Oosterom,85,60,70.58823529411765
I van der Woning,85,60,70.58823529411765
AS van Beuge,85,60,70.58823529411765
C de Lange,85,60,70.58823529411765
IJR Zwilling,85,60,70.58823529411765
EN Lynch,85,60,70.58823529411765
SJ Myburgh,78,55,70.51282051282051
HDJ Siegers,81,57,70.37037037037037
SL Kalis,81,57,70.37037037037037
Musa Ahmed,84,59,70.23809523809524
PRP Boissevain,77,54,70.12987012987013
JF Kloppenburg,87,61,70.11494252873563
LP van Troost,87,61,70.11494252873563
E Schiferli,87,61,70.11494252873563
B Zuiderent,87,61,70.11494252873563
KJJ van Noortwijk,87,61,70.11494252873563
TBM de Leede,87,61,70.11494252873563
P Molkenboer,80,56,70.0
Dilara Akter,60,42,70.0
TLW Cooper,73,51,69.86301369863014
AF Buurman,73,51,69.86301369863014
Mudassar Bukhari,73,51,69.86301369863014
PW Borren,73,51,69.86301369863014
ES Szwarczynski,73,51,69.86301369863014
TN de Grooth,73,51,69.86301369863014
RN ten Doeschate,73,51,69.86301369863014
AN Kervezee,73,51,69.86301369863014
AM Samad,43,30,69.76744186046511
CC Dalton,79,55,69.62025316455696
Shathira Jakir,46,32,69.56521739130434
Sultana Yesmin,46,32,69.56521739130434
BN Cooper,88,61,69.31818181818181
TP Visee,88,61,69.31818181818181
C McAuslan,13,9,69.23076923076923
Nizakat Khan,16,11,68.75
Babar Hayat,16,11,68.75
C Carter,16,11,68.75
Shahid Wasif,16,11,68.75
Waqas Khan,16,11,68.75
RH Scholte,51,35,68.62745098039215
JS Ababu,35,24,68.57142857142857
SA Engelbrecht,89,61,68.53932584269663
TJ Heggelman,69,47,68.1159420289855
VAB Tewarie,69,47,68.1159420289855
MR Swart,69,47,68.1159420289855
N Kruger,69,47,68.1159420289855
M Commins,94,64,68.08510638297872
MWA van Nierop,50,34,68.0
NRJ Croes,90,61,67.77777777777777
Vikramjit Singh,90,61,67.77777777777777
SA Edwards,90,61,67.77777777777777
MP O'Dowd,90,61,67.77777777777777
Shariz Ahmad,90,61,67.77777777777777
W Barresi,90,61,67.77777777777777
K Klein,90,61,67.77777777777777
M Levitt,90,61,67.77777777777777
J Anderson,124,84,67.74193548387096
SP Terry,124,84,67.74193548387096
D Prins,65,44,67.6923076923077
LM Hoitink,65,44,67.6923076923077
VCE Wattenberg,65,44,67.6923076923077
J Pashley,65,44,67.6923076923077
ML Patel,34,23,67.6470588235294
Ehsanul Haque,108,73,67.5925925925926
MA Ouma,37,25,67.56756756756756
ST Doheny,117,79,67.52136752136752
GJ McCarter,120,81,67.5
PA Desai,46,31,67.3913043478261
NR Kumar,46,31,67.3913043478261
GEF Barnett,46,31,67.3913043478261
CK Hooper,46,31,67.3913043478261
U Bhatti,46,31,67.3913043478261
AF Sattaur,49,33,67.34693877551021
A Bagai,49,33,67.34693877551021
NA de Groot,49,33,67.34693877551021
S Thuraisingam,49,33,67.34693877551021
DR Chumney,49,33,67.34693877551021
IS Billcliff,49,33,67.34693877551021
A Codrington,49,33,67.34693877551021
JM Davison,49,33,67.34693877551021
JV Harris,49,33,67.34693877551021
I Maraj,49,33,67.34693877551021
CH van Koolwijk,55,37,67.27272727272727
J Gray,110,74,67.27272727272727
JC Carroll,61,41,67.21311475409836
MT Herbert,61,41,67.21311475409836
JA Whelan,61,41,67.21311475409836
NJ Coffey,61,41,67.21311475409836
CM Beggs,61,41,67.21311475409836
HE Whelan,61,41,67.21311475409836
J van Vliet,67,45,67.16417910447761
NA Rock,115,77,66.95652173913044
Sumaiya Akter,115,77,66.95652173913044
GJ Delany,130,87,66.92307692307692
A Valthapa,15,10,66.66666666666667
R Gunasekera,48,32,66.66666666666667
Waqas Barkat,15,10,66.66666666666667
H Patel,48,32,66.66666666666667
SW Poynter,129,86,66.66666666666667
CR Pagydyala,3,2,66.66666666666667
AA Obanda,39,26,66.66666666666667
Ghulam Shabber,93,62,66.66666666666667
SR Waters,33,22,66.66666666666667
ADJ Pitcher,6,4,66.66666666666667
ZE Surkari,48,32,66.66666666666667
T Mishra,39,26,66.66666666666667
BP Kruger,21,14,66.66666666666667
DO Obuya,39,26,66.66666666666667
DI Allan,39,26,66.66666666666667
Fahad Nawaz,93,62,66.66666666666667
JNK Shannon,21,14,66.66666666666667
MS Chapman,15,10,66.66666666666667
Jamaluddin Ahmed,33,22,66.66666666666667
KD Shah,15,10,66.66666666666667
A van der Merwe,140,93,66.42857142857143
MJ Fourie,128,85,66.40625
RK Whelan,128,85,66.40625
Talha Jubair,95,63,66.3157894736842
RN Bhatia,92,61,66.30434782608695
V Sukumaran,92,61,66.30434782608695
Muhammad Jawadullah,92,61,66.30434782608695
Waheed Ahmed,86,57,66.27906976744185
MF Kendal,139,92,66.18705035971223
CJ Metcalfe,139,92,66.18705035971223
RA Lewis,139,92,66.18705035971223
SM Kavanagh,136,90,66.17647058823529
N Dutta,50,33,66.0
M Spoors,50,33,66.0
Ravinderpal Singh,50,33,66.0
Kaleem Sana,50,33,66.0
L Sreekumar,97,64,65.97938144329896
SP Patil,97,64,65.97938144329896
Shaiman Anwar,97,64,65.97938144329896
Abdul Shakoor,97,64,65.97938144329896
Amjad Ali,97,64,65.97938144329896
Nuzhat Tasnia,141,93,65.95744680851064
Kashif Daud,94,62,65.95744680851064
A Sharafu,94,62,65.95744680851064
TJG Pringle,41,27,65.85365853658537
PJ Ongondo,38,25,65.78947368421052
KO Otieno,38,25,65.78947368421052
HS Modi,38,25,65.78947368421052
BJ Patel,38,25,65.78947368421052
TM Odoyo,38,25,65.78947368421052
RD Shah,38,25,65.78947368421052
MO Odumbe,38,25,65.78947368421052
SO Tikolo,38,25,65.78947368421052
Asif Khan,99,65,65.65656565656566
Ali Naseer,99,65,65.65656565656566
KP Meiyappan,99,65,65.65656565656566
Waseem Muhammad,99,65,65.65656565656566
Junaid Siddique,99,65,65.65656565656566
A Sharma,99,65,65.65656565656566
Aayan Afzal Khan,99,65,65.65656565656566
Rameez Shahzad,99,65,65.65656565656566
V Aravind,99,65,65.65656565656566
Zahoor Khan,99,65,65.65656565656566
Rohan Mustafa,99,65,65.65656565656566
RL Bhudia,32,21,65.625
R Chopra,96,63,65.625
T Suri,96,63,65.625
Saqlain Haider,90,59,65.55555555555556
E Otieno,29,19,65.51724137931035
IA Karim,29,19,65.51724137931035
CP Rizwan,98,64,65.3061224489796
Muhammad Usman,95,62,65.26315789473684
Chirag Suri,95,62,65.26315789473684
J Figy John,95,62,65.26315789473684
Adnan Mufti,89,58,65.1685393258427
WK McCallan,152,99,65.13157894736842
KED Carroll,152,99,65.13157894736842
AC Botha,152,99,65.13157894736842
D Langford-Smith,152,99,65.13157894736842
JP Bray,152,99,65.13157894736842
Sultan Ahmed,83,54,65.06024096385542
Mohammad Boota,83,54,65.06024096385542
MJ Humphreys,143,93,65.03496503496504
F Hand,143,93,65.03496503496504
CNIM Joyce,160,104,65.0
MV Waldron,160,104,65.0
CMA Shillington,160,104,65.0
RA Rolfe,160,104,65.0
Simi Singh,151,98,64.90066225165563
N Fernandes,74,48,64.86486486486487
Alawi Shukri,74,48,64.86486486486487
Rony Talukdar,145,94,64.82758620689656
Mrittunjoy Chowdhury,145,94,64.82758620689656
PKD Chase,159,103,64.77987421383648
SR Thompson,159,103,64.77987421383648
NS Dhaliwal,51,33,64.70588235294117
A Johnson,51,33,64.70588235294117
SA Wijeratne,51,33,64.70588235294117
Saad Bin Zafar,51,33,64.70588235294117
S Movva,51,33,64.70588235294117
Pargat Singh,51,33,64.70588235294117
U Raymond-Hoey,153,99,64.70588235294117
NR Kirton,51,33,64.70588235294117
H Thaker,51,33,64.70588235294117
S Forbes,150,97,64.66666666666667
NJ O'Brien,161,104,64.59627329192547
AD Poynter,144,93,64.58333333333333
RD McCann,144,93,64.58333333333333
J Da Silva,79,51,64.55696202531645
AM McCarthy,79,51,64.55696202531645
CK Holder,79,51,64.55696202531645
JA McCollum,155,100,64.51612903225806
IPP Batuwitarachchi,76,49,64.47368421052632
V Shetty,76,49,64.47368421052632
Hasibul Hossain,239,154,64.43514644351464
PG Gillespie,149,96,64.42953020134229
DI Joyce,149,96,64.42953020134229
CE Coulter Reilly,146,94,64.38356164383562
Mosharraf Hossain,247,159,64.37246963562752
Shaila Sharmin,272,175,64.33823529411765
Ayasha Rahman,157,101,64.3312101910828
R Stokell,157,101,64.3312101910828
Moniruzzaman,168,108,64.28571428571429
GH Lewis,162,104,64.19753086419753
O Prendergast,162,104,64.19753086419753
A Hunter,162,104,64.19753086419753
Jannatul Ferdus,162,104,64.19753086419753
Nahid Rana,167,107,64.07185628742515
Jubair Hossain,281,180,64.05693950177935
Nazimuddin,289,185,64.01384083044982
Dhiman Ghosh,291,186,63.91752577319588
Fayyaz Ahmed,72,46,63.888888888888886
Ebadat Hossain,282,180,63.829787234042556
Nafees Iqbal,293,187,63.822525597269625
A Balbirnie,163,104,63.80368098159509
HT Tector,163,104,63.80368098159509
L Tucker,163,104,63.80368098159509
Rumana Ahmed,301,192,63.78737541528239
Lata Mondal,301,192,63.78737541528239
JN Hamilton,218,139,63.76146788990825
Sharmin Sultana,295,188,63.728813559322035
Sanjida Islam,295,188,63.728813559322035
Shamim Hossain,292,186,63.6986301369863
Tanzim Hasan Sakib,292,186,63.6986301369863
Shamsur Rahman,303,193,63.696369636963695
MMA Jonkman,11,7,63.63636363636363
RR Ramdass,203,129,63.54679802955665
EC Joyce,164,104,63.41463414634146
PR Stirling,164,104,63.41463414634146
AR Cusack,164,104,63.41463414634146
WB Rankin,164,104,63.41463414634146
JF Mooney,164,104,63.41463414634146
KJ O'Brien,164,104,63.41463414634146
AR White,164,104,63.41463414634146
DT Johnston,164,104,63.41463414634146
WTS Porterfield,164,104,63.41463414634146
GC Wilson,164,104,63.41463414634146
Faisal Hossain,306,194,63.39869281045752
Nurul Hasan,207,131,63.28502415458937
Tanbir Hayder,207,131,63.28502415458937
Shuvagata Hom,204,129,63.23529411764706
Jaker Ali,190,120,63.1578947368421
F Walters,247,156,63.1578947368421
BP Nash,244,154,63.114754098360656
Yasir Ali Chowdhury,312,196,62.82051282051282
AA Jangoo,241,151,62.655601659751035
J Blackwood,315,197,62.53968253968254
Salman Faris,8,5,62.5
Fariha Trisna,314,196,62.4203821656051
D Parashar,69,43,62.31884057971015
RO Hinds,318,198,62.264150943396224
SC Joseph,338,210,62.1301775147929
Fazle Mahmud,319,198,62.06896551724138
SO Dowrich,71,44,61.971830985915496
CP Jack,331,205,61.933534743202415
PY Lavine,331,205,61.933534743202415
DP Hyatt,328,203,61.890243902439025
Mohammad Naim,322,199,61.80124223602485
JD Campbell,303,187,61.71617161716171
A Munisar,282,174,61.702127659574465
JW Ogle-Thomas,308,190,61.688311688311686
JB Nero,308,190,61.688311688311686
JO Holder,429,264,61.53846153846154
KA Pollard,429,264,61.53846153846154
E Lewis,429,264,61.53846153846154
SO Hetmyer,429,264,61.53846153846154
N Pooran,429,264,61.53846153846154
BA Parchment,408,251,61.51960784313726
RS Morton,408,251,61.51960784313726
PA Browne,408,251,61.51960784313726
S Chattergoon,408,251,61.51960784313726
Kyshona A Knight,428,263,61.44859813084112
CN Nation,428,263,61.44859813084112
Q Joseph,428,263,61.44859813084112
MR Aguilleira,428,263,61.44859813084112
R Boyce,428,263,61.44859813084112
HK Matthews,428,263,61.44859813084112
DJS Dottin,428,263,61.44859813084112
ASS Fletcher,428,263,61.44859813084112
SF Daley,428,263,61.44859813084112
A Mohammed,428,263,61.44859813084112
KA Hope,402,247,61.44278606965174
CAK Walton,402,247,61.44278606965174
AJ Hosein,407,250,61.42506142506142
JN Mohammed,425,261,61.411764705882355
R Powell,425,261,61.411764705882355
D Bishoo,425,261,61.411764705882355
AR Nurse,425,261,61.411764705882355
Afif Hossain,329,202,61.39817629179331
Nazmul Hossain Shanto,329,202,61.39817629179331
BA King,430,264,61.395348837209305
SD Hope,430,264,61.395348837209305
KU Carty,430,264,61.395348837209305
J Charles,430,264,61.395348837209305
SSJ Brooks,430,264,61.395348837209305
A Martin,422,259,61.37440758293839
KA Edwards,422,259,61.37440758293839
CS Baugh,422,259,61.37440758293839
R Rampaul,422,259,61.37440758293839
SW Ambris,409,251,61.36919315403423
DM Bravo,427,262,61.35831381733021
KAJ Roach,427,262,61.35831381733021
KOA Powell,427,262,61.35831381733021
DJG Sammy,427,262,61.35831381733021
DC Thomas,427,262,61.35831381733021
SP Narine,427,262,61.35831381733021
RR Sarwan,427,262,61.35831381733021
CH Gayle,427,262,61.35831381733021
DJ Bravo,427,262,61.35831381733021
TM Dowlin,401,246,61.34663341645885
FL Reifer,401,246,61.34663341645885
DM Richards,401,246,61.34663341645885
BC Lara,424,260,61.320754716981135
M Dillon,424,260,61.320754716981135
S Chanderpaul,424,260,61.320754716981135
IDR Bradshaw,424,260,61.320754716981135
PT Collins,424,260,61.320754716981135
CO Browne,424,260,61.320754716981135
WW Hinds,424,260,61.320754716981135
D Ganga,323,198,61.30030959752322
Akram Khan,346,212,61.27167630057804
Khaled Mashud,346,212,61.27167630057804
Tushar Imran,346,212,61.27167630057804
Al Sahariar,346,212,61.27167630057804
AD Russell,426,261,61.267605633802816
MN Samuels,426,261,61.267605633802816
LMP Simmons,426,261,61.267605633802816
DR Smith,426,261,61.267605633802816
D Ramdin,426,261,61.267605633802816
AB Barath,400,245,61.25
O Thomas,418,256,61.24401913875598
CR Brathwaite,418,256,61.24401913875598
Sharmin Akhter,325,199,61.23076923076923
S Mostary,325,199,61.23076923076923
Kycia A Knight,423,259,61.22931442080378
J Glasgow,392,240,61.224489795918366
M Mangru,392,240,61.224489795918366
SA Campbelle,420,257,61.19047619047619
Hannan Sarkar,340,208,61.1764705882353
SE Findlay,394,241,61.16751269035533
A Athanaze,412,252,61.16504854368932
Mahedi Hasan,327,200,61.162079510703364
Khaled Ahmed,327,200,61.162079510703364
Zakir Hasan,327,200,61.162079510703364
Tanzid Hasan,327,200,61.162079510703364
Towhid Hridoy,327,200,61.162079510703364
Shoriful Islam,327,200,61.162079510703364
Nasum Ahmed,327,200,61.162079510703364
Hasan Mahmud,327,200,61.162079510703364
Mahmudullah,345,211,61.15942028985507
Mushfiqur Rahim,345,211,61.15942028985507
Imrul Kayes,345,211,61.15942028985507
Shahriar Nafees,345,211,61.15942028985507
Tamim Iqbal,345,211,61.15942028985507
LR Johnson,399,244,61.152882205513784
Z James,417,255,61.15107913669065
RS Williams,417,255,61.15107913669065
S Gajnabi,417,255,61.15107913669065
CA Henry,417,255,61.15107913669065
AA Alleyne,417,255,61.15107913669065
CS Fraser,417,255,61.15107913669065
ADS Fletcher,404,247,61.13861386138614
RT Crandon,355,217,61.12676056338028
GC Tonge,355,217,61.12676056338028
DS Smith,414,253,61.111111111111114
TL Best,416,254,61.05769230769231
Aftab Ahmed,344,210,61.04651162790697
AK Peters,390,238,61.02564102564103
C Hemraj,413,252,61.016949152542374
TJ Bishop,377,230,61.0079575596817
Jahurul Islam,341,208,60.997067448680355
Mominul Haque,341,208,60.997067448680355
N Deonarine,369,225,60.97560975609756
Shorna Akter,333,203,60.96096096096096
Murshida Khatun,333,203,60.96096096096096
Nigar Sultana,333,203,60.96096096096096
Fargana Hoque,333,203,60.96096096096096
Shamima Sultana,333,203,60.96096096096096
Javed Omar,343,209,60.932944606414
Syed Rasel,343,209,60.932944606414
Habibul Bashar,343,209,60.932944606414
Mashrafe Mortaza,343,209,60.932944606414
SE Rutherford,358,218,60.89385474860335
RD Jacobs,368,224,60.869565217391305
Raqibul Hasan,337,205,60.83086053412463
KY Ottley,388,236,60.824742268041234
JP Greaves,388,236,60.824742268041234
SL Quintyne,365,222,60.821917808219176
TD Smartt,365,222,60.821917808219176
B Cooper,365,222,60.821917808219176
Anamul Haque,342,208,60.8187134502924
Sohag Gazi,342,208,60.8187134502924
Mohammad Mithun,334,203,60.778443113772454
Mosaddek Hossain,334,203,60.778443113772454
OC McCoy,260,158,60.76923076923077
NK Crafton,135,82,60.74074074074074
Soumya Sarkar,336,204,60.714285714285715
Liton Das,336,204,60.714285714285715
Mehedi Hasan Miraz,336,204,60.714285714285715
NE Bonner,384,233,60.677083333333336
NY McLean,386,234,60.62176165803109
SACA King,386,234,60.62176165803109
Sabbir Rahman,335,203,60.59701492537314
SKW Kelly,5,3,60.0
Omid Shafi Rahman,55,33,60.0
Muhammad Farooq,55,33,60.0
H Durham,5,3,60.0
AR Berenger,60,36,60.0
S Daniel,182,103,56.59340659340659
S Dhakal,43,24,55.81395348837209
DOD Rikhi,9,5,55.55555555555556
K Mahato,40,22,55.0
RTM Mendis,204,112,54.90196078431372
D Lakshan,204,112,54.90196078431372
K Phillip,53,29,54.716981132075475
U Thimashini,158,86,54.43037974683544
SM Warnapura,222,120,54.054054054054056
SK Patel,63,34,53.96825396825397
HML Madushani,481,259,53.84615384615385
RMVD Gunaratne,489,263,53.78323108384458
H Madavi,489,263,53.78323108384458
CKB Kulasekara,491,264,53.76782077393075
M Bhanuka,478,257,53.76569037656904
PWH de Silva,478,257,53.76569037656904
PBB Rajapaksa,478,257,53.76569037656904
H Karunaratne,482,259,53.7344398340249
S Nisansala,482,259,53.7344398340249
WU Tharanga,512,275,53.7109375
AD Mathews,512,275,53.7109375
N Dickwella,512,275,53.7109375
MDKJ Perera,512,275,53.7109375
BKG Mendis,512,275,53.7109375
JJ Smit,54,29,53.7037037037037
JP Kotze,54,29,53.7037037037037
N Davin,54,29,53.7037037037037
DN Wellalage,490,263,53.673469387755105
JDF Vandersay,490,263,53.673469387755105
RP Arnold,509,273,53.63457760314342
WPUJC Vaas,509,273,53.63457760314342
TCB Fernando,509,273,53.63457760314342
MS Atapattu,509,273,53.63457760314342
PA de Silva,509,273,53.63457760314342
HP Tillakaratne,509,273,53.63457760314342
HDRS Silva,468,251,53.63247863247863
SL Malinga,511,274,53.62035225048923
WIA Fernando,511,274,53.62035225048923
BMAJ Mendis,511,274,53.62035225048923
FDM Karunaratne,511,274,53.62035225048923
I Udana,511,274,53.62035225048923
MD Shanaka,498,267,53.6144578313253
MA Aponso,498,267,53.6144578313253
SS Pathirana,498,267,53.6144578313253
MDK Perera,498,267,53.6144578313253
HDPK Dharmasena,360,193,53.611111111111114
HIS Mendis,347,186,53.60230547550432
TT Samaraweera,500,268,53.6
GWHM Perera,487,261,53.59342915811088
PRCS Kumarihami,487,261,53.59342915811088
DA Gunawardene,476,255,53.57142857142857
KNA Bandara,465,249,53.54838709677419
LD Chandimal,508,272,53.54330708661417
SMA Priyanjan,508,272,53.54330708661417
KIC Asalanka,495,265,53.535353535353536
P Nissanka,495,265,53.535353535353536
S Samarawickrama,495,265,53.535353535353536
KHRK Fernando,467,250,53.53319057815846
ST Jayasuriya,510,273,53.529411764705884
CK Kapugedera,510,273,53.529411764705884
SHT Kandamby,510,273,53.529411764705884
KC Sangakkara,510,273,53.529411764705884
MF Maharoof,510,273,53.529411764705884
TM Dilshan,510,273,53.529411764705884
DPMD Jayawardene,510,273,53.529411764705884
KDU Prabodhani,497,266,53.521126760563384
HASD Siriwardene,497,266,53.521126760563384
BMSM Kumari,497,266,53.521126760563384
MAA Sanjeewani,497,266,53.521126760563384
AC Jayangani,497,266,53.521126760563384
NND de Silva,497,266,53.521126760563384
SS Weerakkody,497,266,53.521126760563384
MADD Surangika,497,266,53.521126760563384
PM Weerakkody,497,266,53.521126760563384
MDN Hansika,497,266,53.521126760563384
I Ranaweera,497,266,53.521126760563384
ML Udawatte,499,267,53.50701402805611
J Mubarak,499,267,53.50701402805611
PHT Kaushal,486,260,53.49794238683128
LHD Dilhara,245,131,53.46938775510204
S Randiv,507,271,53.451676528599606
MD Gunathilaka,507,271,53.451676528599606
S Prasanna,507,271,53.451676528599606
DL Blake,58,31,53.44827586206897
LC Romero,58,31,53.44827586206897
Rashid Zia,58,31,53.44827586206897
Nasir Javed,58,31,53.44827586206897
CA Reid,58,31,53.44827586206897
RS Kaluwitharana,348,186,53.44827586206897
CR Seneviratna,464,248,53.44827586206897
SK Dolawatte,464,248,53.44827586206897
SJ Massiah,58,31,53.44827586206897
HMD Rasangika,464,248,53.44827586206897
RP Alexander,58,31,53.44827586206897
MR Johnson,58,31,53.44827586206897
Aijaz Ali,58,31,53.44827586206897
RW Staple,58,31,53.44827586206897
HR Johnson,58,31,53.44827586206897
BYA Mendis,464,248,53.44827586206897
LPC Silva,496,265,53.42741935483871
KS Lokuarachchi,496,265,53.42741935483871
DSK Madushanka,294,157,53.40136054421769
SMSM Senanayake,506,270,53.359683794466406
HDRL Thirimanne,506,270,53.359683794466406
AK Perera,448,239,53.348214285714285
PARP Perera,448,239,53.348214285714285
BOP Fernando,448,239,53.348214285714285
K Weeraratne,463,247,53.347732181425485
SR Thadani,30,16,53.333333333333336
JM Willathgamuwa,30,16,53.333333333333336
PLS Gamage,454,242,53.30396475770925
I Dulani,428,228,53.271028037383175
SR Mukkamalla,62,33,53.225806451612904
HAPW Jayawardene,267,142,53.18352059925093
DNT Zoysa,457,243,53.17286652078774
UDU Chandana,457,243,53.17286652078774
MKDI Amerasinghe,427,227,53.1615925058548
EMDY Munaweera,459,244,53.15904139433551
SJ Modani,64,34,53.125
RM Jariwala,64,34,53.125
MD Patel,64,34,53.125
Shayan Jahangir,64,34,53.125
G Singh,64,34,53.125
APS Lakshika,273,145,53.11355311355312
KDK Vithanage,435,231,53.10344827586207
SDNS Karunaratne,372,197,52.956989247311824
HHC Gunaratne,372,197,52.956989247311824
RS Vandort,372,197,52.956989247311824
SP de Alwis,340,180,52.94117647058823
R Walters,51,27,52.94117647058823
SI Galagedara,340,180,52.94117647058823
LDVV Silva,340,180,52.94117647058823
AD Janakanthymala,340,180,52.94117647058823
SJ Swanepoel,51,27,52.94117647058823
H Shah,34,18,52.94117647058823
KNM Fernando,310,164,52.903225806451616
Tharika Sewwandi,263,139,52.851711026615966
D Keulder,53,28,52.83018867924528
GB Murgatroyd,53,28,52.83018867924528
M van Schoor,53,28,52.83018867924528
M Karg,53,28,52.83018867924528
SSD Arachchige,324,171,52.77777777777778
D la Cock,55,29,52.72727272727273
ZE Green,55,29,52.72727272727273
MG Erasmus,55,29,52.72727272727273
BM Scholtz,55,29,52.72727272727273
SJ Baard,55,29,52.72727272727273
M van Lingen,55,29,52.72727272727273
L Louwrens,55,29,52.72727272727273
JN Loftie-Eaton,55,29,52.72727272727273
JN Frylinck,55,29,52.72727272727273
R Trumpelmann,55,29,52.72727272727273
DS Weerakkody,262,138,52.67175572519084
MNK Fernando,376,198,52.659574468085104
D Dhingra,57,30,52.63157894736842
PM Liyanagamage,380,200,52.63157894736842
IM Vaghela,57,30,52.63157894736842
AI Chudasama,57,30,52.63157894736842
A Kolan,57,30,52.63157894736842
TG Norris,57,30,52.63157894736842
S Immadi,57,30,52.63157894736842
G Kodali,57,30,52.63157894736842
GC Bhogle,57,30,52.63157894736842
S Sriharsha,57,30,52.63157894736842
E Claridge,57,30,52.63157894736842
Akshay Homraj,61,32,52.459016393442624
TK Patel,61,32,52.459016393442624
XM Marshall,61,32,52.459016393442624
D Gamage,331,173,52.26586102719033
B Fernando,335,175,52.23880597014925
C Viljoen,50,26,52.0
HN Ya France,52,27,51.92307692307692
Z Groenewald,52,27,51.92307692307692
CG Williams,52,27,51.92307692307692
K Birkenstock,52,27,51.92307692307692
Bismah Maroof,459,238,51.851851851851855
Sidra Ameen,459,238,51.851851851851855
Shan Masood,461,239,51.84381778741866
Mohammad Nawaz,461,239,51.84381778741866
Mohammad Wasim,461,239,51.84381778741866
Usama Mir,461,239,51.84381778741866
Mohammad Hasnain,461,239,51.84381778741866
Agha Salman,461,239,51.84381778741866
Fakhar Zaman,461,239,51.84381778741866
Haris Rauf,461,239,51.84381778741866
Nashra Sandhu,463,240,51.83585313174946
Nida Dar,463,240,51.83585313174946
Fatima Sana,463,240,51.83585313174946
Javeria Khan,463,240,51.83585313174946
Umaima Sohail,463,240,51.83585313174946
Sidra Nawaz,463,240,51.83585313174946
Diana Baig,463,240,51.83585313174946
Muneeba Ali,463,240,51.83585313174946
Ayesha Zafar,463,240,51.83585313174946
Sadia Iqbal,463,240,51.83585313174946
Aliya Riaz,463,240,51.83585313174946
Mohammad Yousuf,458,237,51.7467248908297
Asad Shafiq,460,238,51.73913043478261
Ehsan Adil,460,238,51.73913043478261
Umar Amin,460,238,51.73913043478261
Mohammad Nawaz (3),462,239,51.731601731601735
Babar Azam,462,239,51.731601731601735
Imad Wasim,462,239,51.731601731601735
Mohammad Rizwan,462,239,51.731601731601735
Sharjeel Khan,462,239,51.731601731601735
Yasir Hameed,464,240,51.724137931034484
Abdul Razzaq,464,240,51.724137931034484
Yousuf Youhana,464,240,51.724137931034484
Inzamam-ul-Haq,464,240,51.724137931034484
Ahmed Shehzad,466,241,51.716738197424895
Nasir Jamshed,466,241,51.716738197424895
AGS Gous,60,31,51.666666666666664
Sarfraz Ahmed,467,241,51.605995717344754
Imran Farhat,467,241,51.605995717344754
Umar Akmal,467,241,51.605995717344754
Khurram Manzoor,469,242,51.59914712153518
Younis Khan,469,242,51.59914712153518
Kamran Akmal,469,242,51.59914712153518
Salman Butt,469,242,51.59914712153518
Misbah-ul-Haq,469,242,51.59914712153518
Asmavia Iqbal,456,235,51.53508771929825
Nain Abidi,456,235,51.53508771929825
Nahida Khan,456,235,51.53508771929825
Qanita Jalil,456,235,51.53508771929825
Javeria Rauf,456,235,51.53508771929825
Haris Sohail,468,241,51.495726495726494
Azhar Ali,468,241,51.495726495726494
Mohammad Hafeez,468,241,51.495726495726494
Zafar Gohar,437,225,51.48741418764302
Kainat Imtiaz,441,227,51.47392290249433
Imran Nazir,453,233,51.434878587196465
Azhar Mahmood,453,233,51.434878587196465
Iram Javed,442,227,51.35746606334842
Adnan Akmal,444,228,51.351351351351354
Utkarsh Srivastava,39,20,51.282051282051285
Abdullah Shafique,445,228,51.235955056179776
Imam-ul-Haq,451,231,51.21951219512195
Sadaf Shamas,434,222,51.1520737327189
Najiha Alvi,434,222,51.1520737327189
Asif Ali,446,228,51.12107623318386
Moin Khan,448,229,51.11607142857143
Yasir Arafat,423,216,51.06382978723404
Rabiya Shah,431,220,51.04408352668214
JI de Villiers,49,25,51.02040816326531
SP Krishnamurthi,49,25,51.02040816326531
B Shikongo,49,25,51.02040816326531
AA Paradkar,49,25,51.02040816326531
MB Kruger,49,25,51.02040816326531
Bilawal Bhatti,449,229,51.00222717149221
Faisal Iqbal,422,215,50.947867298578196
Wasim Akram,426,217,50.93896713615023
Saleem Elahi,426,217,50.93896713615023
Saqlain Mushtaq,426,217,50.93896713615023
Saeed Anwar,426,217,50.93896713615023
Rashid Latif,426,217,50.93896713615023
Waqar Younis,426,217,50.93896713615023
Zulfiqar Babar,430,219,50.93023255813954
Sami Aslam,430,219,50.93023255813954
Gulsan Jha,63,32,50.79365079365079
Marina Iqbal,416,211,50.72115384615385
Sania Khan,416,211,50.72115384615385
Irfan Khan,428,217,50.700934579439256
Naved Latif,403,204,50.62034739454094
Tanvir Ahmed,411,208,50.60827250608273
Mohammad Salman,415,210,50.602409638554214
Usman Salahuddin,415,210,50.602409638554214
Taufeeq Umar,415,210,50.602409638554214
Khalid Latif,417,211,50.59952038369305
Abid Ali,335,169,50.44776119402985
Saad Ali,335,169,50.44776119402985
Batool Fatima,383,193,50.391644908616186
Tasqeen Qadeer,383,193,50.391644908616186
Sana Javed,383,193,50.391644908616186
Tayyab Tahir,409,206,50.36674816625917
Zulqarnain Haider,334,168,50.29940119760479
Raza Hasan,199,100,50.25125628140704
Saud Shakeel,291,146,50.171821305841924
Ayesha Naseem,371,186,50.13477088948787
B Bhandari,60,30,50.0
A Saud,52,26,50.0
SP Khakurel,64,32,50.0
S Jora,54,27,50.0
P Khadka,64,32,50.0
Shawaal Zulfiqar,192,96,50.0
Haseebullah Khan,12,6,50.0
JH Desai,46,23,50.0
RD Steede,2,1,50.0
Sagar Pun,58,29,50.0
KL Tucker,2,1,50.0
AK Sah,62,31,50.0
Faisal Athar,327,163,49.84709480122324
Haider Ali,346,172,49.71098265895954
Khushdil Shah,346,172,49.71098265895954
Naumanullah,306,152,49.673202614379086
GA Guy,270,134,49.629629629629626
Mohammad Haris,317,157,49.526813880126184
Zahid Mahmood,317,157,49.526813880126184
Hussain Talat,315,156,49.523809523809526
SL Stewart,286,141,49.3006993006993
Sompal Kami,65,32,49.23076923076923
Kushal Malla,65,32,49.23076923076923
DS Airee,65,32,49.23076923076923
S Lamichhane,65,32,49.23076923076923
Karan KC,65,32,49.23076923076923
Aarif Sheikh,65,32,49.23076923076923
D Khanal,65,32,49.23076923076923
K Bhurtel,65,32,49.23076923076923
Aasif Sheikh,65,32,49.23076923076923
Mohammad Aadil Alam,65,32,49.23076923076923
S Bhari,65,32,49.23076923076923
B Sharki,65,32,49.23076923076923
G Malla,65,32,49.23076923076923
RK Paudel,65,32,49.23076923076923
FL Mackay,384,189,49.21875
Shahzaib Hasan,319,157,49.21630094043887
CD Cumming,382,188,49.21465968586387
LN Rajbanshi,59,29,49.152542372881356
AJ Redmond,279,137,49.10394265232975
MD du Preez,47,23,48.93617021276596
PD McGlashan,375,183,48.8
JW Wilson,291,142,48.797250859106526
LJ Hamilton,291,142,48.797250859106526
PJ Ingram,373,182,48.793565683646115
AR Adams,394,192,48.73096446700507
Natalia Pervaiz,253,123,48.616600790513836
D Cleaver,251,122,48.60557768924303
TS Nethula,359,174,48.467966573816156
HM Watson,329,159,48.328267477203646
LE Milliken,329,159,48.328267477203646
RJ Rolls,329,159,48.328267477203646
MF Fahey,329,159,48.328267477203646
HM Tiffen,329,159,48.328267477203646
AL Watkins,329,159,48.328267477203646
SJ Tsukigawa,329,159,48.328267477203646
B Siddharth,29,14,48.275862068965516
K Sonavale,29,14,48.275862068965516
BJ Watling,440,212,48.18181818181818
HD Rutherford,438,211,48.17351598173516
A Ashok,245,118,48.16326530612245
JA Clarkson,326,157,48.15950920245399
L Vincent,434,209,48.15668202764977
NJ Astle,434,209,48.15668202764977
TMM Newton,351,169,48.148148148148145
SRH Curtis,351,169,48.148148148148145
NC Dodd,351,169,48.148148148148145
JM Kerr,428,206,48.13084112149533
IC Gaze,428,206,48.13084112149533
BM Halliday,428,206,48.13084112149533
GE Plimmer,428,206,48.13084112149533
MM Penfold,428,206,48.13084112149533
FC Jonas,428,206,48.13084112149533
W O'Rourke,401,193,48.12967581047381
NG Smith,401,193,48.12967581047381
Khurram Nawaz,52,25,48.07692307692308
Sandeep Goud,52,25,48.07692307692308
Jatinder Singh,52,25,48.07692307692308
Suraj Kumar,52,25,48.07692307692308
SP Fleming,441,212,48.07256235827664
HJH Marshall,441,212,48.07256235827664
L Ronchi,439,211,48.06378132118451
JDS Neesham,439,211,48.06378132118451
C Munro,439,211,48.06378132118451
TWM Latham,439,211,48.06378132118451
MJ Henry,437,210,48.05491990846682
TL Seifert,437,210,48.05491990846682
HM Nicholls,437,210,48.05491990846682
JD Ryder,435,209,48.04597701149425
SFM Devine,433,208,48.03695150115473
SW Bates,433,208,48.03695150115473
LMM Tahuhu,433,208,48.03695150115473
AM Peterson,433,208,48.03695150115473
AE Satterthwaite,433,208,48.03695150115473
LR Down,433,208,48.03695150115473
B Bezuidenhout,433,208,48.03695150115473
ML Green,433,208,48.03695150115473
HM Rowe,433,208,48.03695150115473
AC Kerr,433,208,48.03695150115473
LM Kasperek,433,208,48.03695150115473
GD Phillips,431,207,48.02784222737819
FH Allen,431,207,48.02784222737819
DP Conway,431,207,48.02784222737819
DJ Mitchell,431,207,48.02784222737819
SJ McGlashan,402,193,48.00995024875622
JAH Marshall,427,205,48.00936768149883
MHW Papps,427,205,48.00936768149883
JM How,444,213,47.972972972972975
LRPL Taylor,444,213,47.972972972972975
MJ Guptill,444,213,47.972972972972975
GJ Hopkins,444,213,47.972972972972975
EC Perry,244,117,47.950819672131146
RA Jones,315,151,47.93650793650794
CJ Nevin,411,197,47.93187347931873
DG Brownlie,432,207,47.916666666666664
KE Ebrahim,238,114,47.89915966386555
KT Perkins,426,204,47.88732394366197
KJ Martin,426,204,47.88732394366197
PG Fulton,443,212,47.855530474040634
BB McCullum,443,212,47.855530474040634
NT Broom,443,212,47.855530474040634
RH Priest,412,197,47.81553398058252
MS Sinclair,425,203,47.76470588235294
CJ Bowes,333,159,47.747747747747745
TB Robinson,216,103,47.68518518518518
MJ Hay,216,103,47.68518518518518
IR James,420,200,47.61904761904762
FY Fazal,120,57,47.5
SC Kuggeleijn,415,197,47.46987951807229
GH Worker,415,197,47.46987951807229
D Foxcroft,416,197,47.35576923076923
WA Young,416,197,47.35576923076923
TA Blundell,416,197,47.35576923076923
SB Bangar,104,49,47.11538461538461
VR Iyer,102,48,47.05882352941177
Naseem Khushi,51,24,47.05882352941177
KH Prajapati,51,24,47.05882352941177
Shoaib Khan,51,24,47.05882352941177
MW Machan,100,47,47.0
FRJ Coleman,100,47,47.0
D Murphy,100,47,47.0
PL Mommsen,100,47,47.0
HJW Gardiner,100,47,47.0
RML Taylor,100,47,47.0
RM Haq,100,47,47.0
I Wardlaw,100,47,47.0
KE Broadmore,149,70,46.97986577181208
DE Budge,96,45,46.875
SG Whittingham,96,45,46.875
MA Jones,96,45,46.875
CJO Smith,88,41,46.59090909090909
NS Poonia,88,41,46.59090909090909
GM Hamilton,88,41,46.59090909090909
MH Cross,101,47,46.53465346534654
CS MacLeod,101,47,46.53465346534654
KJ Coetzer,101,47,46.53465346534654
RD Berrington,101,47,46.53465346534654
HG Munsey,101,47,46.53465346534654
TB Sole,101,47,46.53465346534654
MA Leask,101,47,46.53465346534654
SM Sharif,101,47,46.53465346534654
CD Wallace,101,47,46.53465346534654
JH Davey,99,46,46.464646464646464
MM Iqbal,99,46,46.464646464646464
SJ Bryce,97,45,46.391752577319586
EL Watson,97,45,46.391752577319586
HRA Rainey,97,45,46.391752577319586
AH Maqsood,97,45,46.391752577319586
DEM Carter,97,45,46.391752577319586
A Lister,97,45,46.391752577319586
M McColl,97,45,46.391752577319586
O Bell,97,45,46.391752577319586
KE Bryce,97,45,46.391752577319586
L Jack,97,45,46.391752577319586
PA Chatterji,97,45,46.391752577319586
TSS Mackintosh,82,38,46.34146341463415
CM McBride,82,38,46.34146341463415
A Neill,95,44,46.31578947368421
GT Main,95,44,46.31578947368421
Steven Ryan Taylor,13,6,46.15384615384615
GI Maiden,89,41,46.06741573033708
NFI McCallum,89,41,46.06741573033708
DF Watts,89,41,46.06741573033708
Nestor Dhamba,50,23,46.0
CD de Lange,98,45,45.91836734693877
SW Currie,85,39,45.88235294117647
BJ Currie,85,39,45.88235294117647
C Tear,85,39,45.88235294117647
BJ McMullen,85,39,45.88235294117647
Sufyan Mehmood,46,21,45.65217391304348
K Fraser,79,36,45.56962025316456
A Aitken-Drummond,79,36,45.56962025316456
S Horley,79,36,45.56962025316456
C Abel,79,36,45.56962025316456
O Davidson,33,15,45.45454545454545
RD Chahar,75,34,45.333333333333336
K Gowtham,75,34,45.333333333333336
C Sakariya,75,34,45.333333333333336
N Rana,75,34,45.333333333333336
Pooja Ganesh,20,9,45.0
Shakeel Ahmed,49,22,44.89795918367347
Mehran Khan,49,22,44.89795918367347
PS Athavale,49,22,44.89795918367347
ARI Umeed,49,22,44.89795918367347
PJC Hoffmann,78,35,44.87179487179487
DR Brown,78,35,44.87179487179487
GA Rogers,78,35,44.87179487179487
RO Hussain,56,25,44.642857142857146
M Faisal,65,29,44.61538461538461
MM English,74,33,44.5945945945946
J Jarvis,63,28,44.44444444444444
L Wood,72,32,44.44444444444444
AA Shafique,43,19,44.18604651162791
Sufiyan Muqeem,68,30,44.11764705882353
MC Patel,68,30,44.11764705882353
G Fontenla,59,26,44.067796610169495
Khalid Kail,41,18,43.90243902439025
TS Roland-Jones,85,37,43.529411764705884
Pankaj Singh,67,29,43.28358208955224
NV Ojha,67,29,43.28358208955224
AR Odedara,37,16,43.24324324324324
Hammad Mirza,37,16,43.24324324324324
Wasim Ali,37,16,43.24324324324324
JM Vince,519,224,43.15992292870906
DJ Malan,519,224,43.15992292870906
SW Billings,519,224,43.15992292870906
MM Ali,519,224,43.15992292870906
JC Buttler,519,224,43.15992292870906
JJ Roy,519,224,43.15992292870906
KR Sen,285,123,43.1578947368421
Shahbaz Ahmed,285,123,43.1578947368421
TT Beaumont,513,221,43.07992202729045
DN Wyatt,513,221,43.07992202729045
SIR Dunkley,513,221,43.07992202729045
AE Jones,513,221,43.07992202729045
EL Lamb,513,221,43.07992202729045
A Capsey,513,221,43.07992202729045
JWA Taylor,511,220,43.05283757338552
GS Ballance,511,220,43.05283757338552
VS Solanki,518,223,43.05019305019305
GO Jones,518,223,43.05019305019305
Kabir Ali,518,223,43.05019305019305
IR Bell,518,223,43.05019305019305
D Gough,518,223,43.05019305019305
ME Trescothick,518,223,43.05019305019305
AF Giles,518,223,43.05019305019305
KP Pietersen,518,223,43.05019305019305
PD Collingwood,518,223,43.05019305019305
AJ Strauss,518,223,43.05019305019305
JM Bairstow,516,222,43.02325581395349
AAP Atkinson,444,191,43.01801801801802
TR Ambrose,461,198,42.950108459869845
TT Bresnan,517,222,42.94003868471954
EJG Morgan,517,222,42.94003868471954
LJ Wright,517,222,42.94003868471954
AN Cook,517,222,42.94003868471954
C Kieswetter,517,222,42.94003868471954
AD Hales,515,221,42.9126213592233
AG Wharf,483,207,42.857142857142854
S Dhamala,7,3,42.857142857142854
A Flintoff,509,218,42.82907662082515
MS Panesar,509,218,42.82907662082515
MP Vaughan,509,218,42.82907662082515
PA Nixon,509,218,42.82907662082515
SI Mahmood,509,218,42.82907662082515
RS Bopara,509,218,42.82907662082515
OA Shah,502,215,42.82868525896414
IJL Trott,505,216,42.772277227722775
S Sriram,304,130,42.76315789473684
Joginder Sharma,304,130,42.76315789473684
MJ Prior,503,215,42.74353876739563
ID Blackwell,503,215,42.74353876739563
SD Udal,503,215,42.74353876739563
JL Denly,496,212,42.74193548387097
SM Davies,496,212,42.74193548387097
G Onions,496,212,42.74193548387097
MA Carberry,482,206,42.738589211618255
T Banton,426,182,42.72300469483568
JWM Dalrymple,508,217,42.71653543307087
P Mustard,501,214,42.71457085828343
AR Caddick,457,195,42.669584245076585
RC Irani,457,195,42.669584245076585
AJ Stewart,457,195,42.669584245076585
NV Knight,457,195,42.669584245076585
N Hussain,457,195,42.669584245076585
ME Bouchier,504,215,42.65873015873016
JO Troughton,497,212,42.65593561368209
CMW Read,497,212,42.65593561368209
FR Davies,476,203,42.64705882352941
L Winfield,455,194,42.637362637362635
J Overton,495,211,42.62626262626262
JG Bethell,495,211,42.62626262626262
JM Cox,495,211,42.62626262626262
WG Jacks,495,211,42.62626262626262
DR Mousley,495,211,42.62626262626262
PD Salt,495,211,42.62626262626262
JA Turner,495,211,42.62626262626262
TK Curran,481,205,42.61954261954262
G Chapple,474,202,42.61603375527426
HC Knight,507,216,42.603550295857985
SJ Taylor,507,216,42.603550295857985
LS Greenway,507,216,42.603550295857985
CM Edwards,507,216,42.603550295857985
L Winfield-Hill,500,213,42.6
FC Wilson,498,212,42.570281124497996
MH Yardy,491,209,42.56619144602851
MJ Lumb,470,200,42.5531914893617
IECM Wong,428,182,42.52336448598131
HC Brook,487,207,42.50513347022587
BM Duckett,487,207,42.50513347022587
JL Smith,487,207,42.50513347022587
RWT Key,480,204,42.5
CJ Jordan,492,209,42.479674796747965
HJ Armitage,490,208,42.44897959183673
HL Baker,490,208,42.44897959183673
R MacDonald-Gay,490,208,42.44897959183673
PJ Scholfield,490,208,42.44897959183673
BAM Heath,490,208,42.44897959183673
MK Villiers,490,208,42.44897959183673
P Roy,231,98,42.42424242424242
SK Naidu,231,98,42.42424242424242
AA Deshpande,231,98,42.42424242424242
A Chopra,231,98,42.42424242424242
LA Marsh,489,207,42.331288343558285
BA Langston,489,207,42.331288343558285
D Hazell,489,207,42.331288343558285
SC Taylor,412,173,41.99029126213592
CMG Atkins,412,173,41.99029126213592
RS Gavaskar,330,138,41.81818181818182
BT Foakes,373,155,41.55495978552279
VR Vanitha,358,148,41.340782122905026
NE Farrant,395,163,41.265822784810126
Pratika Rawal,366,151,41.256830601092894
Z Crawley,328,135,41.15853658536585
J Yadav,343,141,41.10787172011662
MB Loye,399,164,41.10275689223057
SG Borthwick,292,119,40.75342465753425
SC Meaker,292,119,40.75342465753425
SR Hain,283,115,40.63604240282685
TW Hartley,283,115,40.63604240282685
AL Hodgkinson,322,130,40.37267080745342
Y van der Westhuizen,322,130,40.37267080745342
JA Simpson,233,94,40.34334763948498
H Davids,343,138,40.2332361516035
SS Tiwary,391,157,40.153452685421996
K Thomson,352,140,39.77272727272727
J Sharma,396,157,39.64646464646464
A Rawat,396,157,39.64646464646464
AB Kaur,398,157,39.447236180904525
J Logtenberg,384,150,39.0625
Zubayr Hamza,288,112,38.888888888888886
HH Dippenaar,445,173,38.87640449438202
JA Rudolph,445,173,38.87640449438202
G Kirsten,260,101,38.84615384615385
SA Fritz,389,151,38.81748071979435
A Minny,389,151,38.81748071979435
AE Smith,389,151,38.81748071979435
C Brits,389,151,38.81748071979435
CS Terblanche,389,151,38.81748071979435
SM Benade,389,151,38.81748071979435
M Terblanche,389,151,38.81748071979435
S Jafta,449,174,38.75278396436526
AM Bacher,393,152,38.67684478371501
F Behardien,463,179,38.66090712742981
LL Tsotsobe,463,179,38.66090712742981
RJ Peterson,463,179,38.66090712742981
RK Kleinveldt,463,179,38.66090712742981
GF Linde,238,92,38.65546218487395
N Shangase,453,175,38.63134657836645
M De Ridder,453,175,38.63134657836645
T Brits,453,175,38.63134657836645
A Bosch,453,175,38.63134657836645
AB de Villiers,466,180,38.62660944206009
MV Boucher,466,180,38.62660944206009
HH Gibbs,466,180,38.62660944206009
AG Prince,466,180,38.62660944206009
S Verma,435,168,38.62068965517241
T Bavuma,443,171,38.60045146726862
AN Petersen,456,176,38.59649122807018
CA Ingram,456,176,38.59649122807018
W Jaffer,539,208,38.5899814471243
RR Rossouw,451,174,38.58093126385809
TS Sekhukhune,464,179,38.577586206896555
R Ntozakhe,464,179,38.577586206896555
CL Tryon,464,179,38.577586206896555
Z Mali,464,179,38.577586206896555
M Klaas,464,179,38.577586206896555
RP Singh,542,209,38.56088560885609
MN van Wyk,457,176,38.51203501094092
Umran Malik,551,212,38.475499092558984
C Prathyusha,52,20,38.46153846153846
PP Shaw,541,208,38.44731977818854
L Goodall,471,181,38.42887473460722
A Khaka,471,181,38.42887473460722
L Lee,471,181,38.42887473460722
N Mlaba,471,181,38.42887473460722
T Chetty,471,181,38.42887473460722
L Wolvaardt,471,181,38.42887473460722
N de Klerk,471,181,38.42887473460722
S Ismail,471,181,38.42887473460722
M Kapp,471,181,38.42887473460722
S Luus,471,181,38.42887473460722
M du Preez,471,181,38.42887473460722
K Verreynne,458,176,38.427947598253276
JN Malan,458,176,38.427947598253276
PS Punia,552,212,38.405797101449274
WD Parnell,461,177,38.39479392624729
H Klaasen,469,180,38.37953091684435
C Jonker,469,180,38.37953091684435
Imran Tahir,469,180,38.37953091684435
K Zondo,469,180,38.37953091684435
D Elgar,469,180,38.37953091684435
DW Steyn,469,180,38.37953091684435
L Balaji,537,206,38.361266294227185
ND McKenzie,438,168,38.35616438356164
A Steyn,438,168,38.35616438356164
HE van der Dussen,472,181,38.347457627118644
T de Zorzi,472,181,38.347457627118644
RR Hendricks,472,181,38.347457627118644
J Louw,459,176,38.3442265795207
JA Morkel,459,176,38.3442265795207
JL Ontong,459,176,38.3442265795207
J Botha,459,176,38.3442265795207
Ishan Kishan,553,212,38.33634719710669
SA Yadav,553,212,38.33634719710669
AL Phehlukwayo,470,180,38.297872340425535
JP Duminy,470,180,38.297872340425535
HM Amla,470,180,38.297872340425535
Q de Kock,470,180,38.297872340425535
DA Miller,470,180,38.297872340425535
F du Plessis,470,180,38.297872340425535
PP Chawla,546,209,38.27838827838828
S Badrinath,567,217,38.27160493827161
PA Patel,567,217,38.27160493827161
STR Binny,536,205,38.24626865671642
MK Tiwary,536,205,38.24626865671642
UT Yadav,565,216,38.230088495575224
PP Ojha,565,216,38.230088495575224
AB Dinda,565,216,38.230088495575224
M van Jaarsveld,437,167,38.215102974828376
D Devnarain,403,154,38.21339950372209
T Stubbs,424,162,38.20754716981132
OEG Baartman,424,162,38.20754716981132
RD Rickelton,424,162,38.20754716981132
H Deol,568,217,38.20422535211268
P Vastrakar,568,217,38.20422535211268
Shafali Verma,568,217,38.20422535211268
YH Bhatia,568,217,38.20422535211268
SV Bahutule,534,204,38.20224719101124
M Kartik,534,204,38.20224719101124
HK Badani,534,204,38.20224719101124
IK Pathan,563,215,38.18827708703375
SSB Magala,419,160,38.18615751789976
LE Bosman,440,168,38.18181818181818
A le Breton,207,79,38.16425120772947
SZ Thakor,490,187,38.16326530612245
TS Hasabnis,490,187,38.16326530612245
Y Venugopal Rao,498,190,38.15261044176707
N Niranjana,561,214,38.146167557932266
G Sultana,561,214,38.146167557932266
S Naik,561,214,38.146167557932266
R Malhotra,561,214,38.146167557932266
V Krishnamurthy,561,214,38.146167557932266
KD Karthik,569,217,38.13708260105448
MDT Kamini,514,196,38.13229571984436
KV Jain,514,196,38.13229571984436
S Rana,556,212,38.1294964028777
RM Ghosh,556,212,38.1294964028777
M Raj,564,215,38.12056737588652
VB van Jaarsveld,399,152,38.095238095238095
AT Rayudu,575,219,38.08695652173913
MS Dhoni,575,219,38.08695652173913
MR Meshram,562,214,38.07829181494662
VVS Laxman,570,217,38.07017543859649
M Kaif,570,217,38.07017543859649
L Klusener,423,161,38.061465721040186
Shubman Gill,560,213,38.035714285714285
KK Ahmed,560,213,38.035714285714285
KM Jadhav,576,219,38.020833333333336
SS Iyer,576,219,38.020833333333336
RR Pant,576,219,38.020833333333336
AM Rahane,571,217,38.003502626970224
V Sehwag,574,218,37.97909407665505
SR Tendulkar,574,218,37.97909407665505
T Bhatia,503,191,37.97216699801193
S Dhawan,577,219,37.954939341421145
RG Sharma,577,219,37.954939341421145
KH Pandya,572,217,37.93706293706294
M Prasidh Krishna,572,217,37.93706293706294
HH Pandya,572,217,37.93706293706294
AG Puttick,406,154,37.93103448275862
B Sai Sudharsan,580,220,37.93103448275862
Mukesh Kumar,580,220,37.93103448275862
AR Patel,580,220,37.93103448275862
Kuldeep Yadav,580,220,37.93103448275862
Tilak Varma,580,220,37.93103448275862
RK Singh,580,220,37.93103448275862
Avesh Khan,580,220,37.93103448275862
RD Gaikwad,580,220,37.93103448275862
KL Rahul,580,220,37.93103448275862
SV Samson,580,220,37.93103448275862
Arshdeep Singh,580,220,37.93103448275862
KK Nair,559,212,37.924865831842574
MK Pandey,559,212,37.924865831842574
S Meghana,530,201,37.924528301886795
CA Pujara,517,196,37.9110251450677
JI Rodrigues,578,219,37.88927335640138
S Mandhana,578,219,37.88927335640138
PG Raut,578,219,37.88927335640138
SC Ganguly,573,217,37.87085514834206
R Dravid,573,217,37.87085514834206
RV Uthappa,573,217,37.87085514834206
F Tunnicliffe,214,81,37.850467289719624
YK Pathan,579,219,37.82383419689119
R Ashwin,579,219,37.82383419689119
S Sreesanth,579,219,37.82383419689119
A Nehra,579,219,37.82383419689119
MM Patel,579,219,37.82383419689119
M Vijay,579,219,37.82383419689119
SK Raina,579,219,37.82383419689119
Yuvraj Singh,579,219,37.82383419689119
G Gambhir,579,219,37.82383419689119
WP Saha,579,219,37.82383419689119
V Kohli,579,219,37.82383419689119
Washington Sundar,519,196,37.76493256262042
LR Naylor,24,9,37.5
S Lackay,94,35,37.234042553191486
RT Lyons,27,10,37.03703703703704
MQ Sheikh,25,9,36.0
JN Rhodes,184,66,35.869565217391305
NA Moodley,103,36,34.95145631067961
OV Anderson,166,57,34.33734939759036
SE Aley,62,21,33.87096774193548
MG Neser,512,156,30.46875
AC Agar,512,156,30.46875
PA Jaques,522,159,30.45977011494253
BJ Hodge,522,159,30.45977011494253
MW Short,526,160,30.418250950570343
C Green,526,160,30.418250950570343
JP Inglis,526,160,30.418250950570343
EJ Villani,527,160,30.36053130929791
A Gardner,527,160,30.36053130929791
DM Kimmince,527,160,30.36053130929791
JL Jonassen,527,160,30.36053130929791
MM Lanning,527,160,30.36053130929791
RL Haynes,527,160,30.36053130929791
J Fraser-McGurk,488,148,30.327868852459016
W Sutherland,488,148,30.327868852459016
TD Paine,521,158,30.32629558541267
DJM Short,531,161,30.32015065913371
KW Richardson,531,161,30.32015065913371
BR Dorey,489,148,30.265848670756647
PJ Forrest,532,161,30.263157894736842
DT Christian,532,161,30.263157894736842
BCJ Cutting,463,140,30.237580993520517
NE Bolton,516,156,30.232558139534884
AJ Blackwell,516,156,30.232558139534884
TH David,483,146,30.22774327122153
JL Pattinson,460,139,30.217391304347824
P Litchfield,533,161,30.206378986866792
BL Mooney,533,161,30.206378986866792
AJ Healy,533,161,30.206378986866792
EA Perry,533,161,30.206378986866792
AM Hardie,510,154,30.19607843137255
S Molineux,484,146,30.165289256198346
NJ Carey,491,148,30.14256619144603
H Graham,491,148,30.14256619144603
AJ Tye,501,151,30.139720558882235
MC Henriques,518,156,30.115830115830114
AC Gilchrist,538,162,30.111524163568774
SA Millanta,495,149,30.1010101010101
JM Fields,495,149,30.1010101010101
LJ Poulton,495,149,30.1010101010101
JA Burns,535,161,30.093457943925234
MS Wade,535,161,30.093457943925234
MEK Hussey,545,164,30.091743119266056
BJ Haddin,545,164,30.091743119266056
MJ Clarke,545,164,30.091743119266056
SE Marsh,545,164,30.091743119266056
MG Johnson,545,164,30.091743119266056
DA Warner,545,164,30.091743119266056
RT Ponting,545,164,30.091743119266056
NW Bracken,545,164,30.091743119266056
DJ Hussey,545,164,30.091743119266056
SW Tait,545,164,30.091743119266056
JR Hopes,545,164,30.091743119266056
CL White,539,162,30.055658627087197
DO Leicher,10,3,30.0
MG Bevan,540,162,30.0
GM Harris,450,135,30.0
JP Maher,540,162,30.0
ML Hayden,540,162,30.0
DR Martyn,540,162,30.0
RM Patidar,30,9,30.0
SM Katich,537,161,29.981378026070765
JE Cameron,497,149,29.979879275653925
GJ Bailey,544,163,29.96323529411765
GJ Maxwell,544,163,29.96323529411765
SR Watson,544,163,29.96323529411765
AJ Finch,544,163,29.96323529411765
PJ Hughes,544,163,29.96323529411765
AC Voges,544,163,29.96323529411765
CJ Ferguson,494,148,29.959514170040485
JP Behrendorff,474,142,29.957805907172997
PSP Handscomb,542,162,29.88929889298893
UT Khawaja,542,162,29.88929889298893
M Labuschagne,543,162,29.834254143646408
MR Marsh,543,162,29.834254143646408
TM Head,543,162,29.834254143646408
SPD Smith,543,162,29.834254143646408
AT Carey,543,162,29.834254143646408
MP Stoinis,543,162,29.834254143646408
MJ Cosgrove,473,141,29.80972515856237
L Cheatle,428,125,29.205607476635514
SJ Elliott,409,118,28.850855745721272
KA Blackwell,409,118,28.850855745721272
MJ Bulow,409,118,28.850855745721272
S Nitschke,416,120,28.846153846153847
LK Ebsary,416,120,28.846153846153847
SJ Andrews,416,120,28.846153846153847
KL Rolton,416,120,28.846153846153847
AJ Turner,413,119,28.8135593220339
MJ North,392,112,28.571428571428573
CA Lynn,379,107,28.232189973614776
HWR Cartwright,376,106,28.19148936170213
JR Philippe,341,95,27.85923753665689
BR McDermott,341,95,27.85923753665689
WA Agar,341,95,27.85923753665689
G Voll,359,99,27.57660167130919
GA Manou,135,37,27.40740740740741
R Slater,15,4,26.666666666666668
SD Heazlett,260,69,26.53846153846154
Kaynat Hafeez,5,1,20.0
Syeda Aroob Shah,5,1,20.0
N Koncharoenkai,8,1,12.5
O Kamchomphu,9,1,11.11111111111111
N Chantam,9,1,11.11111111111111
S Tippoch,9,1,11.11111111111111
R Kanoh,9,1,11.11111111111111
S Laomi,9,1,11.11111111111111
N Chaiwai,9,1,11.11111111111111
C Sutthiruang,9,1,11.11111111111111
N Boochatham,9,1,11.11111111111111
T Putthawong,9,1,11.11111111111111
P Maya,9,1,11.11111111111111
B Leephatthana,9,1,11.11111111111111
S Khiaoto,3,0,0.0
Ansh Tandon,1,0,0.0
CR Foggo,1,0,0.0
OO Bascome,1,0,0.0
GH O'Brien,1,0,0.0
