player_name,High_Batting_Strike_Rate,Player_Average
Joginder Sharma,250.0,5.0
SE Aley,187.5,7.5
SC Kuggeleijn,183.3333333,2.2
IECM Wong,166.6666667,3.75
RT Lyons,166.6666667,5.0
Mohammad Hasnain,155.8823529,2.65
AE Smith,150.0,11.25
Tanvir Ahmed,150.0,18.0
RL Bhudia,146.6666667,22.0
J Overton,145.4545455,32.0
SKW Kelly,140.0,3.5
CK Hooper,133.3333333,4.0
PJC Hoffmann,130.4347826,30.0
AD Russell,128.447205,14.36
RK Singh,127.9069767,55.0
Usama Mir,126.6666667,2.53
R MacDonald-Gay,121.4285714,17.0
GJ Maxwell,120.5872649,46.86
AJ Tye,118.75,3.8
DSK Madushanka,116.6666667,2.33
AJ Turner,116.3636364,96.0
Bilawal Bhatti,115.5844156,12.71
AAP Atkinson,114.5454545,5.73
J Sumerauer,113.5135135,8.4
JM Davison,112.7226463,23.32
SG Borthwick,112.5,18.0
MA Leask,111.3384484,20.41
SE Rutherford,110.4444444,165.67
YK Pathan,110.0543478,21.89
TS Nethula,109.0909091,2.4
Imad Wasim,108.9534884,21.3
Arshdeep Singh,108.8235294,2.64
HH Pandya,107.7017115,21.75
KW Richardson,107.1428571,1.67
CL Tryon,107.1428571,36.0
AR Adams,107.1428571,5.89
JM Kerr,105.9360731,4.22
L Klusener,104.4871795,13.58
C Munro,103.4797017,138.78
DO Leicher,103.2258065,32.0
PWH de Silva,102.7511962,10.11
TB Sole,102.7027027,4.22
TM Head,102.202473,105.8
V Sehwag,101.9340974,98.14
TG Norris,101.7241379,8.43
KM Jadhav,100.841622,47.07
A Gardner,100.5993151,11.41
MK Villiers,100.0,6.4
HL Baker,100.0,3.0
L Cheatle,100.0,6.5
A van der Merwe,100.0,2.0
Zafar Gohar,100.0,7.5
K Kamyuka,100.0,0.4
RTM Mendis,100.0,12.5
AB de Villiers,99.44139966,1347.86
Ali Naseer,99.2481203,17.22
KH Pandya,99.23664122,65.0
MW Short,98.98477157,195.0
Wasim Akram,98.61111111,5.92
WG Jacks,98.11320755,93.6
JDS Neesham,98.04941482,21.24
AR Nurse,97.84482759,10.32
Agha Salman,97.6993865,42.47
TS Roland-Jones,97.36842105,37.0
JA Morkel,96.9738652,14.1
DJ Mitchell,96.5929468,124.31
S Nitschke,96.42857143,81.0
F Behardien,96.40933573,89.5
DJG Sammy,96.20976116,21.3
I Udana,96.18644068,10.32
JD Ryder,95.98145286,112.91
N Pooran,95.60899111,304.83
BA Langston,95.45454545,10.5
Soumya Sarkar,95.29137529,102.2
GJ Delany,95.1754386,36.17
GD Phillips,94.79305741,54.62
DJ Malan,94.28191489,1418.0
MM Ali,94.21009098,19.14
D Langford-Smith,94.04761905,7.9
NJ Carey,93.79310345,6.8
MR Marsh,93.53200135,48.46
Khushdil Shah,93.45794393,66.67
Muhammad Jawadullah,93.33333333,2.0
MG Johnson,93.21357285,3.84
Kabir Ali,93.10344828,2.57
KJ O'Brien,92.51510925,33.17
RR Rossouw,92.39373602,1239.0
JR Hopes,92.33983287,18.16
Fakhar Zaman,92.28701962,3434.0
GT Main,92.13483146,2.48
ST Jayasuriya,92.13059858,41.92
Mohammad Wasim,91.95402299,2.22
MP Stoinis,91.80024661,31.02
V Kohli,91.70381212,1969.14
U Bhatti,91.60305344,10.0
S Prasanna,91.52173913,12.76
AC Cummins,91.30434783,5.25
JP Behrendorff,91.30434783,1.31
STR Binny,91.26984127,10.95
TK Curran,91.26506024,7.97
MJ Henry,91.15646259,1.73
S Nisansala,90.90909091,2.5
SK Raina,90.85732878,132.98
DN Wyatt,90.76175041,120.0
KA Pollard,90.64998262,44.2
RG Sharma,90.35817348,967.82
SMSM Senanayake,90.34267913,4.83
Sabbir Rahman,90.25089606,419.67
M van Lingen,90.15256588,650.0
SR Watson,90.04874769,33.07
AR Patel,90.01584786,8.48
R Slater,90.0,9.0
SR Thompson,89.8989899,17.8
Pratika Rawal,89.51612903,222.0
MO Odumbe,89.25619835,46.29
MM Lanning,89.20953576,3555.0
PW Borren,89.20086393,68.83
S Dhaniram,88.92405063,12.22
H Patel,88.88888889,88.0
Kashif Daud,88.67924528,16.59
A Flintoff,88.58833474,15.88
CW Perchard,88.57142857,4.43
TT Bresnan,88.51626016,7.26
BJ Hodge,88.5077187,516.0
JO Holder,88.19415878,13.23
DR Smith,88.18181818,23.79
S Lamichhane,88.0,3.67
S Mandhana,87.99600699,3526.0
Sohag Gazi,87.92270531,7.58
Nasum Ahmed,87.64044944,11.14
MD Shanaka,87.54745634,52.41
SFM Devine,87.53913588,50.84
Zulfiqar Babar,87.5,8.75
DJ Hussey,87.44769874,88.0
Mohammad Nawaz (3),87.33031674,11.35
DT Christian,87.22044728,13.0
GF Linde,87.09677419,9.0
RN ten Doeschate,87.09677419,29.7
Kushal Malla,86.89655172,29.08
Afif Hossain,86.84627575,182.67
R Powell,86.81214421,305.0
KIC Asalanka,86.60287081,113.12
F du Plessis,86.59351145,2722.5
Abdul Razzaq,86.53774637,21.15
CH Gayle,86.53483992,57.44
JM Vince,86.51026393,590.0
N M'shangwe,86.36363636,19.0
V Krishnamurthy,86.31578947,136.67
P Vastrakar,86.28912072,19.97
Saud Shakeel,86.2804878,283.0
SW Tait,86.20689655,0.38
LMM Tahuhu,86.07594937,3.47
CR Brathwaite,85.97063622,11.46
Shoriful Islam,85.8490566,1.98
TL Chivanga,85.71428571,4.5
TM Dilshan,85.47833349,94.97
Yuvraj Singh,85.45477168,69.37
SPD Smith,85.38236652,191.34
Mohammad Aadil Alam,85.36585366,7.78
PR Stirling,85.3490156,128.38
M Kapp,85.30897785,16.5
MJ Guptill,85.24766691,1781.25
HE van der Dussen,85.10334996,2388.0
R Ashwin,85.07821901,4.26
Haris Sohail,85.02487562,131.46
MS Dhoni,84.97932175,10274.0
SI Mahmood,84.84848485,2.21
M Dillon,84.61538462,1.76
AJ Finch,84.56397718,1037.6
SR Tendulkar,84.55370054,207.48
MEK Hussey,84.43113772,1269.0
CJ Jordan,84.40366972,3.91
LJ Wright,84.36754177,41.59
JL Jonassen,84.33544304,3.92
AM Hardie,84.27672956,19.14
KP Pietersen,84.20841683,525.25
KE Bryce,84.07821229,50.17
HT Tector,83.99792853,811.0
BJ McMullen,83.93194707,22.77
H Carlyon,83.89261745,62.5
MD Gunathilaka,83.83359663,199.0
EL Lamb,83.72093023,132.0
AC Voges,83.47280335,133.0
A Patel,83.33333333,8.33
A Ashok,83.33333333,10.0
Karan KC,83.24225865,5.64
HDPK Dharmasena,83.22580645,21.5
SS Pathirana,83.20802005,20.75
S Molineux,83.11688312,2.78
AL Phehlukwayo,83.03212851,8.61
M Labuschagne,82.81690141,294.0
LV van Beek,82.78688525,10.1
J Botha,82.72980501,7.71
L Lee,82.6544021,1258.0
C Viljoen,82.60869565,9.5
JP Duminy,82.32542599,66.59
Shoaib Khan,82.24390244,421.5
RJ Peterson,82.2327044,6.88
RML Taylor,82.03125,9.55
CT Mutombodzi,81.87919463,24.4
JF Mooney,81.769437,16.49
P Marange,81.69934641,12.5
LHD Dilhara,81.66666667,16.33
Washington Sundar,81.60621762,13.7
Shaiman Anwar,81.49741824,189.4
AD Mathews,81.42486299,41.21
S Rana,81.4159292,7.08
RK Kleinveldt,81.39534884,8.75
C Green,81.2987013,29.81
G Singh,81.21212121,156.33
DJS Dottin,81.11111111,31.68
Mashrafe Mortaza,81.04412679,5.74
A Athanaze,80.95238095,306.0
Raza-ur-Rehman,80.93023256,174.0
JI Rodrigues,80.90839107,210.2
Nizakat Khan,80.89171975,169.33
HN Ya France,80.88737201,16.93
KJ Coetzer,80.67940552,2280.0
MF Maharoof,80.62563068,6.77
ME Trescothick,80.52419355,998.5
AC Agar,80.5,14.64
OA Shah,80.43810494,225.57
TH David,80.35714286,45.0
PA de Silva,80.08213552,27.86
BMAJ Mendis,80.02699055,19.13
AE Satterthwaite,80.01658375,99.83
Nahid Rana,80.0,2.0
Mosaddek Hossain,80.0,32.75
H Graham,80.0,4.0
Nazmul Hossain Shanto,79.95881949,1165.0
SP Narine,79.78021978,3.67
P Khadka,79.49526814,63.0
CL White,79.48122338,186.64
SIR Dunkley,79.45619335,789.0
R Trumpelmann,79.36507937,6.25
M Levitt,79.35222672,196.0
Shafali Verma,79.21279213,322.0
IK Pathan,79.19896641,7.86
AM Peterson,79.14691943,8.79
LM Jongwe,79.14572864,11.25
RL Haynes,79.11468813,983.0
BCJ Cutting,79.10447761,10.6
MW Machan,79.07444668,98.25
Mohammad Nawaz,78.99543379,8.24
N Vanua,78.95277207,13.73
SA Millanta,78.94736842,5.0
K Bhurtel,78.90520694,98.5
SMA Priyanjan,78.79924953,60.0
L Balaji,78.78787879,3.71
JG Bethell,78.77358491,41.75
DJ Bravo,78.72219053,14.3
DPMD Jayawardene,78.57701329,4020.0
B Evans,78.57142857,7.12
Simi Singh,78.52998066,13.53
MG Erasmus,78.42287695,53.24
CS MacLeod,78.40466926,251.88
Mehedi Hasan Miraz,78.36411609,11.1
EA Perry,78.22843823,40.43
SM Benade,78.125,25.0
AC Jayangani,77.98813224,81.18
Tanzim Hasan Sakib,77.86885246,6.79
D Hazell,77.85714286,3.21
CG Williams,77.63636364,85.4
Pargat Singh,77.6344086,144.4
S Horley,77.52808989,30.67
WD Parnell,77.25437416,5.22
EJ Villani,77.22772277,78.0
SF Mire,77.22457627,66.27
HK Badani,77.14285714,67.5
E Chigumbura,77.11924439,37.11
MJ Clarke,76.83342496,124.79
Azhar Mahmood,76.82926829,21.0
RR Hendricks,76.79603633,930.0
Avesh Khan,76.66666667,2.56
H Deol,76.53478854,280.5
RS Bopara,76.39204545,65.59
AT Rayudu,76.38824078,545.67
CA Henry,76.38691323,16.27
K Fraser,76.38190955,16.89
DT Johnston,76.32135307,9.26
DE Budge,76.20578778,237.0
Mohammad Hafeez,76.08721696,44.73
A Nao,76.05633803,2.7
SW Bates,75.85320243,129.8
MR Swart,75.64102564,29.5
NJ Astle,75.60153994,196.38
IR Bell,75.58953837,881.5
KS Lokuarachchi,75.57603687,9.11
Gulsan Jha,75.57436518,20.83
IJL Trott,75.53590568,939.67
MD Dai,75.47683924,21.31
Mahmudullah,75.45253863,61.77
TJ Friend,75.42857143,132.0
DR Martyn,75.38720539,2239.0
Haris Rauf,75.2688172,0.89
Kaleem Sana,75.25773196,2.7
PD Collingwood,75.1682736,43.04
HK Matthews,75.16149871,28.04
MN Waller,75.12653651,115.44
CN Ackermann,75.11520737,21.73
R Rampaul,75.11111111,2.94
HC Knight,75.10107015,65.79
Zahid Mahmood,75.0,2.25
DN Wellalage,75.0,10.56
AC Kerr,74.96967246,19.11
AI Chudasama,74.52830189,7.9
Younis Khan,74.51255654,4777.0
M Kartik,74.45255474,3.4
Mohammad Yousuf,74.39187383,2783.0
MN Samuels,74.37212593,63.71
RD Berrington,74.36729396,152.8
O Prendergast,74.36594203,45.61
JN Loftie-Eaton,74.25373134,36.18
TLW Cooper,74.22680412,96.0
A Balbirnie,74.21613394,2438.0
NR Kirton,74.19354839,120.75
BRM Taylor,74.03665753,1282.5
Aayan Afzal Khan,73.95701643,13.6
L Siaka,73.93879566,249.67
A Bosch,73.8045738,355.0
Mominul Haque,73.7704918,82.5
JN Frylinck,73.65269461,17.08
MDK Perera,73.42995169,11.69
AF Giles,73.33333333,7.53
RK Paudel,73.24640288,162.9
TT Samaraweera,73.19474836,669.0
Aftab Ahmed,73.12198484,265.25
Azhar Ali,72.88135593,451.5
Saad Bin Zafar,72.57525084,8.68
SL Malinga,72.467903,1.48
RR Sarwan,72.27299242,232.31
N de Klerk,72.09302326,11.11
SSB Magala,72.0,1.2
CM Edwards,71.99453552,527.0
JWM Dalrymple,71.93500739,32.47
JJ Smit,71.89374464,21.51
S Randiv,71.79487179,7.37
Sompal Kami,71.70900693,7.86
A Capsey,71.64556962,35.38
LMP Simmons,71.43378329,1958.0
MKDI Amerasinghe,71.42857143,0.5
Jatinder Singh,71.36842105,1356.0
JL Ontong,71.32352941,97.0
HDRL Thirimanne,71.19711971,1054.67
DEM Carter,71.17437722,25.0
DM Kimmince,71.15384615,5.29
AJ Hosein,70.93333333,4.43
LPC Silva,70.85872576,1279.0
JA Clarkson,70.83333333,4.25
DS Airee,70.74774035,18.72
BM Halliday,70.64846416,118.29
Ahmed Shehzad,70.52166713,1277.5
CM McBride,70.4379562,96.5
Vikramjit Singh,70.33096927,170.0
TS Chisoro,70.32258065,9.08
B Fernando,70.27027027,13.0
SC Ganguly,70.25371829,109.5
ML Nkala,70.2247191,25.0
R Rijke,70.20648968,39.67
Q Joseph,70.19607843,11.19
H Masakadza,70.04959263,179.77
SM Sharif,69.78723404,5.53
CK Kapugedera,69.77283264,752.5
NE Bolton,69.7438376,721.5
RP Arnold,69.68477532,129.88
MK Tiwary,69.66019417,57.4
M du Preez,69.59924859,2223.0
Fatima Sana,69.54022989,8.2
VS Solanki,69.43048576,829.0
K Klein,69.31818182,3.59
Mudassar Bukhari,69.23076923,7.88
D Gough,69.19191919,2.36
CD de Lange,69.14893617,4.33
JL Denly,69.14728682,446.0
TM Odoyo,69.10907577,18.44
SHT Kandamby,69.03171953,413.5
A Sharma,69.01709402,80.75
Diana Baig,68.94736842,6.09
MP O'Dowd,68.90618599,1682.0
Javeria Rauf,68.75,11.0
A Vala,68.73554356,37.94
A Ndiraya,68.58974359,428.0
Saeed Anwar,68.55345912,218.0
ID Blackwell,68.54460094,9.73
L Vincent,68.36158192,1089.0
LP van Troost,68.29268293,112.0
RD Steede,68.18181818,15.0
P Siaka,68.08510638,32.0
Waqar Younis,68.0,2.43
A Neill,67.44186047,1.93
Imran Tahir,67.38197425,0.87
WPUJC Vaas,67.33727811,4.82
GM Ewing,66.95652174,12.83
JN Mohammed,66.84607104,77.62
H Thaker,66.81222707,27.82
Junaid Siddique,66.68843893,13.26
Shahid Ahmadzai,66.66666667,26.0
K Gowtham,66.66666667,2.0
C Prathyusha,66.66666667,2.0
MJ Humphreys,66.66666667,6.0
PKD Chase,66.66666667,1.16
MT Chinouya,66.66666667,6.0
MH Yardy,66.53061224,16.3
S Matsikenyeri,66.51422764,87.27
SSD Arachchige,66.41791045,89.0
D Ravu,66.32124352,12.8
HM Rowe,66.26746507,5.72
UDU Chandana,66.15776081,6.84
NND de Silva,66.07142857,234.33
BM Scholtz,66.05263158,3.59
GH Lewis,65.9813999,168.5
G Malla,65.76419214,753.0
M Vijay,65.69767442,339.0
NW Bracken,65.66037736,1.04
Nida Dar,65.63901345,18.89
WW Hinds,65.5596556,48.45
AG Wharf,65.51724138,1.06
T Granger,65.51724138,19.0
DNT Zoysa,65.45454545,1.57
S Luus,65.28562461,24.76
MP Vaughan,65.25023607,153.56
D Parashar,65.16853933,11.6
B Ward,65.09433962,17.25
GR Codrington,65.04065041,8.89
NG Smith,65.0,4.33
HHC Gunaratne,65.0,1.62
ASS Fletcher,64.97695853,4.62
MM Patel,64.9122807,0.8
Imran Farhat,64.5364065,616.0
SO Tikolo,64.26618049,25.18
NE Farrant,64.0625,10.25
J Nkomo,64.01446655,14.16
GA Rogers,64.0,6.4
J Kila,63.85542169,26.5
R Malhotra,63.78378378,118.0
FL Mackay,63.7755102,6.58
J Mubarak,63.7454982,531.0
Aliya Riaz,63.66033755,92.85
CJ Chibhabha,63.48242812,66.23
PP Chawla,63.33333333,1.15
Bismah Maroof,63.27130264,161.5
AC Botha,63.24582339,16.56
RP Lefebvre,63.23529412,10.75
TL Best,63.15789474,2.0
T Ruma,63.04347826,116.0
SS Weerakkody,62.95585413,11.71
GB Brent,62.95081967,7.68
DC Thomas,62.79683377,119.0
Ehsan Adil,62.79069767,6.75
Aarif Sheikh,62.62135922,129.0
DR Brown,62.60869565,24.0
Mahedi Hasan,62.56410256,8.13
AR Cusack,62.55924171,7.76
N Deonarine,62.54295533,136.5
GC Tonge,62.5,1.67
Yasir Arafat,62.13592233,32.0
JF Kloppenburg,62.08333333,21.29
Rohan Mustafa,61.96373286,16.1
D Bishoo,61.88679245,4.32
JH Davey,61.85897436,7.42
V Sukumaran,61.78343949,64.67
Umaima Sohail,61.69429098,37.22
DW Steyn,61.65540541,1.72
CJA Amini,61.61812298,28.85
TD Smartt,61.53846154,3.33
Javeria Khan,61.51157711,176.0
V Sibanda,61.29218344,531.25
IDR Bradshaw,61.22931442,3.75
MC Henriques,60.9375,11.7
NE Bonner,60.71428571,85.0
G Kodali,60.52631579,6.57
AR White,60.44176707,30.1
Shaila Sharmin,60.20408163,59.0
DS Bajwa,60.16260163,74.0
AA Alleyne,60.03521127,11.37
S Sriram,60.0,1.0
AA Paradkar,60.0,5.67
Shorna Akter,60.0,21.0
PJ Ongondo,60.0,4.41
SA Campbelle,59.90759754,291.75
S Jimmy,59.5959596,6.94
AM Samad,59.16230366,113.0
WP Masakadza,59.13043478,9.27
GM Harris,59.09090909,1.62
S Bau,58.93459204,67.23
Mukesh Kumar,58.82352941,2.0
N Mlaba,58.82352941,1.67
SF Daley,58.75,15.67
CS Terblanche,58.46153846,38.0
KD Shah,58.33333333,16.0
UT Yadav,58.08823529,0.68
S Siegers,57.89473684,1.22
PRP Boissevain,57.89473684,33.0
NR Kumar,57.84313725,88.5
KM Dabengwa,57.68621236,24.27
JP Greaves,57.66423358,79.0
D Elgar,57.45856354,52.0
WK McCallan,57.38636364,7.21
N Dutta,57.37704918,35.0
O Kamchomphu,57.37704918,2.33
SL Quintyne,57.35294118,13.0
CP Rizwan,57.27908455,901.0
Iram Javed,56.84210526,216.0
LA Marsh,56.77419355,4.98
RS Gavaskar,56.70731707,93.0
DLS van Bunge,56.45472062,48.83
E Schiferli,56.42857143,9.88
AM Bacher,56.35359116,34.0
HASD Siriwardene,55.97691674,21.22
GP Tom,55.88235294,4.75
Waheed Ahmed,55.72519084,73.0
SJ Tsukigawa,55.71428571,19.5
JB Reva,55.55555556,2.5
CA Soper,55.38592027,9.75
S Thuraisingam,55.31914894,4.33
AB Dinda,55.26315789,1.5
Zahoor Khan,55.21235521,1.51
S Laomi,54.95495495,3.81
C Sutthiruang,54.88721805,10.43
H Hiri,54.78589421,145.0
KE Ebrahim,54.73684211,13.0
Shariz Ahmad,54.63917526,8.37
I Wardlaw,54.54545455,1.0
W Sutherland,54.54545455,9.0
HDRS Silva,54.34782609,12.5
AR Caddick,54.23728814,3.56
T Maruma,54.22222222,20.33
OEG Baartman,54.16666667,2.17
SACA King,54.07725322,63.0
G Toka,54.03225806,89.33
B Muzarabani,54.02843602,2.11
SA Fritz,53.84615385,5.6
TBM de Leede,53.80952381,6.28
LM Kasperek,53.62318841,2.6
RC Irani,53.6,8.38
K Birkenstock,53.19634703,46.6
SP de Alwis,52.83018868,28.0
SM Kavanagh,52.71966527,126.0
KO Meth,52.68817204,4.9
SW Currie,52.63157895,3.33
Tushar Imran,52.41090147,125.0
Asmavia Iqbal,52.3255814,8.33
Shakeel Ahmed,52.27272727,4.06
A Nehra,51.72413793,0.78
PA Chatterji,51.46443515,15.38
LL Tsotsobe,51.32743363,0.57
JL Pattinson,51.25,3.15
RM Haq,51.1299435,6.7
M van Jaarsveld,50.87719298,29.0
Rumana Ahmed,50.65885798,13.31
KAJ Roach,50.49180328,2.33
P Maya,50.47619048,5.89
AB Kaur,50.4587156,9.17
EN Lynch,50.21834061,7.67
Qanita Jalil,50.0,5.33
KR Sen,50.0,1.0
Sadia Iqbal,50.0,0.9
G Onions,50.0,0.25
Jubair Hossain,50.0,1.25
JI de Villiers,50.0,2.67
RD Chahar,50.0,4.33
JW Wilson,50.0,1.0
S Ismail,49.54627949,1.92
IM Vaghela,49.45054945,11.25
SD Outerbridge,48.97959184,72.0
RJ Trott,48.96907216,10.56
Lata Mondal,48.71060172,85.0
IH Romaine,48.61111111,175.0
P Molkenboer,48.38709677,135.0
HJ Thomas,48.36065574,6.56
Faisal Hossain,48.14814815,26.0
TMM Newton,48.10126582,6.33
Hasan Mahmud,48.05194805,1.28
CR Seneviratna,48.01444043,11.08
D Devnarain,48.01324503,145.0
KP Meiyappan,47.66081871,4.29
TK Patel,47.65100671,14.2
F Overdijk,47.55838641,20.36
J Jarvis,47.45762712,4.0
Kuldeep Yadav,47.44525547,1.13
KK Ahmed,47.05882353,0.57
R Klein,46.91358025,3.17
JDF Vandersay,46.47302905,2.8
A Khaka,46.35193133,0.84
CS Fraser,46.26865672,6.89
TCB Fernando,46.15384615,18.0
Wasim Ali,45.61403509,26.0
C de Lange,45.57522124,8.58
Syed Rasel,45.23809524,1.43
H Karunaratne,45.23809524,95.0
SZ Thakor,45.09803922,4.6
RN Bhatia,44.73684211,17.0
T Kamungozi,44.64285714,2.08
A Mazvishaya,44.62809917,4.5
CA Reid,44.44444444,8.0
S Immadi,44.44444444,1.0
RP Singh,44.40789474,1.69
Nestor Dhamba,44.23076923,2.09
Marina Iqbal,43.91025641,137.0
J Patraj,43.75,10.5
Saqlain Mushtaq,43.58974359,4.25
Kainat Imtiaz,43.56060606,16.43
HR Johnson,42.85714286,9.0
TJG Pringle,42.85714286,3.0
J Yadav,42.85714286,3.0
WB Rankin,42.62295082,1.16
S Bhari,42.30769231,1.47
N Boochatham,41.83006536,6.4
T Mupariwa,41.82692308,2.23
A Codrington,41.7721519,5.5
RK Whelan,41.66666667,2.5
S Gajnabi,41.62162162,15.4
O Bell,41.55844156,10.67
IJR Zwilling,41.31054131,5.0
I Toua,41.0,3.73
BJ Currie,40.90909091,0.5
A Mohammed,40.84507042,4.0
BMSM Kumari,40.74074074,5.5
D Joseph,40.625,2.6
PP Ojha,40.35087719,2.19
J Logtenberg,40.0,2.0
JA Turner,40.0,1.0
N Niranjana,40.0,1.6
V Araa,39.66480447,6.45
S Tippoch,39.38053097,9.89
E Mbofana,39.28571429,4.4
CJ Metcalfe,38.88888889,4.2
M Klaas,38.86792453,1.34
Qaiser Ali,38.7755102,38.0
N Shangase,38.7755102,6.33
L Tshuma,38.65030675,6.3
I Ranaweera,38.24786325,2.89
MG Neser,37.93103448,3.67
I van der Woning,37.14285714,6.5
PRCS Kumarihami,37.04188482,94.33
NB Mahwire,37.03703704,5.0
G Sultana,36.96969697,5.08
E Otieno,36.84210526,1.4
Ehsanul Haque,36.84210526,14.0
Z James,36.7768595,6.85
KDU Prabodhani,35.69405099,4.67
S Sreesanth,35.2,0.54
AS van Beuge,34.69387755,8.5
A Martin,34.48275862,0.77
Mosharraf Hossain,34.375,22.0
HRA Rainey,34.28571429,1.33
MMA Jonkman,34.21052632,13.0
NA de Groot,33.84615385,14.67
Sania Khan,33.33333333,2.0
PM Liyanagamage,33.33333333,5.6
KC Hodsoll,33.33333333,2.0
SG Whittingham,33.33333333,0.83
G Fontenla,33.33333333,0.33
GH O'Brien,33.33333333,0.67
LE Milliken,33.33333333,1.0
W O'Rourke,33.33333333,0.62
AH Maqsood,33.33333333,0.6
SI Kamea,32.72727273,0.64
TJ Heggelman,32.3943662,11.5
B Shikongo,31.48148148,0.68
T Muzarabani,31.25,1.25
FR Davies,30.95238095,1.18
RW Staple,30.76923077,2.0
Hasibul Hossain,30.43478261,7.0
EC Rainsford,30.09708738,1.82
D Soraine,30.0,3.0
B Siddharth,30.0,1.5
PT Collins,30.0,0.25
SK Dolawatte,28.57142857,5.33
Z Mali,28.57142857,0.5
H Durham,28.57142857,2.0
BB Seebaran,28.57142857,4.0
MS Panesar,28.26086957,0.87
TS Sekhukhune,28.23529412,0.89
O Thomas,28.20512821,0.73
Nashra Sandhu,27.55417957,1.02
D Gamage,27.27272727,3.0
R Ntozakhe,26.66666667,0.38
KE Broadmore,26.47058824,9.0
Khaled Ahmed,25.0,0.33
T Putthawong,24.8,1.72
FC Jonas,24.56140351,0.78
LN Rajbanshi,23.71794872,0.88
MM Penfold,23.07692308,1.2
BR Dorey,22.22222222,1.0
MA Aponso,22.22222222,1.0
Z Groenewald,21.05263158,0.67
AK Peters,20.68965517,6.0
KHRK Fernando,20.0,3.0
JM Willathgamuwa,20.0,0.67
C Abel,19.14893617,1.8
AJ Ireland,18.75,0.75
Tareq Aziz,18.18181818,1.0
Akhil Kumar,18.18181818,0.5
Umran Malik,18.18181818,0.15
K Sonavale,17.24137931,2.5
O Chare,16.66666667,1.0
PA Desai,16.66666667,0.33
Ebadat Hossain,16.66666667,0.14
S Dhakal,15.90909091,1.75
RA Lewis,15.38461538,2.0
PLS Gamage,14.81481481,0.4
P Roy,14.70588235,5.0
LC Romero,14.28571429,1.0
EJB Miles,14.28571429,0.25
M Prasidh Krishna,11.11111111,0.07
SC Meaker,11.11111111,1.0
K Mahato,10.0,0.5
W Mwayenga,9.090909091,1.0
AD Janakanthymala,6.666666667,0.5
V Buruka,0.0,0.0
JS Ababu,0.0,0.0
C Sakariya,0.0,0.0
Raza Hasan,0.0,0.0
Shahbaz Ahmed,0.0,0.0
Sufiyan Muqeem,0.0,0.0
SD Udal,0.0,0.0
Fariha Trisna,0.0,0.0
F Hand,0.0,0.0
OC McCoy,0.0,0.0
K Phillip,0.0,0.0
