player_name,Total_Matches_Played,Total_Matches_Won,Players_Win_Percentage
Ansh Tandon,1,1,100.0
CR Foggo,1,1,100.0
S Khiaoto,3,3,100.0
OO Bascome,1,1,100.0
GH O'Brien,1,1,100.0
T Putthawong,9,8,88.88888888888889
B Leephatthana,9,8,88.88888888888889
O Kamchomphu,9,8,88.88888888888889
N Chantam,9,8,88.88888888888889
R Kanoh,9,8,88.88888888888889
S Tippoch,9,8,88.88888888888889
C Sutthiruang,9,8,88.88888888888889
N Boochatham,9,8,88.88888888888889
S Laomi,9,8,88.88888888888889
P Maya,9,8,88.88888888888889
N Chaiwai,9,8,88.88888888888889
N Koncharoenkai,8,7,87.5
Kaynat Hafeez,5,4,80.0
Syeda Aroob Shah,5,4,80.0
SD Heazlett,260,191,73.46153846153847
R Slater,15,11,73.33333333333333
GA Manou,135,98,72.5925925925926
G Voll,359,260,72.42339832869081
WA Agar,341,246,72.14076246334311
JR Philippe,341,246,72.14076246334311
BR McDermott,341,246,72.14076246334311
HWR Cartwright,376,270,71.80851063829788
CA Lynn,379,272,71.76781002638522
MJ North,392,280,71.42857142857143
AJ Turner,413,294,71.1864406779661
KL Rolton,416,296,71.15384615384616
S Nitschke,416,296,71.15384615384616
SJ Andrews,416,296,71.15384615384616
LK Ebsary,416,296,71.15384615384616
SJ Elliott,409,291,71.14914425427872
KA Blackwell,409,291,71.14914425427872
MJ Bulow,409,291,71.14914425427872
L Cheatle,428,303,70.79439252336448
MJ Cosgrove,473,332,70.19027484143763
AT Carey,543,381,70.1657458563536
MP Stoinis,543,381,70.1657458563536
M Labuschagne,543,381,70.1657458563536
SPD Smith,543,381,70.1657458563536
MR Marsh,543,381,70.1657458563536
TM Head,543,381,70.1657458563536
PSP Handscomb,542,380,70.11070110701107
UT Khawaja,542,380,70.11070110701107
JP Behrendorff,474,332,70.042194092827
CJ Ferguson,494,346,70.04048582995951
GJ Maxwell,544,381,70.03676470588235
GJ Bailey,544,381,70.03676470588235
AC Voges,544,381,70.03676470588235
SR Watson,544,381,70.03676470588235
PJ Hughes,544,381,70.03676470588235
AJ Finch,544,381,70.03676470588235
JE Cameron,497,348,70.02012072434607
SM Katich,537,376,70.01862197392924
JP Maher,540,378,70.0
ML Hayden,540,378,70.0
GM Harris,450,315,70.0
DR Martyn,540,378,70.0
RM Patidar,30,21,70.0
DO Leicher,10,7,70.0
MG Bevan,540,378,70.0
CL White,539,377,69.9443413729128
SE Marsh,545,381,69.90825688073394
MEK Hussey,545,381,69.90825688073394
BJ Haddin,545,381,69.90825688073394
MG Johnson,545,381,69.90825688073394
DA Warner,545,381,69.90825688073394
SW Tait,545,381,69.90825688073394
MJ Clarke,545,381,69.90825688073394
RT Ponting,545,381,69.90825688073394
DJ Hussey,545,381,69.90825688073394
NW Bracken,545,381,69.90825688073394
JR Hopes,545,381,69.90825688073394
MS Wade,535,374,69.90654205607477
JA Burns,535,374,69.90654205607477
LJ Poulton,495,346,69.8989898989899
JM Fields,495,346,69.8989898989899
SA Millanta,495,346,69.8989898989899
AC Gilchrist,538,376,69.88847583643123
MC Henriques,518,362,69.88416988416988
AJ Tye,501,350,69.86027944111777
NJ Carey,491,343,69.85743380855398
H Graham,491,343,69.85743380855398
S Molineux,484,338,69.83471074380165
AM Hardie,510,356,69.80392156862744
P Litchfield,533,372,69.7936210131332
EA Perry,533,372,69.7936210131332
AJ Healy,533,372,69.7936210131332
BL Mooney,533,372,69.7936210131332
JL Pattinson,460,321,69.78260869565217
TH David,483,337,69.77225672877847
NE Bolton,516,360,69.76744186046511
AJ Blackwell,516,360,69.76744186046511
BCJ Cutting,463,323,69.76241900647948
PJ Forrest,532,371,69.73684210526316
DT Christian,532,371,69.73684210526316
BR Dorey,489,341,69.73415132924336
KW Richardson,531,370,69.67984934086628
DJM Short,531,370,69.67984934086628
TD Paine,521,363,69.67370441458733
J Fraser-McGurk,488,340,69.67213114754098
W Sutherland,488,340,69.67213114754098
MM Lanning,527,367,69.63946869070209
RL Haynes,527,367,69.63946869070209
EJ Villani,527,367,69.63946869070209
JL Jonassen,527,367,69.63946869070209
A Gardner,527,367,69.63946869070209
DM Kimmince,527,367,69.63946869070209
JP Inglis,526,366,69.58174904942966
C Green,526,366,69.58174904942966
MW Short,526,366,69.58174904942966
BJ Hodge,522,363,69.54022988505747
PA Jaques,522,363,69.54022988505747
AC Agar,512,356,69.53125
MG Neser,512,356,69.53125
SE Aley,62,41,66.12903225806451
OV Anderson,166,109,65.66265060240964
NA Moodley,103,67,65.04854368932038
JN Rhodes,184,118,64.1304347826087
MQ Sheikh,25,16,64.0
RT Lyons,27,17,62.96296296296296
S Lackay,94,59,62.765957446808514
LR Naylor,24,15,62.5
Washington Sundar,519,323,62.23506743737958
A Nehra,579,360,62.17616580310881
MM Patel,579,360,62.17616580310881
Yuvraj Singh,579,360,62.17616580310881
YK Pathan,579,360,62.17616580310881
G Gambhir,579,360,62.17616580310881
WP Saha,579,360,62.17616580310881
S Sreesanth,579,360,62.17616580310881
V Kohli,579,360,62.17616580310881
R Ashwin,579,360,62.17616580310881
M Vijay,579,360,62.17616580310881
SK Raina,579,360,62.17616580310881
F Tunnicliffe,214,133,62.149532710280376
SC Ganguly,573,356,62.12914485165794
R Dravid,573,356,62.12914485165794
RV Uthappa,573,356,62.12914485165794
S Mandhana,578,359,62.11072664359862
JI Rodrigues,578,359,62.11072664359862
PG Raut,578,359,62.11072664359862
CA Pujara,517,321,62.0889748549323
S Meghana,530,329,62.075471698113205
KK Nair,559,347,62.075134168157426
MK Pandey,559,347,62.075134168157426
RD Gaikwad,580,360,62.06896551724138
RK Singh,580,360,62.06896551724138
Tilak Varma,580,360,62.06896551724138
Kuldeep Yadav,580,360,62.06896551724138
SV Samson,580,360,62.06896551724138
AR Patel,580,360,62.06896551724138
KL Rahul,580,360,62.06896551724138
Avesh Khan,580,360,62.06896551724138
Arshdeep Singh,580,360,62.06896551724138
Mukesh Kumar,580,360,62.06896551724138
AG Puttick,406,252,62.06896551724138
B Sai Sudharsan,580,360,62.06896551724138
KH Pandya,572,355,62.06293706293706
M Prasidh Krishna,572,355,62.06293706293706
HH Pandya,572,355,62.06293706293706
S Dhawan,577,358,62.045060658578855
RG Sharma,577,358,62.045060658578855
T Bhatia,503,312,62.02783300198807
V Sehwag,574,356,62.02090592334495
SR Tendulkar,574,356,62.02090592334495
AM Rahane,571,354,61.996497373029776
SS Iyer,576,357,61.979166666666664
RR Pant,576,357,61.979166666666664
KM Jadhav,576,357,61.979166666666664
KK Ahmed,560,347,61.964285714285715
Shubman Gill,560,347,61.964285714285715
L Klusener,423,262,61.938534278959814
VVS Laxman,570,353,61.92982456140351
M Kaif,570,353,61.92982456140351
MR Meshram,562,348,61.92170818505338
MS Dhoni,575,356,61.91304347826087
AT Rayudu,575,356,61.91304347826087
VB van Jaarsveld,399,247,61.904761904761905
M Raj,564,349,61.87943262411348
RM Ghosh,556,344,61.8705035971223
S Rana,556,344,61.8705035971223
MDT Kamini,514,318,61.86770428015564
KV Jain,514,318,61.86770428015564
KD Karthik,569,352,61.86291739894552
N Niranjana,561,347,61.853832442067734
G Sultana,561,347,61.853832442067734
S Naik,561,347,61.853832442067734
R Malhotra,561,347,61.853832442067734
V Krishnamurthy,561,347,61.853832442067734
Y Venugopal Rao,498,308,61.84738955823293
TS Hasabnis,490,303,61.83673469387755
SZ Thakor,490,303,61.83673469387755
A le Breton,207,128,61.83574879227053
LE Bosman,440,272,61.81818181818182
SSB Magala,419,259,61.81384248210024
IK Pathan,563,348,61.81172291296625
SV Bahutule,534,330,61.79775280898876
M Kartik,534,330,61.79775280898876
HK Badani,534,330,61.79775280898876
YH Bhatia,568,351,61.79577464788732
Shafali Verma,568,351,61.79577464788732
H Deol,568,351,61.79577464788732
P Vastrakar,568,351,61.79577464788732
T Stubbs,424,262,61.79245283018868
OEG Baartman,424,262,61.79245283018868
RD Rickelton,424,262,61.79245283018868
D Devnarain,403,249,61.78660049627791
M van Jaarsveld,437,270,61.784897025171624
UT Yadav,565,349,61.769911504424776
PP Ojha,565,349,61.769911504424776
AB Dinda,565,349,61.769911504424776
STR Binny,536,331,61.75373134328358
MK Tiwary,536,331,61.75373134328358
PA Patel,567,350,61.72839506172839
S Badrinath,567,350,61.72839506172839
PP Chawla,546,337,61.72161172161172
Q de Kock,470,290,61.702127659574465
AL Phehlukwayo,470,290,61.702127659574465
DA Miller,470,290,61.702127659574465
HM Amla,470,290,61.702127659574465
F du Plessis,470,290,61.702127659574465
JP Duminy,470,290,61.702127659574465
SA Yadav,553,341,61.66365280289331
Ishan Kishan,553,341,61.66365280289331
J Louw,459,283,61.6557734204793
JL Ontong,459,283,61.6557734204793
JA Morkel,459,283,61.6557734204793
J Botha,459,283,61.6557734204793
RR Hendricks,472,291,61.652542372881356
HE van der Dussen,472,291,61.652542372881356
T de Zorzi,472,291,61.652542372881356
ND McKenzie,438,270,61.64383561643836
A Steyn,438,270,61.64383561643836
L Balaji,537,331,61.638733705772815
D Elgar,469,289,61.62046908315565
Imran Tahir,469,289,61.62046908315565
K Zondo,469,289,61.62046908315565
H Klaasen,469,289,61.62046908315565
C Jonker,469,289,61.62046908315565
DW Steyn,469,289,61.62046908315565
WD Parnell,461,284,61.60520607375271
PS Punia,552,340,61.594202898550726
JN Malan,458,282,61.572052401746724
K Verreynne,458,282,61.572052401746724
N de Klerk,471,290,61.57112526539278
S Ismail,471,290,61.57112526539278
M Kapp,471,290,61.57112526539278
N Mlaba,471,290,61.57112526539278
L Wolvaardt,471,290,61.57112526539278
L Lee,471,290,61.57112526539278
A Khaka,471,290,61.57112526539278
L Goodall,471,290,61.57112526539278
T Chetty,471,290,61.57112526539278
S Luus,471,290,61.57112526539278
M du Preez,471,290,61.57112526539278
PP Shaw,541,333,61.55268022181146
C Prathyusha,52,32,61.53846153846154
Umran Malik,551,339,61.524500907441016
MN van Wyk,457,281,61.48796498905908
RP Singh,542,333,61.43911439114391
CL Tryon,464,285,61.422413793103445
Z Mali,464,285,61.422413793103445
TS Sekhukhune,464,285,61.422413793103445
R Ntozakhe,464,285,61.422413793103445
M Klaas,464,285,61.422413793103445
RR Rossouw,451,277,61.41906873614191
W Jaffer,539,331,61.4100185528757
AN Petersen,456,280,61.40350877192982
CA Ingram,456,280,61.40350877192982
T Bavuma,443,272,61.39954853273138
S Verma,435,267,61.37931034482759
HH Gibbs,466,286,61.37339055793991
MV Boucher,466,286,61.37339055793991
AB de Villiers,466,286,61.37339055793991
AG Prince,466,286,61.37339055793991
M De Ridder,453,278,61.36865342163355
T Brits,453,278,61.36865342163355
A Bosch,453,278,61.36865342163355
N Shangase,453,278,61.36865342163355
GF Linde,238,146,61.34453781512605
F Behardien,463,284,61.33909287257019
RK Kleinveldt,463,284,61.33909287257019
RJ Peterson,463,284,61.33909287257019
LL Tsotsobe,463,284,61.33909287257019
AM Bacher,393,241,61.32315521628499
S Jafta,449,275,61.24721603563474
A Minny,389,238,61.18251928020565
SA Fritz,389,238,61.18251928020565
CS Terblanche,389,238,61.18251928020565
SM Benade,389,238,61.18251928020565
M Terblanche,389,238,61.18251928020565
C Brits,389,238,61.18251928020565
AE Smith,389,238,61.18251928020565
G Kirsten,260,159,61.15384615384615
JA Rudolph,445,272,61.12359550561798
HH Dippenaar,445,272,61.12359550561798
Zubayr Hamza,288,176,61.111111111111114
J Logtenberg,384,234,60.9375
AB Kaur,398,241,60.552763819095475
A Rawat,396,239,60.35353535353536
J Sharma,396,239,60.35353535353536
K Thomson,352,212,60.22727272727273
SS Tiwary,391,234,59.846547314578004
H Davids,343,205,59.7667638483965
JA Simpson,233,139,59.65665236051502
AL Hodgkinson,322,192,59.62732919254658
Y van der Westhuizen,322,192,59.62732919254658
SR Hain,283,168,59.36395759717315
TW Hartley,283,168,59.36395759717315
SC Meaker,292,173,59.24657534246575
SG Borthwick,292,173,59.24657534246575
MB Loye,399,235,58.89724310776943
J Yadav,343,202,58.89212827988338
Z Crawley,328,193,58.84146341463415
Pratika Rawal,366,215,58.743169398907106
NE Farrant,395,232,58.734177215189874
VR Vanitha,358,210,58.659217877094974
BT Foakes,373,218,58.44504021447721
RS Gavaskar,330,192,58.18181818181818
CMG Atkins,412,239,58.00970873786408
SC Taylor,412,239,58.00970873786408
BA Langston,489,282,57.668711656441715
LA Marsh,489,282,57.668711656441715
D Hazell,489,282,57.668711656441715
SK Naidu,231,133,57.57575757575758
AA Deshpande,231,133,57.57575757575758
A Chopra,231,133,57.57575757575758
P Roy,231,133,57.57575757575758
HJ Armitage,490,282,57.55102040816327
MK Villiers,490,282,57.55102040816327
PJ Scholfield,490,282,57.55102040816327
R MacDonald-Gay,490,282,57.55102040816327
BAM Heath,490,282,57.55102040816327
HL Baker,490,282,57.55102040816327
CJ Jordan,492,283,57.520325203252035
RWT Key,480,276,57.5
HC Brook,487,280,57.49486652977413
JL Smith,487,280,57.49486652977413
BM Duckett,487,280,57.49486652977413
IECM Wong,428,246,57.47663551401869
MJ Lumb,470,270,57.4468085106383
MH Yardy,491,282,57.43380855397149
FC Wilson,498,286,57.429718875502004
L Winfield-Hill,500,287,57.4
CM Edwards,507,291,57.396449704142015
SJ Taylor,507,291,57.396449704142015
HC Knight,507,291,57.396449704142015
LS Greenway,507,291,57.396449704142015
G Chapple,474,272,57.38396624472574
TK Curran,481,276,57.38045738045738
PD Salt,495,284,57.37373737373738
JG Bethell,495,284,57.37373737373738
JA Turner,495,284,57.37373737373738
J Overton,495,284,57.37373737373738
WG Jacks,495,284,57.37373737373738
DR Mousley,495,284,57.37373737373738
JM Cox,495,284,57.37373737373738
L Winfield,455,261,57.362637362637365
FR Davies,476,273,57.35294117647059
CMW Read,497,285,57.34406438631791
JO Troughton,497,285,57.34406438631791
ME Bouchier,504,289,57.34126984126984
N Hussain,457,262,57.330415754923415
RC Irani,457,262,57.330415754923415
AR Caddick,457,262,57.330415754923415
AJ Stewart,457,262,57.330415754923415
NV Knight,457,262,57.330415754923415
P Mustard,501,287,57.28542914171657
JWM Dalrymple,508,291,57.28346456692913
T Banton,426,244,57.27699530516432
MA Carberry,482,276,57.261410788381745
G Onions,496,284,57.25806451612903
JL Denly,496,284,57.25806451612903
SM Davies,496,284,57.25806451612903
SD Udal,503,288,57.25646123260437
MJ Prior,503,288,57.25646123260437
ID Blackwell,503,288,57.25646123260437
Joginder Sharma,304,174,57.23684210526316
S Sriram,304,174,57.23684210526316
IJL Trott,505,289,57.227722772277225
OA Shah,502,287,57.17131474103586
PA Nixon,509,291,57.17092337917485
RS Bopara,509,291,57.17092337917485
A Flintoff,509,291,57.17092337917485
MP Vaughan,509,291,57.17092337917485
MS Panesar,509,291,57.17092337917485
SI Mahmood,509,291,57.17092337917485
S Dhamala,7,4,57.142857142857146
AG Wharf,483,276,57.142857142857146
AD Hales,515,294,57.0873786407767
TT Bresnan,517,295,57.05996131528046
C Kieswetter,517,295,57.05996131528046
EJG Morgan,517,295,57.05996131528046
AN Cook,517,295,57.05996131528046
LJ Wright,517,295,57.05996131528046
TR Ambrose,461,263,57.049891540130155
AAP Atkinson,444,253,56.98198198198198
JM Bairstow,516,294,56.97674418604651
IR Bell,518,295,56.94980694980695
VS Solanki,518,295,56.94980694980695
PD Collingwood,518,295,56.94980694980695
D Gough,518,295,56.94980694980695
KP Pietersen,518,295,56.94980694980695
AJ Strauss,518,295,56.94980694980695
GO Jones,518,295,56.94980694980695
ME Trescothick,518,295,56.94980694980695
AF Giles,518,295,56.94980694980695
Kabir Ali,518,295,56.94980694980695
JWA Taylor,511,291,56.94716242661448
GS Ballance,511,291,56.94716242661448
SIR Dunkley,513,292,56.92007797270955
TT Beaumont,513,292,56.92007797270955
A Capsey,513,292,56.92007797270955
EL Lamb,513,292,56.92007797270955
AE Jones,513,292,56.92007797270955
DN Wyatt,513,292,56.92007797270955
KR Sen,285,162,56.8421052631579
Shahbaz Ahmed,285,162,56.8421052631579
MM Ali,519,295,56.84007707129094
JM Vince,519,295,56.84007707129094
DJ Malan,519,295,56.84007707129094
JJ Roy,519,295,56.84007707129094
SW Billings,519,295,56.84007707129094
JC Buttler,519,295,56.84007707129094
AR Odedara,37,21,56.75675675675676
Hammad Mirza,37,21,56.75675675675676
Wasim Ali,37,21,56.75675675675676
NV Ojha,67,38,56.71641791044776
Pankaj Singh,67,38,56.71641791044776
TS Roland-Jones,85,48,56.470588235294116
Khalid Kail,41,23,56.09756097560975
G Fontenla,59,33,55.932203389830505
Sufiyan Muqeem,68,38,55.88235294117647
MC Patel,68,38,55.88235294117647
AA Shafique,43,24,55.81395348837209
L Wood,72,40,55.55555555555556
J Jarvis,63,35,55.55555555555556
MM English,74,41,55.4054054054054
M Faisal,65,36,55.38461538461539
RO Hussain,56,31,55.357142857142854
PJC Hoffmann,78,43,55.12820512820513
GA Rogers,78,43,55.12820512820513
DR Brown,78,43,55.12820512820513
Shakeel Ahmed,49,27,55.10204081632653
ARI Umeed,49,27,55.10204081632653
Mehran Khan,49,27,55.10204081632653
PS Athavale,49,27,55.10204081632653
Pooja Ganesh,20,11,55.0
N Rana,75,41,54.666666666666664
C Sakariya,75,41,54.666666666666664
K Gowtham,75,41,54.666666666666664
RD Chahar,75,41,54.666666666666664
O Davidson,33,18,54.54545454545455
S Horley,79,43,54.43037974683544
A Aitken-Drummond,79,43,54.43037974683544
K Fraser,79,43,54.43037974683544
C Abel,79,43,54.43037974683544
Sufyan Mehmood,46,25,54.34782608695652
BJ McMullen,85,46,54.11764705882353
BJ Currie,85,46,54.11764705882353
C Tear,85,46,54.11764705882353
SW Currie,85,46,54.11764705882353
CD de Lange,98,53,54.08163265306123
Nestor Dhamba,50,27,54.0
DF Watts,89,48,53.93258426966292
GI Maiden,89,48,53.93258426966292
NFI McCallum,89,48,53.93258426966292
Steven Ryan Taylor,13,7,53.84615384615385
A Neill,95,51,53.68421052631579
GT Main,95,51,53.68421052631579
TSS Mackintosh,82,44,53.65853658536585
CM McBride,82,44,53.65853658536585
L Jack,97,52,53.608247422680414
EL Watson,97,52,53.608247422680414
AH Maqsood,97,52,53.608247422680414
A Lister,97,52,53.608247422680414
O Bell,97,52,53.608247422680414
PA Chatterji,97,52,53.608247422680414
HRA Rainey,97,52,53.608247422680414
SJ Bryce,97,52,53.608247422680414
KE Bryce,97,52,53.608247422680414
M McColl,97,52,53.608247422680414
DEM Carter,97,52,53.608247422680414
JH Davey,99,53,53.535353535353536
MM Iqbal,99,53,53.535353535353536
CD Wallace,101,54,53.46534653465346
MH Cross,101,54,53.46534653465346
TB Sole,101,54,53.46534653465346
MA Leask,101,54,53.46534653465346
CS MacLeod,101,54,53.46534653465346
SM Sharif,101,54,53.46534653465346
KJ Coetzer,101,54,53.46534653465346
RD Berrington,101,54,53.46534653465346
HG Munsey,101,54,53.46534653465346
CJO Smith,88,47,53.40909090909091
NS Poonia,88,47,53.40909090909091
GM Hamilton,88,47,53.40909090909091
DE Budge,96,51,53.125
SG Whittingham,96,51,53.125
MA Jones,96,51,53.125
KE Broadmore,149,79,53.02013422818792
MW Machan,100,53,53.0
PL Mommsen,100,53,53.0
RM Haq,100,53,53.0
D Murphy,100,53,53.0
I Wardlaw,100,53,53.0
FRJ Coleman,100,53,53.0
HJW Gardiner,100,53,53.0
RML Taylor,100,53,53.0
KH Prajapati,51,27,52.94117647058823
Shoaib Khan,51,27,52.94117647058823
VR Iyer,102,54,52.94117647058823
Naseem Khushi,51,27,52.94117647058823
SB Bangar,104,55,52.88461538461539
WA Young,416,219,52.64423076923077
D Foxcroft,416,219,52.64423076923077
TA Blundell,416,219,52.64423076923077
SC Kuggeleijn,415,218,52.53012048192771
GH Worker,415,218,52.53012048192771
FY Fazal,120,63,52.5
IR James,420,220,52.38095238095238
MJ Hay,216,113,52.31481481481482
TB Robinson,216,113,52.31481481481482
CJ Bowes,333,174,52.252252252252255
MS Sinclair,425,222,52.23529411764706
RH Priest,412,215,52.18446601941748
NT Broom,443,231,52.144469525959366
BB McCullum,443,231,52.144469525959366
PG Fulton,443,231,52.144469525959366
KJ Martin,426,222,52.11267605633803
KT Perkins,426,222,52.11267605633803
KE Ebrahim,238,124,52.10084033613445
DG Brownlie,432,225,52.083333333333336
CJ Nevin,411,214,52.06812652068127
RA Jones,315,164,52.06349206349206
EC Perry,244,127,52.049180327868854
JM How,444,231,52.027027027027025
MJ Guptill,444,231,52.027027027027025
LRPL Taylor,444,231,52.027027027027025
GJ Hopkins,444,231,52.027027027027025
JAH Marshall,427,222,51.99063231850117
MHW Papps,427,222,51.99063231850117
SJ McGlashan,402,209,51.99004975124378
DJ Mitchell,431,224,51.97215777262181
GD Phillips,431,224,51.97215777262181
DP Conway,431,224,51.97215777262181
FH Allen,431,224,51.97215777262181
AC Kerr,433,225,51.96304849884527
SFM Devine,433,225,51.96304849884527
AM Peterson,433,225,51.96304849884527
ML Green,433,225,51.96304849884527
LM Kasperek,433,225,51.96304849884527
HM Rowe,433,225,51.96304849884527
B Bezuidenhout,433,225,51.96304849884527
LR Down,433,225,51.96304849884527
SW Bates,433,225,51.96304849884527
LMM Tahuhu,433,225,51.96304849884527
AE Satterthwaite,433,225,51.96304849884527
JD Ryder,435,226,51.95402298850575
MJ Henry,437,227,51.94508009153318
TL Seifert,437,227,51.94508009153318
HM Nicholls,437,227,51.94508009153318
L Ronchi,439,228,51.93621867881549
TWM Latham,439,228,51.93621867881549
JDS Neesham,439,228,51.93621867881549
C Munro,439,228,51.93621867881549
SP Fleming,441,229,51.92743764172336
HJH Marshall,441,229,51.92743764172336
Sandeep Goud,52,27,51.92307692307692
Suraj Kumar,52,27,51.92307692307692
Khurram Nawaz,52,27,51.92307692307692
Jatinder Singh,52,27,51.92307692307692
W O'Rourke,401,208,51.87032418952619
NG Smith,401,208,51.87032418952619
BM Halliday,428,222,51.86915887850467
GE Plimmer,428,222,51.86915887850467
MM Penfold,428,222,51.86915887850467
FC Jonas,428,222,51.86915887850467
IC Gaze,428,222,51.86915887850467
JM Kerr,428,222,51.86915887850467
SRH Curtis,351,182,51.851851851851855
TMM Newton,351,182,51.851851851851855
NC Dodd,351,182,51.851851851851855
L Vincent,434,225,51.84331797235023
NJ Astle,434,225,51.84331797235023
JA Clarkson,326,169,51.84049079754601
A Ashok,245,127,51.83673469387755
HD Rutherford,438,227,51.82648401826484
BJ Watling,440,228,51.81818181818182
K Sonavale,29,15,51.724137931034484
B Siddharth,29,15,51.724137931034484
HM Watson,329,170,51.671732522796354
HM Tiffen,329,170,51.671732522796354
AL Watkins,329,170,51.671732522796354
LE Milliken,329,170,51.671732522796354
RJ Rolls,329,170,51.671732522796354
SJ Tsukigawa,329,170,51.671732522796354
MF Fahey,329,170,51.671732522796354
TS Nethula,359,185,51.532033426183844
D Cleaver,251,129,51.39442231075697
Natalia Pervaiz,253,130,51.383399209486164
AR Adams,394,202,51.26903553299493
PJ Ingram,373,191,51.206434316353885
JW Wilson,291,149,51.202749140893474
LJ Hamilton,291,149,51.202749140893474
PD McGlashan,375,192,51.2
MD du Preez,47,24,51.06382978723404
AJ Redmond,279,142,50.89605734767025
LN Rajbanshi,59,30,50.847457627118644
CD Cumming,382,194,50.78534031413613
Shahzaib Hasan,319,162,50.78369905956113
FL Mackay,384,195,50.78125
Kushal Malla,65,33,50.76923076923077
Karan KC,65,33,50.76923076923077
S Lamichhane,65,33,50.76923076923077
Sompal Kami,65,33,50.76923076923077
RK Paudel,65,33,50.76923076923077
Aasif Sheikh,65,33,50.76923076923077
S Bhari,65,33,50.76923076923077
Aarif Sheikh,65,33,50.76923076923077
K Bhurtel,65,33,50.76923076923077
DS Airee,65,33,50.76923076923077
D Khanal,65,33,50.76923076923077
Mohammad Aadil Alam,65,33,50.76923076923077
B Sharki,65,33,50.76923076923077
G Malla,65,33,50.76923076923077
SL Stewart,286,145,50.6993006993007
Hussain Talat,315,159,50.476190476190474
Mohammad Haris,317,160,50.473186119873816
Zahid Mahmood,317,160,50.473186119873816
GA Guy,270,136,50.370370370370374
Naumanullah,306,154,50.326797385620914
Haider Ali,346,174,50.28901734104046
Khushdil Shah,346,174,50.28901734104046
Faisal Athar,327,164,50.15290519877676
Haseebullah Khan,12,6,50.0
JH Desai,46,23,50.0
AK Sah,62,31,50.0
S Jora,54,27,50.0
RD Steede,2,1,50.0
A Saud,52,26,50.0
Sagar Pun,58,29,50.0
Shawaal Zulfiqar,192,96,50.0
KL Tucker,2,1,50.0
SP Khakurel,64,32,50.0
P Khadka,64,32,50.0
B Bhandari,60,30,50.0
Ayesha Naseem,371,185,49.86522911051213
Saud Shakeel,291,145,49.828178694158076
Raza Hasan,199,99,49.74874371859296
Zulqarnain Haider,334,166,49.70059880239521
Tayyab Tahir,409,203,49.63325183374083
Sana Javed,383,190,49.608355091383814
Batool Fatima,383,190,49.608355091383814
Tasqeen Qadeer,383,190,49.608355091383814
Abid Ali,335,166,49.55223880597015
Saad Ali,335,166,49.55223880597015
Khalid Latif,417,206,49.40047961630695
Mohammad Salman,415,205,49.397590361445786
Taufeeq Umar,415,205,49.397590361445786
Usman Salahuddin,415,205,49.397590361445786
Tanvir Ahmed,411,203,49.39172749391727
Naved Latif,403,199,49.37965260545906
Irfan Khan,428,211,49.299065420560744
Sania Khan,416,205,49.27884615384615
Marina Iqbal,416,205,49.27884615384615
Gulsan Jha,63,31,49.20634920634921
Sami Aslam,430,211,49.06976744186046
Zulfiqar Babar,430,211,49.06976744186046
Saleem Elahi,426,209,49.06103286384977
Saeed Anwar,426,209,49.06103286384977
Waqar Younis,426,209,49.06103286384977
Saqlain Mushtaq,426,209,49.06103286384977
Wasim Akram,426,209,49.06103286384977
Rashid Latif,426,209,49.06103286384977
Faisal Iqbal,422,207,49.052132701421804
Bilawal Bhatti,449,220,48.99777282850779
MB Kruger,49,24,48.97959183673469
JI de Villiers,49,24,48.97959183673469
SP Krishnamurthi,49,24,48.97959183673469
AA Paradkar,49,24,48.97959183673469
B Shikongo,49,24,48.97959183673469
Rabiya Shah,431,211,48.95591647331786
Yasir Arafat,423,207,48.93617021276596
Moin Khan,448,219,48.88392857142857
Asif Ali,446,218,48.87892376681614
Sadaf Shamas,434,212,48.8479262672811
Najiha Alvi,434,212,48.8479262672811
Imam-ul-Haq,451,220,48.78048780487805
Abdullah Shafique,445,217,48.764044943820224
Utkarsh Srivastava,39,19,48.717948717948715
Adnan Akmal,444,216,48.648648648648646
Iram Javed,442,215,48.64253393665158
Azhar Mahmood,453,220,48.565121412803535
Imran Nazir,453,220,48.565121412803535
Kainat Imtiaz,441,214,48.52607709750567
Zafar Gohar,437,212,48.51258581235698
Haris Sohail,468,227,48.504273504273506
Mohammad Hafeez,468,227,48.504273504273506
Azhar Ali,468,227,48.504273504273506
Asmavia Iqbal,456,221,48.46491228070175
Qanita Jalil,456,221,48.46491228070175
Nain Abidi,456,221,48.46491228070175
Nahida Khan,456,221,48.46491228070175
Javeria Rauf,456,221,48.46491228070175
Salman Butt,469,227,48.40085287846482
Misbah-ul-Haq,469,227,48.40085287846482
Younis Khan,469,227,48.40085287846482
Khurram Manzoor,469,227,48.40085287846482
Kamran Akmal,469,227,48.40085287846482
Sarfraz Ahmed,467,226,48.394004282655246
Imran Farhat,467,226,48.394004282655246
Umar Akmal,467,226,48.394004282655246
AGS Gous,60,29,48.333333333333336
Ahmed Shehzad,466,225,48.283261802575105
Nasir Jamshed,466,225,48.283261802575105
Yasir Hameed,464,224,48.275862068965516
Abdul Razzaq,464,224,48.275862068965516
Yousuf Youhana,464,224,48.275862068965516
Inzamam-ul-Haq,464,224,48.275862068965516
Mohammad Nawaz (3),462,223,48.268398268398265
Sharjeel Khan,462,223,48.268398268398265
Imad Wasim,462,223,48.268398268398265
Babar Azam,462,223,48.268398268398265
Mohammad Rizwan,462,223,48.268398268398265
Ehsan Adil,460,222,48.26086956521739
Asad Shafiq,460,222,48.26086956521739
Umar Amin,460,222,48.26086956521739
Mohammad Yousuf,458,221,48.2532751091703
Nida Dar,463,223,48.16414686825054
Aliya Riaz,463,223,48.16414686825054
Diana Baig,463,223,48.16414686825054
Sidra Nawaz,463,223,48.16414686825054
Nashra Sandhu,463,223,48.16414686825054
Sadia Iqbal,463,223,48.16414686825054
Fatima Sana,463,223,48.16414686825054
Umaima Sohail,463,223,48.16414686825054
Javeria Khan,463,223,48.16414686825054
Ayesha Zafar,463,223,48.16414686825054
Muneeba Ali,463,223,48.16414686825054
Shan Masood,461,222,48.15618221258134
Mohammad Nawaz,461,222,48.15618221258134
Usama Mir,461,222,48.15618221258134
Haris Rauf,461,222,48.15618221258134
Mohammad Wasim,461,222,48.15618221258134
Fakhar Zaman,461,222,48.15618221258134
Mohammad Hasnain,461,222,48.15618221258134
Agha Salman,461,222,48.15618221258134
Bismah Maroof,459,221,48.148148148148145
Sidra Ameen,459,221,48.148148148148145
HN Ya France,52,25,48.07692307692308
K Birkenstock,52,25,48.07692307692308
Z Groenewald,52,25,48.07692307692308
CG Williams,52,25,48.07692307692308
C Viljoen,50,24,48.0
B Fernando,335,160,47.76119402985075
D Gamage,331,158,47.73413897280967
TK Patel,61,29,47.540983606557376
XM Marshall,61,29,47.540983606557376
Akshay Homraj,61,29,47.540983606557376
A Kolan,57,27,47.36842105263158
IM Vaghela,57,27,47.36842105263158
G Kodali,57,27,47.36842105263158
TG Norris,57,27,47.36842105263158
E Claridge,57,27,47.36842105263158
GC Bhogle,57,27,47.36842105263158
AI Chudasama,57,27,47.36842105263158
PM Liyanagamage,380,180,47.36842105263158
D Dhingra,57,27,47.36842105263158
S Sriharsha,57,27,47.36842105263158
S Immadi,57,27,47.36842105263158
MNK Fernando,376,178,47.340425531914896
DS Weerakkody,262,124,47.32824427480916
M van Lingen,55,26,47.27272727272727
JN Loftie-Eaton,55,26,47.27272727272727
MG Erasmus,55,26,47.27272727272727
ZE Green,55,26,47.27272727272727
JN Frylinck,55,26,47.27272727272727
D la Cock,55,26,47.27272727272727
R Trumpelmann,55,26,47.27272727272727
BM Scholtz,55,26,47.27272727272727
SJ Baard,55,26,47.27272727272727
L Louwrens,55,26,47.27272727272727
SSD Arachchige,324,153,47.22222222222222
M Karg,53,25,47.16981132075472
D Keulder,53,25,47.16981132075472
M van Schoor,53,25,47.16981132075472
GB Murgatroyd,53,25,47.16981132075472
Tharika Sewwandi,263,124,47.148288973384034
KNM Fernando,310,146,47.096774193548384
R Walters,51,24,47.05882352941177
LDVV Silva,340,160,47.05882352941177
SP de Alwis,340,160,47.05882352941177
SI Galagedara,340,160,47.05882352941177
SJ Swanepoel,51,24,47.05882352941177
AD Janakanthymala,340,160,47.05882352941177
H Shah,34,16,47.05882352941177
RS Vandort,372,175,47.043010752688176
HHC Gunaratne,372,175,47.043010752688176
SDNS Karunaratne,372,175,47.043010752688176
KDK Vithanage,435,204,46.89655172413793
APS Lakshika,273,128,46.88644688644688
RM Jariwala,64,30,46.875
SJ Modani,64,30,46.875
G Singh,64,30,46.875
MD Patel,64,30,46.875
Shayan Jahangir,64,30,46.875
EMDY Munaweera,459,215,46.84095860566449
MKDI Amerasinghe,427,200,46.8384074941452
UDU Chandana,457,214,46.82713347921226
DNT Zoysa,457,214,46.82713347921226
HAPW Jayawardene,267,125,46.81647940074907
SR Mukkamalla,62,29,46.774193548387096
I Dulani,428,200,46.728971962616825
PLS Gamage,454,212,46.69603524229075
SR Thadani,30,14,46.666666666666664
JM Willathgamuwa,30,14,46.666666666666664
K Weeraratne,463,216,46.652267818574515
BOP Fernando,448,209,46.651785714285715
AK Perera,448,209,46.651785714285715
PARP Perera,448,209,46.651785714285715
HDRL Thirimanne,506,236,46.640316205533594
SMSM Senanayake,506,236,46.640316205533594
DSK Madushanka,294,137,46.59863945578231
KS Lokuarachchi,496,231,46.57258064516129
LPC Silva,496,231,46.57258064516129
BYA Mendis,464,216,46.55172413793103
SJ Massiah,58,27,46.55172413793103
RP Alexander,58,27,46.55172413793103
Nasir Javed,58,27,46.55172413793103
MR Johnson,58,27,46.55172413793103
CR Seneviratna,464,216,46.55172413793103
LC Romero,58,27,46.55172413793103
HR Johnson,58,27,46.55172413793103
HMD Rasangika,464,216,46.55172413793103
RS Kaluwitharana,348,162,46.55172413793103
DL Blake,58,27,46.55172413793103
RW Staple,58,27,46.55172413793103
Rashid Zia,58,27,46.55172413793103
CA Reid,58,27,46.55172413793103
Aijaz Ali,58,27,46.55172413793103
SK Dolawatte,464,216,46.55172413793103
S Randiv,507,236,46.548323471400394
MD Gunathilaka,507,236,46.548323471400394
S Prasanna,507,236,46.548323471400394
LHD Dilhara,245,114,46.53061224489796
PHT Kaushal,486,226,46.50205761316872
J Mubarak,499,232,46.49298597194389
ML Udawatte,499,232,46.49298597194389
I Ranaweera,497,231,46.478873239436616
KDU Prabodhani,497,231,46.478873239436616
MAA Sanjeewani,497,231,46.478873239436616
HASD Siriwardene,497,231,46.478873239436616
SS Weerakkody,497,231,46.478873239436616
PM Weerakkody,497,231,46.478873239436616
MDN Hansika,497,231,46.478873239436616
MADD Surangika,497,231,46.478873239436616
BMSM Kumari,497,231,46.478873239436616
AC Jayangani,497,231,46.478873239436616
NND de Silva,497,231,46.478873239436616
SHT Kandamby,510,237,46.470588235294116
KC Sangakkara,510,237,46.470588235294116
TM Dilshan,510,237,46.470588235294116
DPMD Jayawardene,510,237,46.470588235294116
CK Kapugedera,510,237,46.470588235294116
ST Jayasuriya,510,237,46.470588235294116
MF Maharoof,510,237,46.470588235294116
KHRK Fernando,467,217,46.46680942184154
KIC Asalanka,495,230,46.464646464646464
S Samarawickrama,495,230,46.464646464646464
P Nissanka,495,230,46.464646464646464
SMA Priyanjan,508,236,46.45669291338583
LD Chandimal,508,236,46.45669291338583
KNA Bandara,465,216,46.45161290322581
DA Gunawardene,476,221,46.42857142857143
PRCS Kumarihami,487,226,46.40657084188912
GWHM Perera,487,226,46.40657084188912
TT Samaraweera,500,232,46.4
HIS Mendis,347,161,46.39769452449568
HDPK Dharmasena,360,167,46.388888888888886
SS Pathirana,498,231,46.3855421686747
MD Shanaka,498,231,46.3855421686747
MA Aponso,498,231,46.3855421686747
MDK Perera,498,231,46.3855421686747
WIA Fernando,511,237,46.37964774951077
SL Malinga,511,237,46.37964774951077
FDM Karunaratne,511,237,46.37964774951077
I Udana,511,237,46.37964774951077
BMAJ Mendis,511,237,46.37964774951077
HDRS Silva,468,217,46.36752136752137
WPUJC Vaas,509,236,46.36542239685658
HP Tillakaratne,509,236,46.36542239685658
PA de Silva,509,236,46.36542239685658
RP Arnold,509,236,46.36542239685658
TCB Fernando,509,236,46.36542239685658
MS Atapattu,509,236,46.36542239685658
DN Wellalage,490,227,46.326530612244895
JDF Vandersay,490,227,46.326530612244895
JP Kotze,54,25,46.2962962962963
JJ Smit,54,25,46.2962962962963
N Davin,54,25,46.2962962962963
WU Tharanga,512,237,46.2890625
AD Mathews,512,237,46.2890625
N Dickwella,512,237,46.2890625
BKG Mendis,512,237,46.2890625
MDKJ Perera,512,237,46.2890625
H Karunaratne,482,223,46.2655601659751
S Nisansala,482,223,46.2655601659751
PBB Rajapaksa,478,221,46.23430962343096
PWH de Silva,478,221,46.23430962343096
M Bhanuka,478,221,46.23430962343096
CKB Kulasekara,491,227,46.23217922606925
H Madavi,489,226,46.21676891615542
RMVD Gunaratne,489,226,46.21676891615542
HML Madushani,481,222,46.15384615384615
SK Patel,63,29,46.03174603174603
SM Warnapura,222,102,45.945945945945944
U Thimashini,158,72,45.56962025316456
K Phillip,53,24,45.283018867924525
D Lakshan,204,92,45.09803921568628
RTM Mendis,204,92,45.09803921568628
K Mahato,40,18,45.0
DOD Rikhi,9,4,44.44444444444444
S Dhakal,43,19,44.18604651162791
S Daniel,182,79,43.40659340659341
SKW Kelly,5,2,40.0
Omid Shafi Rahman,55,22,40.0
Muhammad Farooq,55,22,40.0
AR Berenger,60,24,40.0
H Durham,5,2,40.0
Sabbir Rahman,335,132,39.40298507462686
NY McLean,386,152,39.37823834196891
SACA King,386,152,39.37823834196891
NE Bonner,384,151,39.322916666666664
Liton Das,336,132,39.285714285714285
Soumya Sarkar,336,132,39.285714285714285
Mehedi Hasan Miraz,336,132,39.285714285714285
NK Crafton,135,53,39.25925925925926
OC McCoy,260,102,39.23076923076923
Mosaddek Hossain,334,131,39.221556886227546
Mohammad Mithun,334,131,39.221556886227546
Anamul Haque,342,134,39.1812865497076
Sohag Gazi,342,134,39.1812865497076
TD Smartt,365,143,39.178082191780824
B Cooper,365,143,39.178082191780824
SL Quintyne,365,143,39.178082191780824
KY Ottley,388,152,39.175257731958766
JP Greaves,388,152,39.175257731958766
Raqibul Hasan,337,132,39.16913946587537
RD Jacobs,368,144,39.130434782608695
SE Rutherford,358,140,39.10614525139665
Mashrafe Mortaza,343,134,39.067055393586
Habibul Bashar,343,134,39.067055393586
Syed Rasel,343,134,39.067055393586
Javed Omar,343,134,39.067055393586
Shamima Sultana,333,130,39.03903903903904
Murshida Khatun,333,130,39.03903903903904
Nigar Sultana,333,130,39.03903903903904
Fargana Hoque,333,130,39.03903903903904
Shorna Akter,333,130,39.03903903903904
N Deonarine,369,144,39.02439024390244
Mominul Haque,341,133,39.002932551319645
Jahurul Islam,341,133,39.002932551319645
TJ Bishop,377,147,38.9920424403183
C Hemraj,413,161,38.983050847457626
AK Peters,390,152,38.97435897435897
Aftab Ahmed,344,134,38.95348837209303
TL Best,416,162,38.94230769230769
DS Smith,414,161,38.888888888888886
RT Crandon,355,138,38.87323943661972
GC Tonge,355,138,38.87323943661972
ADS Fletcher,404,157,38.86138613861386
Z James,417,162,38.84892086330935
AA Alleyne,417,162,38.84892086330935
CA Henry,417,162,38.84892086330935
RS Williams,417,162,38.84892086330935
CS Fraser,417,162,38.84892086330935
S Gajnabi,417,162,38.84892086330935
LR Johnson,399,155,38.847117794486216
Tamim Iqbal,345,134,38.84057971014493
Mahmudullah,345,134,38.84057971014493
Imrul Kayes,345,134,38.84057971014493
Mushfiqur Rahim,345,134,38.84057971014493
Shahriar Nafees,345,134,38.84057971014493
Shoriful Islam,327,127,38.837920489296636
Tanzid Hasan,327,127,38.837920489296636
Zakir Hasan,327,127,38.837920489296636
Khaled Ahmed,327,127,38.837920489296636
Towhid Hridoy,327,127,38.837920489296636
Nasum Ahmed,327,127,38.837920489296636
Hasan Mahmud,327,127,38.837920489296636
Mahedi Hasan,327,127,38.837920489296636
A Athanaze,412,160,38.83495145631068
SE Findlay,394,153,38.83248730964467
Hannan Sarkar,340,132,38.8235294117647
SA Campbelle,420,163,38.80952380952381
M Mangru,392,152,38.775510204081634
J Glasgow,392,152,38.775510204081634
Kycia A Knight,423,164,38.77068557919622
Sharmin Akhter,325,126,38.76923076923077
S Mostary,325,126,38.76923076923077
O Thomas,418,162,38.75598086124402
CR Brathwaite,418,162,38.75598086124402
AB Barath,400,155,38.75
MN Samuels,426,165,38.732394366197184
D Ramdin,426,165,38.732394366197184
DR Smith,426,165,38.732394366197184
LMP Simmons,426,165,38.732394366197184
AD Russell,426,165,38.732394366197184
Khaled Mashud,346,134,38.72832369942196
Tushar Imran,346,134,38.72832369942196
Akram Khan,346,134,38.72832369942196
Al Sahariar,346,134,38.72832369942196
D Ganga,323,125,38.69969040247678
M Dillon,424,164,38.679245283018865
CO Browne,424,164,38.679245283018865
WW Hinds,424,164,38.679245283018865
S Chanderpaul,424,164,38.679245283018865
IDR Bradshaw,424,164,38.679245283018865
PT Collins,424,164,38.679245283018865
BC Lara,424,164,38.679245283018865
TM Dowlin,401,155,38.65336658354115
DM Richards,401,155,38.65336658354115
FL Reifer,401,155,38.65336658354115
KOA Powell,427,165,38.64168618266979
KAJ Roach,427,165,38.64168618266979
RR Sarwan,427,165,38.64168618266979
DC Thomas,427,165,38.64168618266979
SP Narine,427,165,38.64168618266979
CH Gayle,427,165,38.64168618266979
DJ Bravo,427,165,38.64168618266979
DJG Sammy,427,165,38.64168618266979
DM Bravo,427,165,38.64168618266979
SW Ambris,409,158,38.63080684596577
KA Edwards,422,163,38.62559241706161
R Rampaul,422,163,38.62559241706161
CS Baugh,422,163,38.62559241706161
A Martin,422,163,38.62559241706161
KU Carty,430,166,38.604651162790695
SD Hope,430,166,38.604651162790695
BA King,430,166,38.604651162790695
J Charles,430,166,38.604651162790695
SSJ Brooks,430,166,38.604651162790695
Nazmul Hossain Shanto,329,127,38.60182370820669
Afif Hossain,329,127,38.60182370820669
JN Mohammed,425,164,38.588235294117645
R Powell,425,164,38.588235294117645
D Bishoo,425,164,38.588235294117645
AR Nurse,425,164,38.588235294117645
AJ Hosein,407,157,38.57493857493858
KA Hope,402,155,38.55721393034826
CAK Walton,402,155,38.55721393034826
MR Aguilleira,428,165,38.55140186915888
HK Matthews,428,165,38.55140186915888
SF Daley,428,165,38.55140186915888
Kyshona A Knight,428,165,38.55140186915888
CN Nation,428,165,38.55140186915888
R Boyce,428,165,38.55140186915888
A Mohammed,428,165,38.55140186915888
Q Joseph,428,165,38.55140186915888
DJS Dottin,428,165,38.55140186915888
ASS Fletcher,428,165,38.55140186915888
S Chattergoon,408,157,38.48039215686274
PA Browne,408,157,38.48039215686274
BA Parchment,408,157,38.48039215686274
RS Morton,408,157,38.48039215686274
SO Hetmyer,429,165,38.46153846153846
E Lewis,429,165,38.46153846153846
KA Pollard,429,165,38.46153846153846
JO Holder,429,165,38.46153846153846
N Pooran,429,165,38.46153846153846
JW Ogle-Thomas,308,118,38.311688311688314
JB Nero,308,118,38.311688311688314
A Munisar,282,108,38.297872340425535
JD Campbell,303,116,38.28382838283829
Mohammad Naim,322,123,38.19875776397515
DP Hyatt,328,125,38.109756097560975
CP Jack,331,126,38.066465256797585
PY Lavine,331,126,38.066465256797585
SO Dowrich,71,27,38.028169014084504
Fazle Mahmud,319,121,37.93103448275862
SC Joseph,338,128,37.8698224852071
RO Hinds,318,120,37.735849056603776
D Parashar,69,26,37.68115942028985
Fariha Trisna,314,118,37.5796178343949
Salman Faris,8,3,37.5
J Blackwood,315,118,37.46031746031746
AA Jangoo,241,90,37.344398340248965
Yasir Ali Chowdhury,312,116,37.17948717948718
BP Nash,244,90,36.885245901639344
Jaker Ali,190,70,36.8421052631579
F Walters,247,91,36.8421052631579
Shuvagata Hom,204,75,36.76470588235294
Tanbir Hayder,207,76,36.71497584541063
Nurul Hasan,207,76,36.71497584541063
Faisal Hossain,306,112,36.60130718954248
AR White,164,60,36.58536585365854
KJ O'Brien,164,60,36.58536585365854
GC Wilson,164,60,36.58536585365854
WTS Porterfield,164,60,36.58536585365854
AR Cusack,164,60,36.58536585365854
DT Johnston,164,60,36.58536585365854
EC Joyce,164,60,36.58536585365854
JF Mooney,164,60,36.58536585365854
WB Rankin,164,60,36.58536585365854
PR Stirling,164,60,36.58536585365854
RR Ramdass,203,74,36.45320197044335
MMA Jonkman,11,4,36.36363636363637
Shamsur Rahman,303,110,36.303630363036305
Shamim Hossain,292,106,36.3013698630137
Tanzim Hasan Sakib,292,106,36.3013698630137
Sharmin Sultana,295,107,36.271186440677965
Sanjida Islam,295,107,36.271186440677965
JN Hamilton,218,79,36.23853211009175
Lata Mondal,301,109,36.21262458471761
Rumana Ahmed,301,109,36.21262458471761
A Balbirnie,163,59,36.19631901840491
L Tucker,163,59,36.19631901840491
HT Tector,163,59,36.19631901840491
Nafees Iqbal,293,106,36.177474402730375
Ebadat Hossain,282,102,36.170212765957444
Fayyaz Ahmed,72,26,36.111111111111114
Dhiman Ghosh,291,105,36.08247422680412
Nazimuddin,289,104,35.98615916955017
Jubair Hossain,281,101,35.94306049822064
Nahid Rana,167,60,35.92814371257485
Jannatul Ferdus,162,58,35.80246913580247
GH Lewis,162,58,35.80246913580247
A Hunter,162,58,35.80246913580247
O Prendergast,162,58,35.80246913580247
Moniruzzaman,168,60,35.714285714285715
R Stokell,157,56,35.6687898089172
Ayasha Rahman,157,56,35.6687898089172
Shaila Sharmin,272,97,35.661764705882355
Mosharraf Hossain,247,88,35.62753036437247
CE Coulter Reilly,146,52,35.61643835616438
DI Joyce,149,53,35.57046979865772
PG Gillespie,149,53,35.57046979865772
Hasibul Hossain,239,85,35.56485355648535
V Shetty,76,27,35.526315789473685
IPP Batuwitarachchi,76,27,35.526315789473685
JA McCollum,155,55,35.483870967741936
CK Holder,79,28,35.44303797468354
AM McCarthy,79,28,35.44303797468354
J Da Silva,79,28,35.44303797468354
AD Poynter,144,51,35.416666666666664
RD McCann,144,51,35.416666666666664
NJ O'Brien,161,57,35.40372670807454
S Forbes,150,53,35.333333333333336
Saad Bin Zafar,51,18,35.294117647058826
S Movva,51,18,35.294117647058826
NR Kirton,51,18,35.294117647058826
A Johnson,51,18,35.294117647058826
H Thaker,51,18,35.294117647058826
Pargat Singh,51,18,35.294117647058826
U Raymond-Hoey,153,54,35.294117647058826
NS Dhaliwal,51,18,35.294117647058826
SA Wijeratne,51,18,35.294117647058826
SR Thompson,159,56,35.22012578616352
PKD Chase,159,56,35.22012578616352
Mrittunjoy Chowdhury,145,51,35.172413793103445
Rony Talukdar,145,51,35.172413793103445
Alawi Shukri,74,26,35.13513513513514
N Fernandes,74,26,35.13513513513514
Simi Singh,151,53,35.09933774834437
MV Waldron,160,56,35.0
CNIM Joyce,160,56,35.0
CMA Shillington,160,56,35.0
RA Rolfe,160,56,35.0
F Hand,143,50,34.96503496503497
MJ Humphreys,143,50,34.96503496503497
Sultan Ahmed,83,29,34.93975903614458
Mohammad Boota,83,29,34.93975903614458
AC Botha,152,53,34.86842105263158
WK McCallan,152,53,34.86842105263158
KED Carroll,152,53,34.86842105263158
JP Bray,152,53,34.86842105263158
D Langford-Smith,152,53,34.86842105263158
Adnan Mufti,89,31,34.831460674157306
J Figy John,95,33,34.73684210526316
Muhammad Usman,95,33,34.73684210526316
Chirag Suri,95,33,34.73684210526316
CP Rizwan,98,34,34.69387755102041
E Otieno,29,10,34.48275862068966
IA Karim,29,10,34.48275862068966
Saqlain Haider,90,31,34.44444444444444
R Chopra,96,33,34.375
RL Bhudia,32,11,34.375
T Suri,96,33,34.375
A Sharma,99,34,34.343434343434346
KP Meiyappan,99,34,34.343434343434346
Junaid Siddique,99,34,34.343434343434346
Rohan Mustafa,99,34,34.343434343434346
Waseem Muhammad,99,34,34.343434343434346
Asif Khan,99,34,34.343434343434346
Ali Naseer,99,34,34.343434343434346
Rameez Shahzad,99,34,34.343434343434346
Aayan Afzal Khan,99,34,34.343434343434346
Zahoor Khan,99,34,34.343434343434346
V Aravind,99,34,34.343434343434346
KO Otieno,38,13,34.21052631578947
MO Odumbe,38,13,34.21052631578947
SO Tikolo,38,13,34.21052631578947
TM Odoyo,38,13,34.21052631578947
HS Modi,38,13,34.21052631578947
PJ Ongondo,38,13,34.21052631578947
RD Shah,38,13,34.21052631578947
BJ Patel,38,13,34.21052631578947
TJG Pringle,41,14,34.146341463414636
Nuzhat Tasnia,141,48,34.04255319148936
A Sharafu,94,32,34.04255319148936
Kashif Daud,94,32,34.04255319148936
L Sreekumar,97,33,34.02061855670103
SP Patil,97,33,34.02061855670103
Shaiman Anwar,97,33,34.02061855670103
Amjad Ali,97,33,34.02061855670103
Abdul Shakoor,97,33,34.02061855670103
M Spoors,50,17,34.0
Kaleem Sana,50,17,34.0
N Dutta,50,17,34.0
Ravinderpal Singh,50,17,34.0
SM Kavanagh,136,46,33.8235294117647
CJ Metcalfe,139,47,33.81294964028777
MF Kendal,139,47,33.81294964028777
RA Lewis,139,47,33.81294964028777
Waheed Ahmed,86,29,33.72093023255814
V Sukumaran,92,31,33.69565217391305
RN Bhatia,92,31,33.69565217391305
Muhammad Jawadullah,92,31,33.69565217391305
Talha Jubair,95,32,33.68421052631579
RK Whelan,128,43,33.59375
MJ Fourie,128,43,33.59375
A van der Merwe,140,47,33.57142857142857
AA Obanda,39,13,33.333333333333336
Ghulam Shabber,93,31,33.333333333333336
DO Obuya,39,13,33.333333333333336
SR Waters,33,11,33.333333333333336
JNK Shannon,21,7,33.333333333333336
KD Shah,15,5,33.333333333333336
Fahad Nawaz,93,31,33.333333333333336
DI Allan,39,13,33.333333333333336
Jamaluddin Ahmed,33,11,33.333333333333336
A Valthapa,15,5,33.333333333333336
SW Poynter,129,43,33.333333333333336
R Gunasekera,48,16,33.333333333333336
H Patel,48,16,33.333333333333336
CR Pagydyala,3,1,33.333333333333336
ZE Surkari,48,16,33.333333333333336
T Mishra,39,13,33.333333333333336
MS Chapman,15,5,33.333333333333336
ADJ Pitcher,6,2,33.333333333333336
Waqas Barkat,15,5,33.333333333333336
BP Kruger,21,7,33.333333333333336
GJ Delany,130,43,33.07692307692308
Sumaiya Akter,115,38,33.04347826086956
NA Rock,115,38,33.04347826086956
J van Vliet,67,22,32.83582089552239
CM Beggs,61,20,32.78688524590164
JC Carroll,61,20,32.78688524590164
JA Whelan,61,20,32.78688524590164
MT Herbert,61,20,32.78688524590164
HE Whelan,61,20,32.78688524590164
NJ Coffey,61,20,32.78688524590164
CH van Koolwijk,55,18,32.72727272727273
J Gray,110,36,32.72727272727273
A Codrington,49,16,32.6530612244898
JV Harris,49,16,32.6530612244898
I Maraj,49,16,32.6530612244898
A Bagai,49,16,32.6530612244898
AF Sattaur,49,16,32.6530612244898
S Thuraisingam,49,16,32.6530612244898
DR Chumney,49,16,32.6530612244898
IS Billcliff,49,16,32.6530612244898
JM Davison,49,16,32.6530612244898
NA de Groot,49,16,32.6530612244898
PA Desai,46,15,32.608695652173914
NR Kumar,46,15,32.608695652173914
U Bhatti,46,15,32.608695652173914
GEF Barnett,46,15,32.608695652173914
CK Hooper,46,15,32.608695652173914
GJ McCarter,120,39,32.5
ST Doheny,117,38,32.47863247863248
MA Ouma,37,12,32.432432432432435
Ehsanul Haque,108,35,32.407407407407405
ML Patel,34,11,32.35294117647059
LM Hoitink,65,21,32.30769230769231
D Prins,65,21,32.30769230769231
VCE Wattenberg,65,21,32.30769230769231
J Pashley,65,21,32.30769230769231
J Anderson,124,40,32.25806451612903
SP Terry,124,40,32.25806451612903
MP O'Dowd,90,29,32.22222222222222
SA Edwards,90,29,32.22222222222222
W Barresi,90,29,32.22222222222222
M Levitt,90,29,32.22222222222222
NRJ Croes,90,29,32.22222222222222
Vikramjit Singh,90,29,32.22222222222222
K Klein,90,29,32.22222222222222
Shariz Ahmad,90,29,32.22222222222222
MWA van Nierop,50,16,32.0
M Commins,94,30,31.914893617021278
N Kruger,69,22,31.884057971014492
TJ Heggelman,69,22,31.884057971014492
MR Swart,69,22,31.884057971014492
VAB Tewarie,69,22,31.884057971014492
SA Engelbrecht,89,28,31.46067415730337
JS Ababu,35,11,31.428571428571427
RH Scholte,51,16,31.372549019607842
Babar Hayat,16,5,31.25
Shahid Wasif,16,5,31.25
Nizakat Khan,16,5,31.25
Waqas Khan,16,5,31.25
C Carter,16,5,31.25
C McAuslan,13,4,30.76923076923077
TP Visee,88,27,30.681818181818183
BN Cooper,88,27,30.681818181818183
Shathira Jakir,46,14,30.434782608695652
Sultana Yesmin,46,14,30.434782608695652
CC Dalton,79,24,30.379746835443036
AM Samad,43,13,30.232558139534884
TN de Grooth,73,22,30.136986301369863
PW Borren,73,22,30.136986301369863
ES Szwarczynski,73,22,30.136986301369863
AN Kervezee,73,22,30.136986301369863
Mudassar Bukhari,73,22,30.136986301369863
RN ten Doeschate,73,22,30.136986301369863
TLW Cooper,73,22,30.136986301369863
AF Buurman,73,22,30.136986301369863
P Molkenboer,80,24,30.0
Dilara Akter,60,18,30.0
LP van Troost,87,26,29.885057471264368
KJJ van Noortwijk,87,26,29.885057471264368
B Zuiderent,87,26,29.885057471264368
TBM de Leede,87,26,29.885057471264368
E Schiferli,87,26,29.885057471264368
JF Kloppenburg,87,26,29.885057471264368
PRP Boissevain,77,23,29.87012987012987
Musa Ahmed,84,25,29.761904761904763
HDJ Siegers,81,24,29.62962962962963
SL Kalis,81,24,29.62962962962963
SJ Myburgh,78,23,29.487179487179485
F Overdijk,85,25,29.41176470588235
B de Leede,85,25,29.41176470588235
C de Lange,85,25,29.41176470588235
I van der Woning,85,25,29.41176470588235
S Siegers,85,25,29.41176470588235
RM van Oosterom,85,25,29.41176470588235
J Post,85,25,29.41176470588235
IJR Zwilling,85,25,29.41176470588235
R Rijke,85,25,29.41176470588235
AS van Beuge,85,25,29.41176470588235
EN Lynch,85,25,29.41176470588235
J Smits,75,22,29.333333333333332
NA Statham,75,22,29.333333333333332
RP Lefebvre,75,22,29.333333333333332
DLS van Bunge,75,22,29.333333333333332
Tareq Aziz,48,14,29.166666666666668
R Klein,79,23,29.11392405063291
CN Ackermann,86,25,29.069767441860463
LV van Beek,86,25,29.069767441860463
AT Nidamanuru,86,25,29.069767441860463
SS McKechnie,14,4,28.571428571428573
S Jyoti,42,12,28.571428571428573
S Dhaniram,42,12,28.571428571428573
J Patraj,32,9,28.125
AL Kandappah,32,9,28.125
TC Bastiampillai,32,9,28.125
Abdul Jabbar,32,9,28.125
Mohammad Iqbal,32,9,28.125
D Soraine,32,9,28.125
D Joseph,29,8,27.586206896551722
Shahriar Hossain,40,11,27.5
Ethan D'Souza,22,6,27.272727272727273
Shahid Ahmadzai,33,9,27.272727272727273
CK Kruger,11,3,27.272727272727273
Skhawat Ali,11,3,27.272727272727273
Tabarak Dar,11,3,27.272727272727273
Lovepreet Singh,22,6,27.272727272727273
KH Butt,11,3,27.272727272727273
RW Sims,67,18,26.865671641791046
Usman Limbada,34,9,26.470588235294116
Hamza Tariq,34,9,26.470588235294116
DES Maxwell,38,10,26.31578947368421
AC Cummins,38,10,26.31578947368421
GR Codrington,38,10,26.31578947368421
AA Mulla,38,10,26.31578947368421
TMK Mawoyo,195,51,26.153846153846153
Zeeshan Siddiqi,23,6,26.08695652173913
TK Musakanda,204,53,25.980392156862745
Akhil Kumar,27,7,25.925925925925927
GM Strydom,201,52,25.870646766169155
KO Meth,210,54,25.714285714285715
DS Bajwa,39,10,25.641025641025642
T Munyonga,186,47,25.268817204301076
JAD Lawrenson,4,1,25.0
B Ward,4,1,25.0
BB Seebaran,40,10,25.0
JW Jenner,4,1,25.0
NA Greenwood,4,1,25.0
N Ifill,40,10,25.0
K Kamyuka,36,9,25.0
J Sumerauer,4,1,25.0
A Patel,40,10,25.0
H Carlyon,4,1,25.0
AM Tribe,4,1,25.0
ADR Campbell,112,28,25.0
CW Perchard,4,1,25.0
Raza-ur-Rehman,36,9,25.0
AR Pitcher,8,2,25.0
D Daesrath,36,9,25.0
KC Hodsoll,8,2,25.0
DG Blampied,4,1,25.0
JE Dunford,4,1,25.0
EJB Miles,4,1,25.0
JJ Atkinson,12,3,25.0
TJ Friend,226,56,24.778761061946902
M Shumba,179,44,24.58100558659218
GM Ewing,232,57,24.56896551724138
P Mujaji,224,55,24.553571428571427
A Flower,233,57,24.463519313304722
CB Wishart,233,57,24.463519313304722
W Mwayenga,131,32,24.427480916030536
MT Chinouya,234,57,24.358974358974358
F Kasteni,230,56,24.347826086956523
CT Mutombodzi,263,64,24.334600760456272
Qaiser Ali,37,9,24.324324324324323
SV Carlisle,136,33,24.264705882352942
KM Dabengwa,264,64,24.242424242424242
GB Brent,264,64,24.242424242424242
TS Chisoro,264,64,24.242424242424242
C Zhuwao,264,64,24.242424242424242
TS Kamunhukamwe,273,66,24.175824175824175
J Gumbie,273,66,24.175824175824175
B Muzarabani,273,66,24.175824175824175
TL Chivanga,273,66,24.175824175824175
I Kaia,273,66,24.175824175824175
LM Jongwe,273,66,24.175824175824175
T Kaitano,273,66,24.175824175824175
C Madande,273,66,24.175824175824175
WP Masakadza,273,66,24.175824175824175
CK Coventry,269,65,24.1635687732342
MA Vermeulen,265,64,24.150943396226417
A Maregwede,265,64,24.150943396226417
DD Ebrahim,265,64,24.150943396226417
ML Nkala,265,64,24.150943396226417
NB Mahwire,249,60,24.096385542168676
TV Mufambisi,249,60,24.096385542168676
T Duffin,249,60,24.096385542168676
AJ Ireland,249,60,24.096385542168676
RW Chakabva,274,66,24.087591240875913
A Mazvishaya,270,65,24.074074074074073
M Mupachikwa,270,65,24.074074074074073
E Mbofana,270,65,24.074074074074073
J Nkomo,270,65,24.074074074074073
T Granger,270,65,24.074074074074073
N Gwanzura,270,65,24.074074074074073
CT Dhururu,270,65,24.074074074074073
P Marange,270,65,24.074074074074073
M Musonda,270,65,24.074074074074073
A Ndiraya,270,65,24.074074074074073
L Tshuma,270,65,24.074074074074073
T Maruma,266,64,24.06015037593985
T Mupariwa,266,64,24.06015037593985
S Matsikenyeri,266,64,24.06015037593985
O Chare,237,57,24.050632911392405
T Taibu,275,66,24.0
CJ Chibhabha,275,66,24.0
F Mutizwa,275,66,24.0
T Muzarabani,267,64,23.970037453183522
T Marumani,242,58,23.96694214876033
BJ Bennett,242,58,23.96694214876033
T Gwandu,242,58,23.96694214876033
D Myers,242,58,23.96694214876033
R Mutumbami,276,66,23.91304347826087
V Sibanda,276,66,23.91304347826087
CS Mugeri-Tiripano,268,64,23.880597014925375
BRM Taylor,277,66,23.826714801444044
H Masakadza,277,66,23.826714801444044
E Chigumbura,277,66,23.826714801444044
SF Mire,277,66,23.826714801444044
CR Ervine,277,66,23.826714801444044
PJ Moor,277,66,23.826714801444044
EC Rainsford,261,62,23.754789272030653
MN Waller,261,62,23.754789272030653
R Murray,253,60,23.715415019762847
T Kamungozi,246,58,23.577235772357724
N M'shangwe,140,33,23.571428571428573
BB Chari,257,60,23.346303501945524
B Evans,257,60,23.346303501945524
CJ Smith,9,2,22.22222222222222
D Ravu,59,12,20.338983050847457
K Whatham,5,1,20.0
L Siaka,62,12,19.35483870967742
SK Atai,62,12,19.35483870967742
TP Ura,63,12,19.047619047619047
SI Kamea,63,12,19.047619047619047
CJA Amini,63,12,19.047619047619047
H Hiri,63,12,19.047619047619047
G Toka,63,12,19.047619047619047
K Doriga,63,12,19.047619047619047
CA Soper,63,12,19.047619047619047
A Vala,63,12,19.047619047619047
N Vanua,63,12,19.047619047619047
S Bau,63,12,19.047619047619047
A Nao,63,12,19.047619047619047
J Kila,58,11,18.96551724137931
D Bau,54,10,18.51851851851852
JB Reva,49,9,18.367346938775512
MD Dai,49,9,18.367346938775512
VV Morea,49,9,18.367346938775512
RJ Trott,11,2,18.181818181818183
JJ Celestine,11,2,18.181818181818183
Melanie Ani,33,6,18.181818181818183
L Rajadurai,33,6,18.181818181818183
J Edness,11,2,18.181818181818183
V Araa,56,10,17.857142857142858
K Frank,56,10,17.857142857142858
GP Tom,56,10,17.857142857142858
P Siaka,56,10,17.857142857142858
V Buruka,56,10,17.857142857142858
S Jimmy,56,10,17.857142857142858
N Vare,56,10,17.857142857142858
T Ruma,56,10,17.857142857142858
B Tau,56,10,17.857142857142858
I Toua,56,10,17.857142857142858
HJ Thomas,56,10,17.857142857142858
SD Outerbridge,12,2,16.666666666666668
IH Romaine,12,2,16.666666666666668
OL Pitcher,12,2,16.666666666666668
JNT Vare,42,7,16.666666666666668
DA Minors,12,2,16.666666666666668
HGV Vare,47,7,14.893617021276595
A Shamshudeen,15,2,13.333333333333334
Aaditya Varadarajan,11,1,9.090909090909092
Ankur Sharma,1,0,0.0
Simandeep Singh,2,0,0.0
