player_name,Total_Wickets_Taken,Total_Runs_Conceded,Runs_Conceded_Per_Wicket
Mohammad Yousuf,1,0,0.0
SIR Dunkley,1,1,1.0
K Sonavale,2,4,2.0
RK Singh,1,2,2.0
JI Rodrigues,5,13,2.6
HE van der Dussen,1,3,3.0
DC Thomas,2,11,5.5
J Logtenberg,3,18,6.0
C Viljoen,2,14,7.0
SA Fritz,5,38,7.6
DSK Madushanka,3,26,8.666666666666666
S Horley,9,80,8.88888888888889
K Kamyuka,5,48,9.6
SJ Tsukigawa,2,20,10.0
P Molkenboer,1,10,10.0
GH O'Brien,3,32,10.666666666666666
SM Benade,4,43,10.75
O Kamchomphu,15,162,10.8
SD Outerbridge,1,11,11.0
S Laomi,16,176,11.0
S Tippoch,9,100,11.11111111111111
KD Shah,7,79,11.285714285714286
Shakeel Ahmed,17,193,11.352941176470589
SC Kuggeleijn,5,62,12.4
AE Smith,4,51,12.75
T Putthawong,18,230,12.777777777777779
AH Maqsood,20,257,12.85
B Siddharth,2,26,13.0
Sufiyan Muqeem,4,53,13.25
S Jimmy,17,230,13.529411764705882
DM Kimmince,7,96,13.714285714285714
CD de Lange,15,211,14.066666666666666
IJR Zwilling,29,415,14.310344827586206
S Sriram,3,43,14.333333333333334
SE Aley,2,29,14.5
S Molineux,23,339,14.73913043478261
BJ Currie,18,266,14.777777777777779
IR Bell,6,89,14.833333333333334
Saeed Anwar,1,15,15.0
T Ruma,2,30,15.0
K Klein,17,266,15.647058823529411
A Ndiraya,1,16,16.0
HRA Rainey,9,145,16.11111111111111
K Fraser,9,145,16.11111111111111
G Singh,6,97,16.166666666666668
S Bhari,15,246,16.4
N Boochatham,10,165,16.5
P Siaka,5,83,16.6
MK Villiers,5,83,16.6
Pargat Singh,5,84,16.8
KE Bryce,6,101,16.833333333333332
C Sakariya,2,34,17.0
J Overton,1,17,17.0
DJ Malan,1,17,17.0
TJ Heggelman,2,34,17.0
RL Haynes,2,34,17.0
OEG Baartman,6,103,17.166666666666668
J Nkomo,25,431,17.24
JL Jonassen,136,2375,17.46323529411765
Tareq Aziz,2,35,17.5
W Sutherland,2,35,17.5
RJ Trott,9,158,17.555555555555557
S Dhaniram,23,408,17.73913043478261
GM Harris,8,144,18.0
G Malla,1,18,18.0
Wasim Akram,12,216,18.0
Z James,13,235,18.076923076923077
S Lamichhane,120,2185,18.208333333333332
JA Clarkson,4,73,18.25
R Rijke,6,110,18.333333333333332
Z Groenewald,6,110,18.333333333333332
P Maya,9,165,18.333333333333332
Mohammad Aadil Alam,9,166,18.444444444444443
GT Main,33,609,18.454545454545453
Ehsanul Haque,2,37,18.5
KR Sen,2,37,18.5
NE Bolton,2,37,18.5
RTM Mendis,4,74,18.5
BJ McMullen,39,724,18.564102564102566
D Parashar,5,93,18.6
SK Dolawatte,3,56,18.666666666666668
A Athanaze,1,19,19.0
Nestor Dhamba,11,210,19.09090909090909
LM Kasperek,57,1091,19.140350877192983
PA Desai,6,115,19.166666666666668
C Abel,5,96,19.2
NR Kirton,4,77,19.25
V Krishnamurthy,3,58,19.333333333333332
RD Chahar,3,58,19.333333333333332
CR Seneviratna,12,234,19.5
AM Peterson,19,371,19.526315789473685
SL Quintyne,9,176,19.555555555555557
JF Kloppenburg,7,138,19.714285714285715
S Ismail,142,2821,19.866197183098592
AS van Beuge,8,159,19.875
TH David,1,20,20.0
M van Jaarsveld,1,20,20.0
A Gardner,103,2068,20.07766990291262
V Araa,11,221,20.09090909090909
Z Mali,4,81,20.25
A Flintoff,132,2682,20.318181818181817
JJ Smit,39,794,20.358974358974358
Simi Singh,30,615,20.5
KE Ebrahim,4,83,20.75
Kaleem Sana,27,561,20.77777777777778
STR Binny,21,440,20.952380952380953
JM Willathgamuwa,3,63,21.0
Akhil Kumar,4,84,21.0
MMA Jonkman,1,21,21.0
HHC Gunaratne,8,169,21.125
BM Scholtz,70,1479,21.12857142857143
Arshdeep Singh,14,296,21.142857142857142
HC Knight,48,1020,21.25
LN Rajbanshi,42,893,21.261904761904763
C Sutthiruang,7,149,21.285714285714285
J Sumerauer,10,213,21.3
Ebadat Hossain,21,453,21.571428571428573
AR Caddick,18,389,21.61111111111111
Sadia Iqbal,31,671,21.64516129032258
G Fontenla,3,65,21.666666666666668
JM Kerr,55,1194,21.70909090909091
AM Bacher,3,66,22.0
L Vincent,1,22,22.0
Imran Farhat,2,44,22.0
M du Preez,1,22,22.0
AG Wharf,18,403,22.38888888888889
DJ Mitchell,13,293,22.53846153846154
NW Bracken,168,3792,22.571428571428573
JN Loftie-Eaton,22,498,22.636363636363637
N Niranjana,15,340,22.666666666666668
DJS Dottin,53,1209,22.81132075471698
Mominul Haque,6,137,22.833333333333332
TBM de Leede,18,413,22.944444444444443
RL Bhudia,1,23,23.0
A Neill,15,345,23.0
A Martin,13,300,23.076923076923077
LL Tsotsobe,102,2360,23.137254901960784
SW Tait,66,1533,23.227272727272727
WW Hinds,22,515,23.40909090909091
AD Janakanthymala,2,47,23.5
R Trumpelmann,56,1324,23.642857142857142
EN Lynch,15,355,23.666666666666668
M Kapp,133,3154,23.714285714285715
Q Joseph,16,380,23.75
JH Davey,26,618,23.76923076923077
A Khaka,129,3067,23.775193798449614
RK Paudel,10,238,23.8
F Overdijk,11,262,23.818181818181817
Mohammad Wasim,36,858,23.833333333333332
S Luus,84,2006,23.88095238095238
JL Ontong,1,24,24.0
TK Patel,5,120,24.0
Khaled Ahmed,3,72,24.0
Fariha Trisna,6,144,24.0
H Durham,2,48,24.0
Imran Tahir,180,4325,24.02777777777778
KIC Asalanka,16,388,24.25
K Bhurtel,12,292,24.333333333333332
GF Linde,3,73,24.333333333333332
A Patel,3,73,24.333333333333332
Karan KC,81,1972,24.34567901234568
DNT Zoysa,23,560,24.347826086956523
T Muzarabani,8,195,24.375
Shorna Akter,7,171,24.428571428571427
DW Steyn,212,5202,24.537735849056602
RR Sarwan,16,393,24.5625
MJ Henry,155,3810,24.580645161290324
MG Johnson,243,5977,24.596707818930042
SP Narine,99,2445,24.696969696969695
CW Perchard,7,174,24.857142857142858
RM Haq,27,673,24.925925925925927
AI Chudasama,10,250,25.0
MJ Guptill,4,100,25.0
FL Mackay,19,475,25.0
ASS Fletcher,61,1526,25.016393442622952
M Prasidh Krishna,30,756,25.2
AR White,10,253,25.3
Zahoor Khan,95,2407,25.33684210526316
Kuldeep Yadav,173,4400,25.433526011560694
PWH de Silva,85,2164,25.458823529411763
AR Cusack,34,866,25.470588235294116
CM Edwards,2,51,25.5
CM McBride,4,102,25.5
NJ Carey,20,511,25.55
SSB Magala,15,384,25.6
LMM Tahuhu,98,2511,25.622448979591837
Haris Rauf,79,2029,25.68354430379747
N de Klerk,53,1362,25.69811320754717
Rumana Ahmed,26,669,25.73076923076923
UDU Chandana,38,978,25.736842105263158
IDR Bradshaw,69,1777,25.753623188405797
Waqar Younis,7,181,25.857142857142858
D Gough,58,1504,25.93103448275862
S Gajnabi,5,130,26.0
TM Odoyo,45,1172,26.044444444444444
JN Frylinck,36,938,26.055555555555557
AR Adams,28,730,26.071428571428573
S Nisansala,8,209,26.125
I Toua,11,288,26.181818181818183
OA Shah,7,184,26.285714285714285
MF Maharoof,118,3113,26.38135593220339
AJ Tye,15,396,26.4
A Mohammed,58,1533,26.43103448275862
CA Soper,67,1774,26.47761194029851
AC Botha,16,424,26.5
HK Badani,2,53,26.5
TD Smartt,12,319,26.583333333333332
D Hazell,34,904,26.58823529411765
HK Matthews,83,2210,26.626506024096386
LA Marsh,53,1414,26.67924528301887
S Siegers,9,243,27.0
S Thuraisingam,6,162,27.0
DS Bajwa,1,27,27.0
JM Davison,19,513,27.0
MG Erasmus,34,921,27.08823529411765
Shaiman Anwar,5,136,27.2
AA Paradkar,9,245,27.22222222222222
Soumya Sarkar,20,545,27.25
A Capsey,8,218,27.25
R Rampaul,115,3136,27.269565217391303
JDF Vandersay,40,1091,27.275
TG Norris,7,191,27.285714285714285
HJ Thomas,9,246,27.333333333333332
J Jarvis,7,192,27.428571428571427
Washington Sundar,23,631,27.434782608695652
Sompal Kami,79,2168,27.443037974683545
JB Reva,6,165,27.5
OC McCoy,4,110,27.5
Fatima Sana,59,1626,27.559322033898304
GA Rogers,5,138,27.6
TL Best,36,994,27.61111111111111
DJ Bravo,193,5330,27.616580310880828
HM Rowe,58,1603,27.637931034482758
V Sukumaran,3,83,27.666666666666668
R Ntozakhe,21,582,27.714285714285715
Nashra Sandhu,87,2413,27.735632183908045
SL Malinga,343,9518,27.749271137026238
Junaid Siddique,77,2137,27.753246753246753
AA Alleyne,30,834,27.8
KW Richardson,45,1251,27.8
KS Lokuarachchi,18,503,27.944444444444443
MA Leask,64,1789,27.953125
Aayan Afzal Khan,43,1202,27.953488372093023
DS Airee,46,1287,27.97826086956522
Zafar Gohar,2,56,28.0
P Roy,1,28,28.0
KC Hodsoll,1,28,28.0
L Lee,2,56,28.0
SSD Arachchige,1,28,28.0
H Thaker,22,617,28.045454545454547
SM Sharif,89,2497,28.0561797752809
A Vala,47,1320,28.085106382978722
WD Parnell,110,3090,28.09090909090909
MM Patel,93,2614,28.107526881720432
WPUJC Vaas,118,3317,28.110169491525422
A Codrington,6,169,28.166666666666668
G Sultana,12,338,28.166666666666668
IK Pathan,156,4419,28.326923076923077
EA Perry,83,2352,28.337349397590362
SI Kamea,28,797,28.464285714285715
AJ Hosein,60,1709,28.483333333333334
Qanita Jalil,6,171,28.5
KAJ Roach,132,3775,28.598484848484848
FR Davies,11,316,28.727272727272727
Jubair Hossain,4,115,28.75
DT Christian,21,605,28.80952380952381
AE Satterthwaite,29,839,28.93103448275862
Ali Naseer,23,667,29.0
SW Currie,3,87,29.0
N Pooran,6,174,29.0
SD Udal,1,29,29.0
DT Johnston,39,1133,29.05128205128205
Kashif Daud,17,495,29.11764705882353
A Mazvishaya,12,350,29.166666666666668
U Bhatti,12,350,29.166666666666668
A Nehra,115,3363,29.243478260869566
EJB Miles,4,117,29.25
PJ Ongondo,34,995,29.264705882352942
AB de Villiers,7,205,29.285714285714285
NA de Groot,3,88,29.333333333333332
Mahedi Hasan,15,441,29.4
Kushal Malla,26,766,29.46153846153846
M Dillon,25,737,29.48
S Sreesanth,81,2388,29.48148148148148
Tushar Imran,2,59,29.5
SS Weerakkody,28,826,29.5
PT Collins,12,354,29.5
SR Watson,162,4780,29.506172839506174
KP Meiyappan,38,1123,29.55263157894737
M Klaas,77,2277,29.571428571428573
GR Codrington,9,267,29.666666666666668
Nizakat Khan,3,89,29.666666666666668
AD Mathews,137,4068,29.693430656934307
MD Dai,13,387,29.76923076923077
Tanzim Hasan Sakib,14,417,29.785714285714285
WB Rankin,67,1996,29.791044776119403
AC Kerr,97,2891,29.804123711340207
BM Halliday,7,209,29.857142857142858
CN Ackermann,15,448,29.866666666666667
Shoriful Islam,46,1379,29.97826086956522
AJ Turner,2,60,30.0
MK Tiwary,5,150,30.0
H Graham,1,30,30.0
RJ Peterson,76,2280,30.0
CL White,11,331,30.09090909090909
Hasan Mahmud,29,873,30.103448275862068
AF Giles,38,1144,30.105263157894736
SI Mahmood,38,1145,30.13157894736842
DLS van Bunge,6,181,30.166666666666668
B Shikongo,25,755,30.2
KK Ahmed,14,423,30.214285714285715
JF Mooney,37,1119,30.243243243243242
O Chare,3,91,30.333333333333332
WK McCallan,14,425,30.357142857142858
Saad Bin Zafar,25,760,30.4
ST Jayasuriya,105,3194,30.419047619047618
IECM Wong,4,122,30.5
Rohan Mustafa,87,2654,30.50574712643678
Sohag Gazi,24,736,30.666666666666668
P Marange,10,307,30.7
Syed Rasel,53,1634,30.830188679245282
Kabir Ali,21,648,30.857142857142858
B Evans,17,525,30.88235294117647
Wasim Ali,1,31,31.0
GM Ewing,6,186,31.0
A Balbirnie,1,31,31.0
RA Lewis,1,31,31.0
AD Russell,72,2235,31.041666666666668
RP Singh,80,2487,31.0875
Gulsan Jha,30,937,31.233333333333334
AL Phehlukwayo,96,3003,31.28125
HDRL Thirimanne,3,94,31.333333333333332
Shariz Ahmad,19,596,31.36842105263158
Umran Malik,13,408,31.384615384615383
T Mupariwa,39,1225,31.41025641025641
PP Ojha,21,660,31.428571428571427
R Ashwin,166,5228,31.49397590361446
Pratika Rawal,2,63,31.5
DPMD Jayawardene,2,63,31.5
RP Lefebvre,4,126,31.5
SMSM Senanayake,60,1892,31.533333333333335
S Rana,26,820,31.53846153846154
UT Yadav,116,3659,31.54310344827586
AR Patel,67,2117,31.597014925373134
GP Tom,4,127,31.75
MDK Perera,13,413,31.76923076923077
I Ranaweera,62,1975,31.85483870967742
CH Gayle,112,3569,31.866071428571427
TS Chisoro,12,383,31.916666666666668
DN Wyatt,14,447,31.928571428571427
E Otieno,15,479,31.933333333333334
MS Dhoni,1,32,32.0
EL Lamb,3,96,32.0
SG Whittingham,6,192,32.0
BCJ Cutting,5,160,32.0
Mudassar Bukhari,16,515,32.1875
W O'Rourke,8,258,32.25
TT Bresnan,120,3879,32.325
TB Sole,9,291,32.333333333333336
LV van Beek,50,1619,32.38
TS Sekhukhune,27,875,32.407407407407405
Umaima Sohail,18,584,32.44444444444444
JD Ryder,11,357,32.45454545454545
M van Lingen,2,65,32.5
SA Campbelle,4,130,32.5
S Randiv,38,1240,32.63157894736842
RN ten Doeschate,20,654,32.7
Mashrafe Mortaza,227,7441,32.779735682819386
L Tshuma,10,328,32.8
Mehedi Hasan Miraz,107,3511,32.81308411214953
SO Tikolo,28,919,32.82142857142857
AB Kaur,6,197,32.833333333333336
Saqlain Mushtaq,4,132,33.0
TT Samaraweera,1,33,33.0
JR Hopes,73,2414,33.06849315068493
I Wardlaw,18,596,33.111111111111114
L Balaji,28,928,33.142857142857146
B Muzarabani,54,1794,33.22222222222222
O Thomas,30,998,33.266666666666666
SR Thompson,10,333,33.3
MS Panesar,30,1000,33.333333333333336
MJ Clarke,56,1868,33.357142857142854
CA Henry,33,1105,33.484848484848484
NR Kumar,2,67,33.5
DEM Carter,8,268,33.5
N Vanua,56,1880,33.57142857142857
Abdul Razzaq,110,3694,33.58181818181818
L Klusener,12,403,33.583333333333336
LHD Dilhara,3,101,33.666666666666664
DN Wellalage,27,909,33.666666666666664
SMA Priyanjan,7,236,33.714285714285715
Usama Mir,15,507,33.8
J Kila,6,203,33.833333333333336
Javeria Khan,8,271,33.875
MKDI Amerasinghe,10,339,33.9
SPD Smith,29,985,33.96551724137931
LPC Silva,1,34,34.0
TS Roland-Jones,1,34,34.0
Raza Hasan,2,68,34.0
T Maruma,6,204,34.0
O Prendergast,18,616,34.22222222222222
PP Chawla,33,1131,34.27272727272727
H Deol,2,69,34.5
RK Kleinveldt,12,415,34.583333333333336
TK Curran,38,1315,34.60526315789474
C de Lange,12,416,34.666666666666664
JA Morkel,50,1736,34.72
Yuvraj Singh,99,3438,34.72727272727273
PA de Silva,14,487,34.785714285714285
SFM Devine,55,1914,34.8
D Joseph,5,174,34.8
M Kartik,30,1048,34.93333333333333
R Slater,1,35,35.0
BA Langston,2,70,35.0
Mohammad Nawaz (3),17,595,35.0
JA Turner,2,70,35.0
CS Terblanche,1,35,35.0
RML Taylor,11,386,35.09090909090909
Mohammad Hasnain,20,705,35.25
JO Holder,162,5712,35.25925925925926
V Buruka,3,106,35.333333333333336
KA Pollard,59,2086,35.355932203389834
MC Henriques,10,354,35.4
PA Chatterji,8,284,35.5
DR Smith,53,1888,35.62264150943396
Mohammad Hafeez,142,5081,35.78169014084507
CR Brathwaite,46,1647,35.80434782608695
Nida Dar,62,2224,35.87096774193548
PD Collingwood,96,3444,35.875
KM Jadhav,28,1005,35.892857142857146
AAP Atkinson,11,395,35.90909090909091
MR Marsh,57,2047,35.91228070175438
V Sehwag,58,2083,35.91379310344828
GB Brent,25,900,36.0
S Mandhana,1,36,36.0
RC Irani,8,288,36.0
EJ Villani,6,216,36.0
Afif Hossain,3,108,36.0
HH Pandya,81,2919,36.03703703703704
CL Tryon,40,1445,36.125
P Vastrakar,29,1049,36.172413793103445
A Nao,20,724,36.2
D Langford-Smith,10,362,36.2
JDS Neesham,71,2573,36.23943661971831
JG Bethell,4,145,36.25
JP Behrendorff,16,581,36.3125
CJ Jordan,47,1708,36.340425531914896
DJ Hussey,19,694,36.526315789473685
Avesh Khan,9,330,36.666666666666664
J Botha,77,2839,36.87012987012987
SKW Kelly,2,74,37.0
Saud Shakeel,1,37,37.0
LE Milliken,1,37,37.0
G Toka,3,111,37.0
D Elgar,2,74,37.0
Jatinder Singh,1,37,37.0
KJ O'Brien,60,2221,37.016666666666666
NB Mahwire,8,297,37.125
S Dhakal,4,149,37.25
YK Pathan,37,1379,37.270270270270274
Vikramjit Singh,7,261,37.285714285714285
C Green,21,788,37.523809523809526
S Matsikenyeri,15,563,37.53333333333333
RS Bopara,41,1546,37.707317073170735
Asmavia Iqbal,27,1019,37.74074074074074
ID Blackwell,15,567,37.8
SZ Thakor,10,378,37.8
S Bau,13,492,37.84615384615385
Shafali Verma,2,76,38.0
D Soraine,1,38,38.0
JM Vince,1,38,38.0
H Hiri,3,114,38.0
J Patraj,2,76,38.0
Sania Khan,2,76,38.0
M Vijay,1,38,38.0
AC Jayangani,34,1295,38.088235294117645
MA Aponso,10,381,38.1
GC Tonge,6,229,38.166666666666664
SF Mire,11,420,38.18181818181818
AJ Ireland,16,612,38.25
NG Smith,6,230,38.333333333333336
MD Shanaka,22,844,38.36363636363637
AM Hardie,7,269,38.42857142857143
K Mahato,2,77,38.5
BMAJ Mendis,31,1199,38.67741935483871
LM Jongwe,28,1083,38.67857142857143
RW Staple,2,78,39.0
S Immadi,4,156,39.0
Diana Baig,43,1683,39.13953488372093
SC Ganguly,22,864,39.27272727272727
G Kodali,7,275,39.285714285714285
CJA Amini,33,1298,39.333333333333336
A van der Merwe,2,79,39.5
PLS Gamage,10,397,39.7
HN Ya France,14,556,39.714285714285715
CS Fraser,9,358,39.77777777777778
AC Voges,6,240,40.0
Mohammad Nawaz,21,843,40.142857142857146
CG Williams,5,201,40.2
E Chigumbura,88,3551,40.35227272727273
Khushdil Shah,3,122,40.666666666666664
RP Arnold,8,326,40.75
PKD Chase,19,776,40.8421052631579
Iram Javed,1,41,41.0
RT Lyons,1,41,41.0
KHRK Fernando,1,41,41.0
R Klein,12,496,41.333333333333336
E Schiferli,8,331,41.375
Agha Salman,15,622,41.46666666666667
Bismah Maroof,12,498,41.5
HDRS Silva,2,83,41.5
KO Meth,10,416,41.6
GD Phillips,13,541,41.61538461538461
T Kamungozi,12,500,41.666666666666664
JP Duminy,74,3094,41.810810810810814
TMM Newton,6,251,41.833333333333336
KDU Prabodhani,27,1130,41.851851851851855
HASD Siriwardene,32,1341,41.90625
I Udana,22,928,42.18181818181818
TM Head,25,1062,42.48
AT Rayudu,3,128,42.666666666666664
JN Mohammed,8,342,42.75
Shahbaz Ahmed,3,129,43.0
Nahid Rana,2,86,43.0
MP Stoinis,48,2067,43.0625
KM Dabengwa,15,647,43.13333333333333
RD Berrington,15,647,43.13333333333333
NJ Astle,8,346,43.25
TM Dilshan,97,4197,43.2680412371134
Mahmudullah,83,3605,43.433734939759034
SK Raina,42,1832,43.61904761904762
Nasum Ahmed,14,613,43.785714285714285
MO Odumbe,7,307,43.857142857142854
SW Bates,25,1098,43.92
MM Lanning,1,44,44.0
Imad Wasim,44,1936,44.0
J Mubarak,1,44,44.0
RR Rossouw,1,44,44.0
D Bishoo,38,1675,44.078947368421055
AC Agar,22,970,44.09090909090909
GJ Maxwell,78,3441,44.11538461538461
AB Dinda,14,618,44.142857142857146
DJG Sammy,87,3842,44.160919540229884
Mukesh Kumar,5,221,44.2
MM Ali,119,5303,44.563025210084035
MM Penfold,10,447,44.7
MN Samuels,66,2952,44.72727272727273
NE Farrant,4,179,44.75
F Hand,1,45,45.0
Tanvir Ahmed,1,45,45.0
N Mlaba,24,1083,45.125
Muhammad Jawadullah,7,316,45.142857142857146
AC Cummins,4,181,45.25
SS Pathirana,16,724,45.25
FC Jonas,18,820,45.55555555555556
Haris Sohail,13,593,45.61538461538461
AR Nurse,44,2009,45.65909090909091
SF Daley,9,411,45.666666666666664
JWM Dalrymple,15,686,45.733333333333334
A Sharma,4,183,45.75
WG Jacks,5,229,45.8
SR Tendulkar,31,1420,45.806451612903224
CJ Chibhabha,30,1379,45.96666666666667
KP Pietersen,8,368,46.0
K Birkenstock,5,230,46.0
HDPK Dharmasena,6,277,46.166666666666664
B Ward,4,186,46.5
AM Samad,2,93,46.5
GH Lewis,8,373,46.625
JI de Villiers,3,140,46.666666666666664
TL Chivanga,4,187,46.75
WP Masakadza,22,1030,46.81818181818182
MD Gunathilaka,8,375,46.875
Javeria Rauf,1,47,47.0
RR Hendricks,1,47,47.0
TLW Cooper,6,282,47.0
PR Stirling,26,1227,47.19230769230769
G Onions,4,189,47.25
M Labuschagne,6,284,47.333333333333336
EC Rainsford,17,805,47.35294117647059
MP Vaughan,9,429,47.666666666666664
BMSM Kumari,18,872,48.44444444444444
P Khadka,4,194,48.5
RG Sharma,11,538,48.90909090909091
Joginder Sharma,1,50,50.0
E Mbofana,5,250,50.0
MT Chinouya,1,50,50.0
TS Nethula,5,250,50.0
JL Pattinson,13,652,50.15384615384615
D Ravu,10,503,50.3
H Patel,2,102,51.0
L Siaka,3,153,51.0
CP Rizwan,1,51,51.0
K Gowtham,1,51,51.0
BJ Hodge,1,51,51.0
H Karunaratne,2,103,51.5
AJ Finch,5,259,51.8
LC Romero,1,52,52.0
RK Whelan,2,105,52.5
MH Yardy,20,1052,52.6
S Prasanna,33,1742,52.78787878787879
K Phillip,3,159,53.0
H Masakadza,22,1174,53.36363636363637
LJ Wright,17,910,53.529411764705884
CJ Metcalfe,5,268,53.6
SE Rutherford,3,161,53.666666666666664
C Munro,9,483,53.666666666666664
Azhar Mahmood,6,324,54.0
Faisal Hossain,1,54,54.0
RD Steede,1,54,54.0
PM Liyanagamage,5,271,54.2
CT Mutombodzi,5,271,54.2
DR Brown,3,163,54.333333333333336
SA Millanta,3,164,54.666666666666664
O Bell,3,164,54.666666666666664
R MacDonald-Gay,1,55,55.0
Qaiser Ali,1,55,55.0
MN Waller,9,497,55.22222222222222
IM Vaghela,4,221,55.25
Zahid Mahmood,4,221,55.25
MW Machan,4,223,55.75
NE Bonner,1,56,56.0
DO Leicher,1,56,56.0
T Granger,2,112,56.0
SC Meaker,2,113,56.5
Mosaddek Hossain,16,904,56.5
Ehsan Adil,4,229,57.25
F Behardien,12,694,57.833333333333336
MR Swart,2,116,58.0
IJL Trott,3,174,58.0
D Gamage,1,59,59.0
Nazmul Hossain Shanto,1,59,59.0
MEK Hussey,4,237,59.25
C Prathyusha,1,60,60.0
J Yadav,1,61,61.0
KE Broadmore,1,61,61.0
Zulfiqar Babar,4,247,61.75
Aliya Riaz,13,806,62.0
Marina Iqbal,1,62,62.0
GJ Delany,6,374,62.333333333333336
ML Nkala,5,315,63.0
Bilawal Bhatti,7,448,64.0
CA Reid,1,64,64.0
Lata Mondal,2,129,64.5
A Ashok,1,65,65.0
Azhar Ali,4,262,65.5
Shoaib Khan,2,131,65.5
Kainat Imtiaz,7,465,66.42857142857143
V Sibanda,4,267,66.75
N Shangase,6,404,67.33333333333333
JW Wilson,1,68,68.0
TJ Friend,1,69,69.0
BRM Taylor,4,279,69.75
B Fernando,2,140,70.0
I van der Woning,2,140,70.0
Ahmed Shehzad,2,140,70.0
HR Johnson,1,70,70.0
H Carlyon,2,141,70.5
L Cheatle,2,142,71.0
AK Peters,1,72,72.0
SG Borthwick,1,72,72.0
S Nitschke,1,73,73.0
BR Dorey,2,147,73.5
Aarif Sheikh,8,589,73.625
PW Borren,6,442,73.66666666666667
RS Gavaskar,1,74,74.0
HT Tector,2,149,74.5
ME Trescothick,2,149,74.5
IH Romaine,1,75,75.0
JS Ababu,1,75,75.0
NND de Silva,3,228,76.0
DR Martyn,1,78,78.0
HL Baker,1,78,78.0
Shaila Sharmin,1,79,79.0
CS MacLeod,8,635,79.375
MG Neser,3,239,79.66666666666667
VS Solanki,1,80,80.0
LP van Troost,1,82,82.0
R Malhotra,1,82,82.0
N M'shangwe,2,165,82.5
M Levitt,1,83,83.0
PRCS Kumarihami,3,255,85.0
W Mwayenga,1,86,86.0
R Powell,3,261,87.0
SHT Kandamby,2,175,87.5
N Dutta,2,177,88.5
CK Hooper,1,89,89.0
D Devnarain,1,91,91.0
N Deonarine,4,368,92.0
SM Kavanagh,1,92,92.0
SP de Alwis,1,93,93.0
Shahid Ahmadzai,1,94,94.0
Waheed Ahmed,1,94,94.0
Aftab Ahmed,4,379,94.75
JP Greaves,1,95,95.0
F du Plessis,2,191,95.5
V Kohli,7,681,97.28571428571429
JL Denly,1,101,101.0
SACA King,2,204,102.0
TJG Pringle,2,222,111.0
Fakhar Zaman,1,112,112.0
DE Budge,1,112,112.0
KH Pandya,2,224,112.0
Sabbir Rahman,3,337,112.33333333333333
RN Bhatia,3,337,112.33333333333333
CK Kapugedera,2,226,113.0
MJ Humphreys,1,113,113.0
Raza-ur-Rehman,1,114,114.0
Hasibul Hossain,1,121,121.0
Mosharraf Hossain,1,124,124.0
MP O'Dowd,1,129,129.0
KJ Coetzer,1,132,132.0
BB Seebaran,1,132,132.0
A Bosch,1,134,134.0
MW Short,1,162,162.0
Yasir Arafat,2,327,163.5
LMP Simmons,1,172,172.0
PJC Hoffmann,1,177,177.0
TCB Fernando,1,182,182.0
PRP Boissevain,1,192,192.0
Younis Khan,1,217,217.0
KC Sangakkara,0,0,
LRPL Taylor,0,35,
HM Amla,0,0,
Tamim Iqbal,0,13,
Mushfiqur Rahim,0,0,
RT Ponting,0,0,
EJG Morgan,0,0,
S Dhawan,0,0,
Q de Kock,0,0,
DA Warner,0,8,
WU Tharanga,0,0,
Babar Azam,0,0,
BB McCullum,0,0,
JC Buttler,0,0,
SD Hope,0,0,
G Gambhir,0,13,
Misbah-ul-Haq,0,30,
DA Miller,0,0,
AC Gilchrist,0,0,
JJ Roy,0,0,
TWM Latham,0,0,
L Wolvaardt,0,0,
ML Hayden,0,0,
TT Beaumont,0,0,
BKG Mendis,0,28,
S Chanderpaul,0,20,
HH Gibbs,0,0,
AJ Strauss,0,3,
JM Bairstow,0,0,
LD Chandimal,0,0,
R Dravid,0,0,
AN Cook,0,0,
MDKJ Perera,0,0,
Umar Akmal,0,0,
GJ Bailey,0,0,
DM Bravo,0,0,
BJ Haddin,0,0,
M Raj,0,0,
AM Rahane,0,0,
Imam-ul-Haq,0,0,
T Taibu,0,20,
CR Ervine,0,0,
KL Rahul,0,0,
AJ Healy,0,0,
Kamran Akmal,0,0,
WTS Porterfield,0,0,
SE Marsh,0,0,
MV Boucher,0,0,
BL Mooney,0,0,
SS Iyer,0,39,
AD Hales,0,0,
Shubman Gill,0,25,
Sarfraz Ahmed,0,15,
Mohammad Rizwan,0,0,
Imrul Kayes,0,0,
Salman Butt,0,90,
Liton Das,0,0,
SP Fleming,0,0,
HM Nicholls,0,0,
D Ramdin,0,0,
AE Jones,0,0,
AT Carey,0,0,
MS Atapattu,0,0,
H Klaasen,0,33,
Inzamam-ul-Haq,0,0,
E Lewis,0,0,
BC Lara,0,0,
EC Joyce,0,0,
V Aravind,0,0,
P Nissanka,0,0,
MS Wade,0,0,
MD Patel,0,0,
Yousuf Youhana,0,1,
NJ O'Brien,0,0,
HG Munsey,0,0,
MH Cross,0,0,
SJ Taylor,0,0,
KD Karthik,0,0,
N Dickwella,0,0,
Sidra Ameen,0,0,
T Bavuma,0,22,
J Charles,0,12,
UT Khawaja,0,0,
SA Edwards,0,0,
Yasir Hameed,0,0,
PG Raut,0,0,
WA Young,0,0,
Aasif Sheikh,0,0,
Nasir Jamshed,0,0,
T Chetty,0,0,
SO Hetmyer,0,0,
ML Green,0,81,
WIA Fernando,0,0,
Waseem Muhammad,0,96,
L Ronchi,0,0,
Anamul Haque,0,0,
M Kaif,0,0,
Asad Shafiq,0,18,
BA King,0,0,
HH Dippenaar,0,0,
Fargana Hoque,0,0,
GC Wilson,0,0,
MJ Prior,0,0,
DP Conway,0,0,
PG Fulton,0,0,
Shahriar Nafees,0,0,
RS Morton,0,2,
TP Ura,0,12,
Raqibul Hasan,0,0,
KJ Martin,0,0,
Asif Khan,0,0,
Nahida Khan,0,12,
RW Chakabva,0,0,
S Samarawickrama,0,0,
FDM Karunaratne,0,18,
SM Katich,0,0,
KU Carty,0,28,
KH Prajapati,0,1,
C Kieswetter,0,0,
DS Smith,0,17,
JN Malan,0,0,
AJ Blackwell,0,0,
Muneeba Ali,0,0,
JM How,0,0,
RV Uthappa,0,0,
KOA Powell,0,0,
Nigar Sultana,0,0,
Habibul Bashar,0,0,
Chirag Suri,0,0,
NT Broom,0,0,
SJ Modani,0,6,
P Litchfield,0,0,
Muhammad Usman,0,0,
Ishan Kishan,0,0,
JWA Taylor,0,0,
RR Pant,0,0,
PD Salt,0,0,
TD Paine,0,0,
Rameez Shahzad,0,34,
SSJ Brooks,0,0,
CN Nation,0,9,
VVS Laxman,0,0,
PJ Hughes,0,0,
W Barresi,0,13,
JA Rudolph,0,0,
L Goodall,0,0,
Sharjeel Khan,0,0,
T Brits,0,0,
A Steyn,0,0,
A Hunter,0,0,
SA Yadav,0,17,
CA Ingram,0,17,
AG Prince,0,3,
Towhid Hridoy,0,2,
MG Bevan,0,0,
LS Greenway,0,0,
H Madavi,0,33,
GO Jones,0,0,
AT Nidamanuru,0,8,
SR Mukkamalla,0,0,
Mohammad Mithun,0,12,
B Sharki,0,8,
BM Duckett,0,0,
Kycia A Knight,0,0,
PA Patel,0,0,
RM Ghosh,0,0,
SW Billings,0,0,
ZE Green,0,0,
MS Chapman,0,0,
GWHM Perera,0,0,
YH Bhatia,0,0,
CJ Ferguson,0,0,
RH Priest,0,0,
HJH Marshall,0,0,
L Tucker,0,0,
HC Brook,0,0,
CK Coventry,0,0,
Sharmin Akhter,0,0,
MADD Surangika,0,0,
PM Weerakkody,0,0,
PSP Handscomb,0,0,
KT Perkins,0,0,
A Bagai,0,0,
Khaled Mashud,0,0,
PL Mommsen,0,0,
Kyshona A Knight,0,32,
FH Allen,0,0,
BJ Watling,0,0,
L Winfield,0,0,
MK Pandey,0,0,
DD Ebrahim,0,5,
Abdullah Shafique,0,0,
Babar Hayat,0,9,
Sandeep Goud,0,80,
L Louwrens,0,0,
Imran Nazir,0,0,
JP Inglis,0,0,
Nain Abidi,0,0,
PJ Moor,0,0,
K Doriga,0,0,
MA Vermeulen,0,0,
CD Wallace,0,0,
SV Samson,0,0,
AN Petersen,0,7,
Shayan Jahangir,0,0,
AA Obanda,0,0,
LR Down,0,0,
ME Bouchier,0,0,
RS Williams,0,0,
K Verreynne,0,0,
SW Ambris,0,0,
N Chantam,0,0,
MA Ouma,0,0,
Javed Omar,0,0,
GS Ballance,0,0,
JE Cameron,0,0,
Ghulam Shabber,0,0,
A Johnson,0,14,
Murshida Khatun,0,0,
MN van Wyk,0,0,
FC Wilson,0,0,
RD Shah,0,0,
Ayesha Zafar,0,18,
RMVD Gunaratne,0,0,
T Mishra,0,0,
MAA Sanjeewani,0,0,
AB Barath,0,0,
Suraj Kumar,0,0,
MA Jones,0,0,
CS Baugh,0,0,
T de Zorzi,0,0,
J Gumbie,0,0,
XM Marshall,0,5,
M Mupachikwa,0,0,
Asif Ali,0,9,
PJ Forrest,0,0,
MS Sinclair,0,0,
Tanzid Hasan,0,0,
CB Wishart,0,0,
DG Brownlie,0,0,
Naseem Khushi,0,0,
MDN Hansika,0,0,
MDT Kamini,0,31,
SJ Myburgh,0,0,
NV Knight,0,0,
B Cooper,0,0,
Rashid Latif,0,0,
A Flower,0,0,
I Kaia,0,22,
HP Tillakaratne,0,0,
KA Edwards,0,0,
D Khanal,0,20,
Adnan Mufti,0,0,
SA Engelbrecht,0,17,
SJ Baard,0,0,
Sidra Nawaz,0,0,
S Movva,0,0,
MR Aguilleira,0,0,
MR Meshram,0,51,
DA Gunawardene,0,0,
AK Sah,0,0,
R Mutumbami,0,0,
JP Kotze,0,0,
D la Cock,0,9,
ADS Fletcher,0,26,
Shamima Sultana,0,0,
DO Obuya,0,0,
LE Bosman,0,0,
PA Nixon,0,0,
NS Dhaliwal,0,20,
L Winfield-Hill,0,0,
C Brits,0,5,
MV Waldron,0,0,
B de Leede,0,0,
AJ Stewart,0,0,
S Chattergoon,0,30,
ES Szwarczynski,0,0,
CS Mugeri-Tiripano,0,0,
Hannan Sarkar,0,13,
SK Patel,0,0,
Moin Khan,0,0,
PS Punia,0,0,
GH Worker,0,5,
Umar Amin,0,24,
TA Blundell,0,0,
Shamsur Rahman,0,13,
B Bezuidenhout,0,0,
B Bhandari,0,0,
M Musonda,0,0,
Sadaf Shamas,0,0,
Taufeeq Umar,0,0,
R Chopra,0,0,
A Sharafu,0,0,
GE Plimmer,0,0,
R Gunasekera,0,0,
C Madande,0,0,
KO Otieno,0,0,
Amjad Ali,0,0,
JD Campbell,0,13,
R Stokell,0,0,
SM Davies,0,0,
N Chaiwai,0,5,
ML Udawatte,0,0,
Musa Ahmed,0,5,
C Tear,0,0,
D Dhingra,0,0,
GJ Hopkins,0,0,
Abid Ali,0,0,
JP Bray,0,0,
AM Tribe,0,20,
NFI McCallum,0,0,
HMD Rasangika,0,20,
NY McLean,0,0,
TM Dowlin,0,0,
CNIM Joyce,0,31,
Jahurul Islam,0,0,
S Mostary,0,56,
T Duffin,0,0,
BR McDermott,0,0,
IS Billcliff,0,0,
P Mustard,0,0,
DR Chumney,0,0,
T Stubbs,0,15,
JM Fields,0,0,
T Marumani,0,0,
DJM Short,0,117,
TK Musakanda,0,0,
NRJ Croes,0,0,
Khurram Manzoor,0,0,
HS Modi,0,0,
S Sriharsha,0,0,
Z Crawley,0,0,
Saleem Elahi,0,0,
IA Karim,0,0,
PJ Ingram,0,0,
SA Wijeratne,0,0,
PP Shaw,0,0,
A Saud,0,0,
RD Rickelton,0,0,
G Kirsten,0,0,
BB Chari,0,0,
F Mutizwa,0,0,
ND McKenzie,0,0,
CMA Shillington,0,0,
DM Richards,0,0,
JA McCollum,0,0,
B Zuiderent,0,0,
JAD Lawrenson,0,0,
IC Gaze,0,0,
S Forbes,0,17,
G Voll,0,0,
Mohammad Boota,0,11,
GM Hamilton,0,0,
SJ Bryce,0,0,
Najiha Alvi,0,0,
TSS Mackintosh,0,0,
Nurul Hasan,0,0,
MJ Lumb,0,0,
ST Doheny,0,0,
Shan Masood,0,0,
Y Venugopal Rao,0,0,
FRJ Coleman,0,0,
SJ McGlashan,0,0,
Akshay Homraj,0,0,
AGS Gous,0,0,
CJO Smith,0,0,
T Kaitano,0,0,
CMW Read,0,0,
SRH Curtis,0,0,
A Kolan,0,0,
C Zhuwao,0,21,
MB Kruger,0,0,
A Rawat,0,0,
SP Patil,0,0,
AJ Redmond,0,0,
D Ganga,0,0,
AA Mulla,0,0,
BN Cooper,0,0,
BOP Fernando,0,16,
Khalid Latif,0,0,
Nazimuddin,0,0,
BYA Mendis,0,0,
JA Burns,0,0,
K Zondo,0,0,
NC Dodd,0,0,
CO Browne,0,0,
S Jafta,0,0,
MB Loye,0,0,
HJW Gardiner,0,0,
RD Jacobs,0,0,
VV Morea,0,0,
KJJ van Noortwijk,0,0,
KNA Bandara,0,9,
TS Hasabnis,0,0,
M Bhanuka,0,0,
CT Dhururu,0,0,
ARI Umeed,0,0,
D Myers,0,0,
KA Hope,0,0,
T Bhatia,0,0,
N Vare,0,0,
CR Pagydyala,0,0,
S Verma,0,0,
T Banton,0,0,
PA Browne,0,0,
Faisal Iqbal,0,0,
JL Smith,0,0,
D Keulder,0,0,
TS Kamunhukamwe,0,0,
D Bau,0,0,
DF Watts,0,0,
Nafees Iqbal,0,0,
B Sai Sudharsan,0,8,
N Hussain,0,0,
ZE Surkari,0,0,
CE Coulter Reilly,0,0,
AR Odedara,0,0,
RS Kaluwitharana,0,0,
Dhiman Ghosh,0,0,
PA Jaques,0,0,
Usman Limbada,0,0,
B Tau,0,0,
JP Maher,0,0,
Ayasha Rahman,0,0,
AL Hodgkinson,0,0,
K Weeraratne,0,102,
N Koncharoenkai,0,0,
JW Jenner,0,0,
J Edness,0,0,
J Anderson,0,20,
BJ Patel,0,21,
Khalid Kail,0,0,
CMG Atkins,0,0,
RD Gaikwad,0,0,
S Meghana,0,0,
MA Carberry,0,12,
Jaker Ali,0,0,
L Jack,0,0,
DP Hyatt,0,0,
C Carter,0,0,
AN Kervezee,0,0,
SV Carlisle,0,0,
R Murray,0,0,
A Maregwede,0,0,
KNM Fernando,0,0,
MM English,0,0,
BA Parchment,0,0,
SR Hain,0,0,
A Minny,0,0,
SL Kalis,0,0,
HDJ Siegers,0,0,
AA Jangoo,0,0,
DA Minors,0,0,
KV Jain,0,0,
PS Athavale,0,0,
Yasir Ali Chowdhury,0,0,
Shahzaib Hasan,0,0,
R Kanoh,0,0,
CJ Bowes,0,0,
Hamza Tariq,0,0,
I Maraj,0,23,
AL Kandappah,0,4,
RA Jones,0,0,
GEF Barnett,0,0,
Sanjida Islam,0,12,
T Munyonga,0,10,
JV Harris,0,0,
GB Murgatroyd,0,0,
SK Atai,0,35,
PBB Rajapaksa,0,0,
TC Bastiampillai,0,12,
N Davin,0,0,
SE Findlay,0,0,
J Fraser-McGurk,0,0,
P Mujaji,0,0,
FL Reifer,0,0,
JJ Atkinson,0,0,
CJ Nevin,0,0,
C Hemraj,0,9,
GC Bhogle,0,0,
A Lister,0,0,
M McColl,0,0,
Rabiya Shah,0,0,
M Terblanche,0,0,
M Spoors,0,0,
E Claridge,0,0,
S Badrinath,0,0,
MJ Cosgrove,0,12,
HJ Armitage,0,0,
T Suri,0,0,
Sami Aslam,0,0,
SP Khakurel,0,0,
SC Taylor,0,0,
SP Krishnamurthi,0,26,
Ravinderpal Singh,0,0,
SC Joseph,0,0,
Utkarsh Srivastava,0,17,
KDK Vithanage,0,17,
CA Lynn,0,0,
MNK Fernando,0,22,
SW Poynter,0,0,
N Gwanzura,0,0,
U Raymond-Hoey,0,0,
DS Weerakkody,0,0,
SS McKechnie,0,0,
TP Visee,0,0,
J Smits,0,0,
BJ Bennett,0,27,
Shuvagata Hom,0,9,
Natalia Pervaiz,0,16,
K Frank,0,0,
TN de Grooth,0,0,
DR Mousley,0,17,
Tilak Varma,0,39,
Sana Javed,0,0,
GM Strydom,0,24,
SR Waters,0,0,
Sharmin Sultana,0,0,
Mehran Khan,0,89,
JR Philippe,0,0,
AD Poynter,0,0,
Batool Fatima,0,0,
PD McGlashan,0,0,
Adnan Akmal,0,0,
J Gray,0,0,
BT Foakes,0,0,
Shahid Wasif,0,0,
PJ Scholfield,0,0,
BAM Heath,0,0,
MJ Hay,0,0,
Abdul Jabbar,0,0,
Mohammad Naim,0,0,
Hammad Mirza,0,0,
M van Schoor,0,0,
TMK Mawoyo,0,0,
Tayyab Tahir,0,0,
L Sreekumar,0,0,
Akram Khan,0,0,
S Jora,0,0,
Zubayr Hamza,0,0,
FY Fazal,0,0,
J Figy John,0,0,
DES Maxwell,0,0,
CAK Walton,0,0,
AR Berenger,0,0,
K Thomson,0,39,
AK Perera,0,33,
Waqas Khan,0,0,
IR James,0,0,
CA Pujara,0,0,
WA Agar,0,44,
VR Vanitha,0,0,
MJ Bulow,0,0,
EL Watson,0,0,
SS Tiwary,0,0,
TB Robinson,0,0,
Zulqarnain Haider,0,0,
Irfan Khan,0,0,
Tasqeen Qadeer,0,0,
Steven Ryan Taylor,0,23,
KK Nair,0,0,
OV Anderson,0,0,
M Karg,0,0,
TV Mufambisi,0,0,
M De Ridder,0,0,
Tabarak Dar,0,0,
Al Sahariar,0,0,
SJ Swanepoel,0,0,
Haider Ali,0,0,
CD Cumming,0,0,
WP Saha,0,0,
KY Ottley,0,0,
Fayyaz Ahmed,0,69,
M Shumba,0,27,
CKB Kulasekara,0,82,
Aaditya Varadarajan,0,0,
JO Troughton,0,0,
RWT Key,0,0,
NA Greenwood,0,0,
JNT Vare,0,0,
C McAuslan,0,0,
J van Vliet,0,0,
Abdul Shakoor,0,0,
LDVV Silva,0,0,
RP Alexander,0,0,
TL Seifert,0,0,
Ayesha Naseem,0,0,
HM Tiffen,0,0,
A Aitken-Drummond,0,0,
Mohammad Iqbal,0,0,
PARP Perera,0,0,
JAH Marshall,0,0,
D Cleaver,0,0,
MHW Papps,0,0,
AA Deshpande,0,0,
C Jonker,0,0,
JB Nero,0,0,
D Daesrath,0,0,
Mohammad Haris,0,0,
Saqlain Haider,0,0,
RM Jariwala,0,0,
AR Pitcher,0,0,
SM Warnapura,0,0,
B Leephatthana,0,0,
M Mangru,0,9,
MF Kendal,0,22,
R Boyce,0,0,
DI Joyce,0,0,
KED Carroll,0,8,
JJ Celestine,0,0,
OL Pitcher,0,0,
CJ Smith,0,0,
AF Buurman,0,0,
Khurram Nawaz,0,0,
M Faisal,0,0,
SL Stewart,0,0,
S Naik,0,0,
Waqas Barkat,0,19,
CH van Koolwijk,0,0,
LJ Poulton,0,18,
VR Iyer,0,28,
RW Sims,0,21,
J Louw,0,50,
LK Ebsary,0,0,
Y van der Westhuizen,0,0,
J Blackwood,0,16,
SJ Massiah,0,0,
RD McCann,0,0,
RM Patidar,0,0,
Shamim Hossain,0,8,
Mohammad Salman,0,0,
JM Cox,0,0,
BP Nash,0,33,
EC Perry,0,0,
LR Naylor,0,0,
MR Johnson,0,0,
HGV Vare,0,0,
JA Simpson,0,0,
L Rajadurai,0,0,
AF Sattaur,0,0,
S Jyoti,0,0,
LR Johnson,0,0,
S Khiaoto,0,0,
CC Dalton,0,0,
Jamaluddin Ahmed,0,28,
K Whatham,0,0,
Sultan Ahmed,0,58,
DI Allan,0,13,
Skhawat Ali,0,71,
SDNS Karunaratne,0,0,
CP Jack,0,21,
J Sharma,0,0,
OO Bascome,0,0,
SP Terry,0,0,
Ankur Sharma,0,0,
SJ Andrews,0,13,
JH Desai,0,0,
Nuzhat Tasnia,0,0,
N Ifill,0,90,
F Walters,0,0,
MM Iqbal,0,45,
F Tunnicliffe,0,0,
HM Watson,0,25,
EMDY Munaweera,0,0,
I Dulani,0,0,
RM van Oosterom,0,0,
AM McCarthy,0,10,
J Post,0,0,
HD Rutherford,0,0,
ML Patel,0,0,
G Chapple,0,14,
A Valthapa,0,0,
O Davidson,0,30,
J Da Silva,0,0,
MD du Preez,0,0,
IPP Batuwitarachchi,0,0,
NK Crafton,0,0,
Usman Salahuddin,0,0,
AA Shafique,0,0,
MC Patel,0,54,
HIS Mendis,0,0,
TW Hartley,0,48,
GI Maiden,0,0,
S Daniel,0,0,
S Dhamala,0,0,
NS Poonia,0,0,
SV Bahutule,0,24,
Saad Ali,0,0,
L Wood,0,63,
RS Vandort,0,0,
JW Ogle-Thomas,0,0,
Ansh Tandon,0,0,
RO Hussain,0,0,
W Jaffer,0,0,
TR Ambrose,0,0,
VB van Jaarsveld,0,0,
Ethan D'Souza,0,0,
F Kasteni,0,0,
H Shah,0,55,
Lovepreet Singh,0,0,
D Murphy,0,0,
Faisal Athar,0,0,
Rashid Zia,0,75,
Mrittunjoy Chowdhury,0,68,
ADJ Pitcher,0,38,
BP Kruger,0,23,
SJ Elliott,0,0,
RO Hinds,0,37,
SB Bangar,0,60,
Dilara Akter,0,0,
NJ Coffey,0,0,
H Davids,0,0,
PY Lavine,0,14,
KH Butt,0,0,
RH Scholte,0,0,
GA Manou,0,0,
DG Blampied,0,78,
N Rana,0,10,
Shawaal Zulfiqar,0,0,
J Glasgow,0,9,
Naved Latif,0,0,
V Shetty,0,0,
Zeeshan Siddiqi,0,0,
NA Rock,0,0,
ADR Campbell,0,0,
D Prins,0,0,
NA Statham,0,0,
CR Foggo,0,0,
SO Dowrich,0,0,
M Commins,0,0,
SR Thadani,0,21,
JE Dunford,0,0,
MJ North,0,16,
MQ Sheikh,0,0,
Naumanullah,0,0,
RT Crandon,0,0,
NA Moodley,0,0,
Aijaz Ali,0,0,
MJ Fourie,0,52,
N Fernandes,0,0,
JN Hamilton,0,0,
Tanbir Hayder,0,67,
N Kruger,0,0,
Kaynat Hafeez,0,0,
T Gwandu,0,38,
Talha Jubair,0,73,
HAPW Jayawardene,0,0,
SD Heazlett,0,0,
A Munisar,0,9,
Rony Talukdar,0,0,
Sufyan Mehmood,0,10,
MWA van Nierop,0,0,
Muhammad Farooq,0,68,
VAB Tewarie,0,0,
Pankaj Singh,0,45,
A le Breton,0,0,
DOD Rikhi,0,0,
KA Blackwell,0,0,
HML Madushani,0,0,
Sagar Pun,0,0,
CK Kruger,0,0,
A Shamshudeen,0,24,
RJ Rolls,0,0,
LJ Hamilton,0,67,
JN Rhodes,0,0,
U Thimashini,0,0,
JNK Shannon,0,0,
D Lakshan,0,12,
Fahad Nawaz,0,0,
PG Gillespie,0,0,
KL Rolton,0,0,
Hussain Talat,0,17,
HE Whelan,0,25,
J Pashley,0,0,
Nasir Javed,0,0,
HWR Cartwright,0,0,
GJ McCarter,0,38,
Alawi Shukri,0,0,
Tharika Sewwandi,0,14,
Zakir Hasan,0,0,
Omid Shafi Rahman,0,104,
RR Ramdass,0,0,
NV Ojha,0,0,
Jannatul Ferdus,0,0,
CM Beggs,0,0,
Moniruzzaman,0,0,
MT Herbert,0,15,
RA Rolfe,0,0,
PHT Kaushal,0,25,
D Foxcroft,0,0,
Fazle Mahmud,0,16,
R Walters,0,0,
DL Blake,0,8,
TJ Bishop,0,0,
AG Puttick,0,0,
VCE Wattenberg,0,0,
LM Hoitink,0,0,
MF Fahey,0,0,
AL Watkins,0,21,
SI Galagedara,0,0,
GA Guy,0,20,
APS Lakshika,0,0,
Melanie Ani,0,0,
A Chopra,0,0,
SK Naidu,0,22,
JA Whelan,0,7,
JC Carroll,0,0,
Sumaiya Akter,0,0,
KL Tucker,0,0,
Pooja Ganesh,0,0,
CK Holder,0,26,
S Lackay,0,0,
Simandeep Singh,0,0,
Shathira Jakir,0,22,
Sultana Yesmin,0,0,
Shahriar Hossain,0,0,
Salman Faris,0,0,
Haseebullah Khan,0,0,
Syeda Aroob Shah,0,0,
