player_name,Total_Wickets_Taken,POTM_Awards
SL Malinga,343,7
MG Johnson,243,6
Mashrafe Mortaza,227,9
DW Steyn,212,6
DJ Bravo,193,9
Imran Tahir,180,4
Kuldeep Yadav,173,5
NW Bracken,168,3
R Ashwin,166,3
SR Watson,162,15
JO Holder,162,5
IK Pathan,156,5
MJ Henry,155,6
Mohammad Hafeez,142,19
S Ismail,142,7
AD Mathews,137,9
JL Jonassen,136,2
M Kapp,133,8
A Flintoff,132,9
KAJ Roach,132,3
A Khaka,129,2
S Lamichhane,120,4
TT Bresnan,120,0
MM Ali,119,5
MF Maharoof,118,6
WPUJC Vaas,118,4
UT Yadav,116,0
R Rampaul,115,2
A Nehra,115,2
CH Gayle,112,13
Abdul Razzaq,110,9
WD Parnell,110,4
Mehedi Hasan Miraz,107,5
ST Jayasuriya,105,14
A Gardner,103,4
LL Tsotsobe,102,3
SP Narine,99,6
Yuvraj Singh,99,20
LMM Tahuhu,98,0
TM Dilshan,97,24
AC Kerr,97,3
PD Collingwood,96,10
AL Phehlukwayo,96,1
Zahoor Khan,95,0
MM Patel,93,2
SM Sharif,89,2
E Chigumbura,88,6
Rohan Mustafa,87,4
DJG Sammy,87,5
Nashra Sandhu,87,0
PWH de Silva,85,4
S Luus,84,3
EA Perry,83,16
Mahmudullah,83,4
HK Matthews,83,10
HH Pandya,81,4
Karan KC,81,4
S Sreesanth,81,1
RP Singh,80,2
Haris Rauf,79,3
Sompal Kami,79,1
GJ Maxwell,78,11
J Botha,77,0
M Klaas,77,2
Junaid Siddique,77,0
RJ Peterson,76,0
JP Duminy,74,7
JR Hopes,73,2
AD Russell,72,5
JDS Neesham,71,1
BM Scholtz,70,2
IDR Bradshaw,69,2
WB Rankin,67,0
CA Soper,67,2
AR Patel,67,1
SW Tait,66,2
MN Samuels,66,12
MA Leask,64,3
I Ranaweera,62,0
Nida Dar,62,2
ASS Fletcher,61,0
KJ O'Brien,60,4
AJ Hosein,60,0
SMSM Senanayake,60,1
KA Pollard,59,4
Fatima Sana,59,2
V Sehwag,58,15
HM Rowe,58,1
A Mohammed,58,2
D Gough,58,1
MR Marsh,57,8
LM Kasperek,57,1
N Vanua,56,1
MJ Clarke,56,10
R Trumpelmann,56,2
SFM Devine,55,8
JM Kerr,55,0
B Muzarabani,54,1
Syed Rasel,53,0
N de Klerk,53,2
LA Marsh,53,1
DR Smith,53,3
DJS Dottin,53,4
JA Morkel,50,3
LV van Beek,50,1
MP Stoinis,48,1
HC Knight,48,8
CJ Jordan,47,2
A Vala,47,1
Shoriful Islam,46,0
CR Brathwaite,46,0
DS Airee,46,2
TM Odoyo,45,2
KW Richardson,45,1
Imad Wasim,44,0
AR Nurse,44,1
Diana Baig,43,0
Aayan Afzal Khan,43,3
LN Rajbanshi,42,0
SK Raina,42,11
RS Bopara,41,5
JDF Vandersay,40,1
CL Tryon,40,4
DT Johnston,39,1
BJ McMullen,39,3
JJ Smit,39,1
T Mupariwa,39,0
TK Curran,38,1
AF Giles,38,0
UDU Chandana,38,2
KP Meiyappan,38,0
D Bishoo,38,0
S Randiv,38,1
SI Mahmood,38,2
JF Mooney,37,0
YK Pathan,37,2
Mohammad Wasim,36,0
TL Best,36,0
JN Frylinck,36,3
MG Erasmus,34,5
D Hazell,34,0
AR Cusack,34,1
AC Jayangani,34,8
PJ Ongondo,34,0
PP Chawla,33,0
CJA Amini,33,2
GT Main,33,1
CA Henry,33,1
S Prasanna,33,0
HASD Siriwardene,32,0
BMAJ Mendis,31,1
SR Tendulkar,31,16
Sadia Iqbal,31,0
Gulsan Jha,30,3
O Thomas,30,2
Simi Singh,30,1
CJ Chibhabha,30,1
AA Alleyne,30,0
MS Panesar,30,0
M Prasidh Krishna,30,1
M Kartik,30,1
P Vastrakar,29,1
AE Satterthwaite,29,5
IJR Zwilling,29,0
Hasan Mahmud,29,1
SPD Smith,29,11
SO Tikolo,28,0
KM Jadhav,28,3
SI Kamea,28,0
LM Jongwe,28,0
SS Weerakkody,28,0
AR Adams,28,2
L Balaji,28,0
RM Haq,27,1
TS Sekhukhune,27,0
Asmavia Iqbal,27,0
DN Wellalage,27,2
Kaleem Sana,27,0
KDU Prabodhani,27,0
Kushal Malla,26,1
JH Davey,26,1
S Rana,26,0
PR Stirling,26,7
Rumana Ahmed,26,1
M Dillon,25,0
Saad Bin Zafar,25,0
TM Head,25,7
SW Bates,25,6
B Shikongo,25,0
J Nkomo,25,1
GB Brent,25,2
N Mlaba,24,0
Sohag Gazi,24,2
Washington Sundar,23,0
DNT Zoysa,23,1
S Dhaniram,23,2
S Molineux,23,1
Ali Naseer,23,0
WP Masakadza,22,0
WW Hinds,22,1
H Thaker,22,4
SC Ganguly,22,5
AC Agar,22,1
MD Shanaka,22,1
I Udana,22,1
H Masakadza,22,3
JN Loftie-Eaton,22,2
STR Binny,21,1
Mohammad Nawaz,21,2
DT Christian,21,0
Ebadat Hossain,21,0
Kabir Ali,21,0
C Green,21,2
PP Ojha,21,0
R Ntozakhe,21,0
NJ Carey,20,0
RN ten Doeschate,20,2
AH Maqsood,20,1
Soumya Sarkar,20,5
MH Yardy,20,0
Mohammad Hasnain,20,0
A Nao,20,1
Shariz Ahmad,19,0
DJ Hussey,19,1
FL Mackay,19,0
JM Davison,19,3
PKD Chase,19,0
AM Peterson,19,1
TBM de Leede,18,1
Umaima Sohail,18,0
AG Wharf,18,1
O Prendergast,18,1
AR Caddick,18,1
T Putthawong,18,0
BJ Currie,18,1
BMSM Kumari,18,0
KS Lokuarachchi,18,0
FC Jonas,18,0
I Wardlaw,18,0
Kashif Daud,17,2
LJ Wright,17,0
B Evans,17,0
K Klein,17,0
Shakeel Ahmed,17,2
Mohammad Nawaz (3),17,0
EC Rainsford,17,0
S Jimmy,17,0
SS Pathirana,16,0
Mudassar Bukhari,16,0
JP Behrendorff,16,0
AJ Ireland,16,0
Mosaddek Hossain,16,1
Q Joseph,16,0
RR Sarwan,16,6
AC Botha,16,0
KIC Asalanka,16,3
S Laomi,16,0
E Otieno,15,1
O Kamchomphu,15,0
S Matsikenyeri,15,0
Mahedi Hasan,15,0
SSB Magala,15,2
JWM Dalrymple,15,0
AJ Tye,15,0
CN Ackermann,15,0
CD de Lange,15,0
KM Dabengwa,15,0
N Niranjana,15,0
Agha Salman,15,1
EN Lynch,15,0
ID Blackwell,15,0
S Bhari,15,0
A Neill,15,1
Usama Mir,15,0
RD Berrington,15,4
HN Ya France,14,1
WK McCallan,14,0
AB Dinda,14,0
KK Ahmed,14,0
PA de Silva,14,0
Tanzim Hasan Sakib,14,1
Nasum Ahmed,14,1
Arshdeep Singh,14,1
DN Wyatt,14,4
Umran Malik,13,0
Z James,13,0
Aliya Riaz,13,1
S Bau,13,2
Haris Sohail,13,2
GD Phillips,13,1
MD Dai,13,0
JL Pattinson,13,0
MDK Perera,13,0
A Martin,13,1
DJ Mitchell,13,0
TS Chisoro,12,1
Wasim Akram,12,1
CR Seneviratna,12,0
C de Lange,12,0
F Behardien,12,1
K Bhurtel,12,3
T Kamungozi,12,0
RK Kleinveldt,12,0
TD Smartt,12,0
U Bhatti,12,0
Bismah Maroof,12,2
A Mazvishaya,12,0
G Sultana,12,0
PT Collins,12,0
R Klein,12,0
L Klusener,12,1
FR Davies,11,0
F Overdijk,11,0
Nestor Dhamba,11,0
CL White,11,3
RG Sharma,11,23
RML Taylor,11,0
V Araa,11,0
AAP Atkinson,11,0
I Toua,11,1
JD Ryder,11,3
SF Mire,11,1
L Tshuma,10,0
SZ Thakor,10,0
D Ravu,10,0
MM Penfold,10,0
MKDI Amerasinghe,10,0
MA Aponso,10,0
MC Henriques,10,0
KO Meth,10,0
SR Thompson,10,0
D Langford-Smith,10,0
N Boochatham,10,0
RK Paudel,10,5
J Sumerauer,10,0
P Marange,10,0
AR White,10,0
PLS Gamage,10,0
AI Chudasama,10,0
MP Vaughan,9,2
Mohammad Aadil Alam,9,0
K Fraser,9,0
TB Sole,9,1
C Munro,9,0
MN Waller,9,1
SL Quintyne,9,0
S Siegers,9,0
AA Paradkar,9,0
CS Fraser,9,0
RJ Trott,9,0
HRA Rainey,9,0
S Horley,9,3
GR Codrington,9,1
P Maya,9,0
SF Daley,9,0
S Tippoch,9,0
Avesh Khan,9,0
HJ Thomas,9,0
CS MacLeod,8,5
GM Harris,8,0
RP Arnold,8,0
W O'Rourke,8,0
A Capsey,8,0
GH Lewis,8,2
E Schiferli,8,0
MD Gunathilaka,8,2
JN Mohammed,8,1
DEM Carter,8,0
T Muzarabani,8,0
KP Pietersen,8,9
Javeria Khan,8,2
PA Chatterji,8,0
RC Irani,8,0
S Nisansala,8,1
NB Mahwire,8,0
NJ Astle,8,5
AS van Beuge,8,0
Aarif Sheikh,8,2
HHC Gunaratne,8,1
CW Perchard,7,0
OA Shah,7,2
J Jarvis,7,0
AB de Villiers,7,26
Waqar Younis,7,0
Muhammad Jawadullah,7,0
AM Hardie,7,0
MO Odumbe,7,1
DM Kimmince,7,1
Kainat Imtiaz,7,0
TG Norris,7,0
Shorna Akter,7,0
C Sutthiruang,7,0
SMA Priyanjan,7,0
BM Halliday,7,0
Bilawal Bhatti,7,0
Vikramjit Singh,7,2
KD Shah,7,0
V Kohli,7,41
JF Kloppenburg,7,1
G Kodali,7,1
PA Desai,6,0
R Rijke,6,1
GM Ewing,6,0
AB Kaur,6,0
HDPK Dharmasena,6,0
PW Borren,6,0
S Thuraisingam,6,0
Azhar Mahmood,6,0
JB Reva,6,0
Mominul Haque,6,0
N Pooran,6,1
TMM Newton,6,0
T Maruma,6,0
N Shangase,6,0
M Labuschagne,6,2
TLW Cooper,6,0
DLS van Bunge,6,0
Qanita Jalil,6,0
EJ Villani,6,1
AC Voges,6,2
OEG Baartman,6,0
IR Bell,6,9
NG Smith,6,0
GJ Delany,6,0
SG Whittingham,6,0
G Singh,6,3
GC Tonge,6,0
A Codrington,6,1
KE Bryce,6,0
Z Groenewald,6,0
Fariha Trisna,6,0
J Kila,6,0
Shaiman Anwar,5,0
AJ Finch,5,7
D Joseph,5,0
E Mbofana,5,0
K Birkenstock,5,0
K Kamyuka,5,0
D Parashar,5,0
TK Patel,5,0
BCJ Cutting,5,0
MK Villiers,5,0
MK Tiwary,5,1
C Abel,5,0
JI Rodrigues,5,2
ML Nkala,5,0
S Gajnabi,5,0
CJ Metcalfe,5,0
PM Liyanagamage,5,0
P Siaka,5,0
GA Rogers,5,0
Mukesh Kumar,5,0
SC Kuggeleijn,5,0
SA Fritz,5,0
CG Williams,5,1
Pargat Singh,5,2
WG Jacks,5,1
CT Mutombodzi,5,0
TS Nethula,5,0
V Sibanda,4,2
Jubair Hossain,4,0
AE Smith,4,0
MEK Hussey,4,11
RP Lefebvre,4,0
NR Kirton,4,1
GP Tom,4,0
EJB Miles,4,0
P Khadka,4,1
OC McCoy,4,0
N Deonarine,4,1
SM Benade,4,0
Ehsan Adil,4,0
BRM Taylor,4,4
MW Machan,4,0
MJ Guptill,4,22
Sufiyan Muqeem,4,0
Saqlain Mushtaq,4,0
S Dhakal,4,0
RTM Mendis,4,0
Zulfiqar Babar,4,0
TL Chivanga,4,0
Z Mali,4,0
KE Ebrahim,4,0
Aftab Ahmed,4,2
Azhar Ali,4,1
IM Vaghela,4,0
IECM Wong,4,0
Akhil Kumar,4,0
JG Bethell,4,0
G Onions,4,0
AC Cummins,4,0
A Sharma,4,1
Zahid Mahmood,4,0
JA Clarkson,4,0
B Ward,4,0
CM McBride,4,1
SA Campbelle,4,1
S Immadi,4,0
NE Farrant,4,0
R Powell,3,1
RD Chahar,3,0
L Siaka,3,1
K Phillip,3,0
V Krishnamurthy,3,0
A Patel,3,0
V Sukumaran,3,1
DSK Madushanka,3,0
SW Currie,3,0
MG Neser,3,0
HDRL Thirimanne,3,2
RN Bhatia,3,0
H Hiri,3,0
G Fontenla,3,0
SA Millanta,3,0
EL Lamb,3,1
O Bell,3,0
O Chare,3,0
NND de Silva,3,0
GH O'Brien,3,0
Shahbaz Ahmed,3,0
JI de Villiers,3,0
SE Rutherford,3,1
J Logtenberg,3,0
AM Bacher,3,0
GF Linde,3,0
Sabbir Rahman,3,0
DR Brown,3,0
JM Willathgamuwa,3,0
AT Rayudu,3,3
PRCS Kumarihami,3,0
Nizakat Khan,3,0
S Sriram,3,0
SK Dolawatte,3,0
NA de Groot,3,0
Afif Hossain,3,1
IJL Trott,3,3
G Toka,3,0
Khaled Ahmed,3,0
LHD Dilhara,3,0
Khushdil Shah,3,1
V Buruka,3,0
A van der Merwe,2,0
Yasir Arafat,2,0
KH Pandya,2,0
AD Janakanthymala,2,0
Zafar Gohar,2,0
W Sutherland,2,0
L Cheatle,2,0
BA Langston,2,0
L Lee,2,6
NE Bolton,2,6
KR Sen,2,0
JA Turner,2,0
CM Edwards,2,4
B Siddharth,2,0
TJG Pringle,2,0
TJ Heggelman,2,0
T Ruma,2,0
DC Thomas,2,0
RW Staple,2,0
Tushar Imran,2,0
B Fernando,2,0
Shoaib Khan,2,2
Shafali Verma,2,0
Sania Khan,2,0
Raza Hasan,2,0
RL Haynes,2,5
H Deol,2,2
HDRS Silva,2,0
H Karunaratne,2,0
DPMD Jayawardene,2,12
F du Plessis,2,9
Ehsanul Haque,2,0
J Patraj,2,0
AJ Turner,2,1
C Sakariya,2,0
BR Dorey,2,0
NR Kumar,2,0
Nahid Rana,2,0
N Dutta,2,0
N M'shangwe,2,0
MR Swart,2,0
Ahmed Shehzad,2,6
HK Badani,2,0
Imran Farhat,2,1
SC Meaker,2,0
AM Samad,2,0
SJ Tsukigawa,2,0
SACA King,2,0
SHT Kandamby,2,0
SKW Kelly,2,0
SE Aley,2,0
I van der Woning,2,0
HT Tector,2,0
H Carlyon,2,0
CK Kapugedera,2,1
H Durham,2,0
C Viljoen,2,0
RK Whelan,2,0
Pratika Rawal,2,2
ME Trescothick,2,4
Lata Mondal,2,0
K Sonavale,2,0
Tareq Aziz,2,0
H Patel,2,0
M van Lingen,2,4
D Elgar,2,0
K Mahato,2,0
T Granger,2,0
DE Budge,1,0
L Vincent,1,4
A Athanaze,1,0
A Balbirnie,1,4
A Bosch,1,2
D Devnarain,1,0
CS Terblanche,1,0
TS Roland-Jones,1,0
LC Romero,1,0
VS Solanki,1,1
A Ndiraya,1,1
KE Broadmore,1,0
W Mwayenga,1,0
Younis Khan,1,10
Wasim Ali,1,0
TJ Friend,1,0
J Yadav,1,0
Jatinder Singh,1,2
K Gowtham,1,0
BJ Hodge,1,1
BB Seebaran,1,0
KHRK Fernando,1,0
KJ Coetzer,1,3
Javeria Rauf,1,0
LE Milliken,1,0
D Soraine,1,0
Raza-ur-Rehman,1,0
RS Gavaskar,1,0
TH David,1,0
TCB Fernando,1,0
CP Rizwan,1,1
Nazmul Hossain Shanto,1,2
P Molkenboer,1,0
P Roy,1,0
HL Baker,1,0
HR Johnson,1,0
Iram Javed,1,0
PJC Hoffmann,1,0
PRP Boissevain,1,0
SG Borthwick,1,0
S Nitschke,1,1
G Malla,1,0
S Mandhana,1,11
SIR Dunkley,1,2
SD Udal,1,0
SD Outerbridge,1,0
NE Bonner,1,0
IH Romaine,1,0
JS Ababu,1,0
JP Greaves,1,0
JM Vince,1,1
MJ Humphreys,1,0
Mohammad Yousuf,1,2
MW Short,1,0
J Overton,1,0
DJ Malan,1,4
SM Kavanagh,1,0
Faisal Hossain,1,0
F Hand,1,0
Fakhar Zaman,1,9
C Prathyusha,1,0
J Mubarak,1,1
AK Peters,1,0
SP de Alwis,1,0
MS Dhoni,1,20
Mosharraf Hossain,1,0
MT Chinouya,1,0
Marina Iqbal,1,0
SSD Arachchige,1,0
RT Lyons,1,0
CA Reid,1,0
CK Hooper,1,0
RD Steede,1,0
RL Bhudia,1,0
Saud Shakeel,1,1
Shahid Ahmadzai,1,0
MM Lanning,1,11
Saeed Anwar,1,0
JW Wilson,1,0
JL Denly,1,0
R Malhotra,1,0
R MacDonald-Gay,1,0
Qaiser Ali,1,0
R Slater,1,0
RR Hendricks,1,2
RR Rossouw,1,1
HE van der Dussen,1,3
RK Singh,1,0
H Graham,1,0
MP O'Dowd,1,4
MMA Jonkman,1,0
DS Bajwa,1,0
DO Leicher,1,0
Shaila Sharmin,1,0
Hasibul Hossain,1,0
RA Lewis,1,0
LPC Silva,1,1
M van Jaarsveld,1,0
M du Preez,1,7
D Gamage,1,0
DR Martyn,1,5
LP van Troost,1,0
Joginder Sharma,1,0
LMP Simmons,1,2
JL Ontong,1,0
KC Hodsoll,1,0
M Vijay,1,1
M Levitt,1,0
TT Samaraweera,1,2
Tanvir Ahmed,1,0
A Ashok,1,0
Waheed Ahmed,1,0
ADJ Pitcher,0,0
A Flower,0,0
A Hunter,0,1
A Johnson,0,0
A Kolan,0,0
A Lister,0,0
A Maregwede,0,0
A Minny,0,0
ZE Green,0,0
ZE Surkari,0,0
Zakir Hasan,0,0
Y van der Westhuizen,0,0
YH Bhatia,0,1
Yasir Ali Chowdhury,0,0
Yasir Hameed,0,4
Yousuf Youhana,0,4
Z Crawley,0,0
Waqas Barkat,0,0
Waqas Khan,0,0
D Bau,0,0
D Cleaver,0,0
D Daesrath,0,0
CR Foggo,0,0
CR Pagydyala,0,1
CS Baugh,0,0
CS Mugeri-Tiripano,0,0
CMW Read,0,0
A Rawat,0,1
A Saud,0,0
A Shamshudeen,0,0
A Sharafu,0,0
WTS Porterfield,0,5
WU Tharanga,0,11
CT Dhururu,0,0
Chirag Suri,0,1
Tayyab Tahir,0,0
TT Beaumont,0,10
TV Mufambisi,0,0
TW Hartley,0,0
TWM Latham,0,8
Tabarak Dar,0,0
XM Marshall,0,0
Y Venugopal Rao,0,0
Towhid Hridoy,0,1
U Raymond-Hoey,0,0
U Thimashini,0,0
UT Khawaja,0,3
Tanbir Hayder,0,0
Tanzid Hasan,0,0
Tasqeen Qadeer,0,0
Taufeeq Umar,0,1
KJ Martin,0,1
KJJ van Noortwijk,0,0
L Jack,0,0
Kamran Akmal,0,4
Kaynat Hafeez,0,0
Khaled Mashud,0,0
Khalid Kail,0,0
Khalid Latif,0,0
KY Ottley,0,0
KL Rahul,0,4
KL Rolton,0,0
KL Tucker,0,0
KNA Bandara,0,0
KNM Fernando,0,0
KO Otieno,0,0
KH Prajapati,0,1
Jaker Ali,0,0
Jamaluddin Ahmed,0,0
Jannatul Ferdus,0,0
Javed Omar,0,0
KOA Powell,0,0
KT Perkins,0,0
KU Carty,0,0
KV Jain,0,0
L Ronchi,0,1
L Sreekumar,0,0
L Tucker,0,0
Khurram Nawaz,0,0
Kycia A Knight,0,0
Kyshona A Knight,0,0
L Goodall,0,1
Jahurul Islam,0,0
M Musonda,0,1
M Raj,0,6
M Shumba,0,0
M Spoors,0,0
M Terblanche,0,0
M Commins,0,0
M De Ridder,0,0
M Faisal,0,0
B Tau,0,0
LE Bosman,0,0
LJ Hamilton,0,0
LJ Poulton,0,0
LK Ebsary,0,0
LM Hoitink,0,0
M McColl,0,0
M Mupachikwa,0,2
BA King,0,4
BA Parchment,0,0
BAM Heath,0,0
BB Chari,0,0
B Cooper,0,0
B Leephatthana,0,0
B Sai Sudharsan,0,0
B Sharki,0,1
Khurram Manzoor,0,0
BB McCullum,0,5
BC Lara,0,1
BJ Bennett,0,0
BJ Haddin,0,3
BJ Patel,0,0
B Zuiderent,0,0
B de Leede,0,0
K Weeraratne,0,0
K Doriga,0,0
K Frank,0,0
Lovepreet Singh,0,0
M Bhanuka,0,0
BJ Watling,0,0
BKG Mendis,0,6
BL Mooney,0,4
K Zondo,0,0
KA Blackwell,0,0
KA Edwards,0,0
KA Hope,0,0
KC Sangakkara,0,26
KD Karthik,0,1
K Thomson,0,0
K Verreynne,0,0
JN Rhodes,0,0
JNK Shannon,0,0
C Tear,0,0
JL Smith,0,0
JM Bairstow,0,11
JM Cox,0,0
JM Fields,0,0
K Whatham,0,0
M Kaif,0,1
M Karg,0,0
M Mangru,0,0
LR Johnson,0,0
LR Naylor,0,0
LRPL Taylor,0,16
LS Greenway,0,2
Liton Das,0,4
MNK Fernando,0,0
MQ Sheikh,0,0
MR Aguilleira,0,0
MR Johnson,0,0
ML Patel,0,0
ML Udawatte,0,0
MM English,0,1
MM Iqbal,0,0
MB Kruger,0,0
MB Loye,0,0
MC Patel,0,0
M van Schoor,0,0
MA Carberry,0,0
MA Jones,0,0
MA Ouma,0,0
MN van Wyk,0,0
MD du Preez,0,0
MDKJ Perera,0,5
MDN Hansika,0,0
MDT Kamini,0,2
ME Bouchier,0,1
MA Vermeulen,0,1
MAA Sanjeewani,0,0
MADD Surangika,0,0
BM Duckett,0,0
LR Down,0,1
MF Fahey,0,0
MF Kendal,0,0
MG Bevan,0,1
MH Cross,0,3
MHW Papps,0,0
MD Patel,0,6
MJ Bulow,0,0
MJ Cosgrove,0,1
MJ Fourie,0,0
MJ Hay,0,0
MJ Lumb,0,0
MJ North,0,0
Mohammad Naim,0,0
Mohammad Rizwan,0,1
JP Bray,0,1
JP Inglis,0,0
JP Kotze,0,0
JP Maher,0,0
JM How,0,3
JN Hamilton,0,0
JN Malan,0,2
ML Hayden,0,5
BN Cooper,0,0
JR Philippe,0,0
JV Harris,0,0
JW Jenner,0,0
JW Ogle-Thomas,0,0
JWA Taylor,0,3
JNT Vare,0,0
JO Troughton,0,0
MJ Prior,0,1
MK Pandey,0,1
ML Green,0,3
BT Foakes,0,1
BYA Mendis,0,0
JJ Atkinson,0,0
JJ Celestine,0,0
JJ Roy,0,12
C McAuslan,0,0
Babar Azam,0,13
Babar Hayat,0,3
Batool Fatima,0,0
C Brits,0,2
C Carter,0,0
BOP Fernando,0,0
BP Kruger,0,0
J Louw,0,0
J Pashley,0,0
J Post,0,0
J Sharma,0,0
C Hemraj,0,0
C Jonker,0,0
C Kieswetter,0,1
C Madande,0,0
Mohammad Iqbal,0,0
Mohammad Mithun,0,0
MT Herbert,0,0
MV Boucher,0,2
MV Waldron,0,0
MWA van Nierop,0,0
JA McCollum,0,0
JA Rudolph,0,0
Mohammad Salman,0,0
Moin Khan,0,0
Moniruzzaman,0,0
Mehran Khan,0,0
Melanie Ani,0,0
Misbah-ul-Haq,0,7
Mohammad Boota,0,0
Mohammad Haris,0,0
Mrittunjoy Chowdhury,0,0
Muhammad Farooq,0,0
Muhammad Usman,0,0
NV Ojha,0,0
NY McLean,0,0
Nafees Iqbal,0,0
Nahida Khan,0,0
Nain Abidi,0,0
N Koncharoenkai,0,0
Muneeba Ali,0,0
Murshida Khatun,0,1
Musa Ahmed,0,0
Mushfiqur Rahim,0,9
N Chaiwai,0,2
N Chantam,0,3
N Davin,0,0
N Rana,0,0
N Vare,0,0
NA Greenwood,0,0
N Dickwella,0,1
N Fernandes,0,0
N Gwanzura,0,0
N Hussain,0,0
N Ifill,0,0
BP Nash,0,0
BR McDermott,0,0
MR Meshram,0,1
MS Atapattu,0,3
MS Chapman,0,2
MS Sinclair,0,0
MS Wade,0,3
N Kruger,0,0
J Smits,0,0
J van Vliet,0,0
JA Burns,0,0
NJ O'Brien,0,2
NK Crafton,0,0
NA Moodley,0,0
NA Rock,0,0
NA Statham,0,0
JE Dunford,0,0
JH Desai,0,0
JA Simpson,0,0
JA Whelan,0,0
JAD Lawrenson,0,1
JAH Marshall,0,0
JB Nero,0,0
JC Buttler,0,13
NJ Coffey,0,0
Imran Nazir,0,1
Imrul Kayes,0,4
IA Karim,0,1
IC Gaze,0,0
JC Carroll,0,0
JD Campbell,0,1
JE Cameron,0,1
Najiha Alvi,0,0
Naseem Khushi,0,0
NRJ Croes,0,0
NS Dhaliwal,0,1
NS Poonia,0,0
NT Broom,0,1
NV Knight,0,0
NFI McCallum,0,0
P Mujaji,0,0
P Mustard,0,0
P Nissanka,0,2
OL Pitcher,0,0
OO Bascome,0,0
OV Anderson,0,1
Omid Shafi Rahman,0,0
P Litchfield,0,4
Al Sahariar,0,0
Alawi Shukri,0,0
Amjad Ali,0,0
Anamul Haque,0,2
Abid Ali,0,1
Adnan Akmal,0,0
Adnan Mufti,0,1
Aijaz Ali,0,0
Ankur Sharma,0,0
Ansh Tandon,0,0
Asad Shafiq,0,0
Asif Ali,0,0
Asif Khan,0,4
Ayasha Rahman,0,0
Akram Khan,0,0
Akshay Homraj,0,0
NC Dodd,0,1
ND McKenzie,0,0
Ayesha Naseem,0,0
Ayesha Zafar,0,0
B Bezuidenhout,0,0
B Bhandari,0,0
Nasir Jamshed,0,3
Nasir Javed,0,0
Imam-ul-Haq,0,3
Natalia Pervaiz,0,0
Naumanullah,0,0
Naved Latif,0,0
Nazimuddin,0,0
Nigar Sultana,0,2
PM Weerakkody,0,0
PP Shaw,0,1
Ishan Kishan,0,1
J Anderson,0,0
J Blackwood,0,0
J Charles,0,3
J Da Silva,0,0
IPP Batuwitarachchi,0,0
IR James,0,0
IS Billcliff,0,0
J Edness,0,0
J Figy John,0,0
J Fraser-McGurk,0,0
J Glasgow,0,0
J Gray,0,0
J Gumbie,0,0
Inzamam-ul-Haq,0,3
Irfan Khan,0,0
Nurul Hasan,0,0
Nuzhat Tasnia,0,0
O Davidson,0,0
HJ Armitage,0,0
HJH Marshall,0,2
HJW Gardiner,0,0
HM Amla,0,16
HM Nicholls,0,2
HS Modi,0,0
HWR Cartwright,0,0
Habibul Bashar,0,0
Haider Ali,0,0
Hammad Mirza,0,0
Hamza Tariq,0,0
Hannan Sarkar,0,0
HM Tiffen,0,0
GWHM Perera,0,0
Ghulam Shabber,0,0
H Davids,0,0
Haseebullah Khan,0,0
Hussain Talat,0,0
I Dulani,0,0
I Kaia,0,0
I Maraj,0,0
PBB Rajapaksa,0,0
PD McGlashan,0,0
PD Salt,0,0
PG Fulton,0,3
PG Gillespie,0,0
PG Raut,0,3
H Madavi,0,0
GS Ballance,0,0
PS Athavale,0,0
PS Punia,0,1
PSP Handscomb,0,0
PJ Hughes,0,2
PJ Ingram,0,0
PJ Moor,0,1
PJ Scholfield,0,0
PL Mommsen,0,1
Pankaj Singh,0,0
Pooja Ganesh,0,0
Q de Kock,0,19
RO Hussain,0,0
RP Alexander,0,0
RR Pant,0,1
RR Ramdass,0,0
RM Ghosh,0,0
R Mutumbami,0,0
R Stokell,0,0
R Boyce,0,0
R Chopra,0,1
R Dravid,0,5
R Gunasekera,0,1
R Kanoh,0,0
PY Lavine,0,0
PA Nixon,0,0
PA Patel,0,0
PARP Perera,0,0
R Walters,0,0
RA Jones,0,0
RA Rolfe,0,0
RD Gaikwad,0,0
R Murray,0,0
HM Watson,0,0
HMD Rasangika,0,1
HML Madushani,0,0
HP Tillakaratne,0,0
PHT Kaushal,0,0
PJ Forrest,0,0
PA Browne,0,0
PA Jaques,0,0
H Klaasen,0,7
RD Jacobs,0,0
RD McCann,0,0
RD Rickelton,0,1
RD Shah,0,0
RH Priest,0,0
RH Scholte,0,0
S Badrinath,0,0
HH Dippenaar,0,7
HH Gibbs,0,9
HIS Mendis,0,0
H Shah,0,0
HAPW Jayawardene,0,0
HC Brook,0,2
HD Rutherford,0,0
HDJ Siegers,0,0
GJ Hopkins,0,0
GJ McCarter,0,0
GM Hamilton,0,0
GM Strydom,0,0
GO Jones,0,2
HE Whelan,0,0
HG Munsey,0,1
HGV Vare,0,0
RM Jariwala,0,0
RM Patidar,0,0
RM van Oosterom,0,0
RMVD Gunaratne,0,0
RO Hinds,0,0
RJ Rolls,0,0
CAK Walton,0,0
CB Wishart,0,1
Abdullah Shafique,0,0
S Jora,0,0
S Jyoti,0,0
AR Pitcher,0,0
ARI Umeed,0,1
AT Carey,0,2
AT Nidamanuru,0,1
Aaditya Varadarajan,0,0
RS Kaluwitharana,0,0
RS Morton,0,2
RS Vandort,0,0
RS Williams,0,0
RT Crandon,0,0
Aasif Sheikh,0,5
Abdul Jabbar,0,0
Abdul Shakoor,0,0
Ravinderpal Singh,0,0
Rony Talukdar,0,0
RT Ponting,0,17
RV Uthappa,0,0
RW Chakabva,0,0
RW Sims,0,0
RWT Key,0,0
Rabiya Shah,0,0
S Chanderpaul,0,7
S Chattergoon,0,0
S Daniel,0,0
S Dhamala,0,0
Rameez Shahzad,0,1
Raqibul Hasan,0,0
Rashid Latif,0,0
Rashid Zia,0,0
CJ Bowes,0,0
C Zhuwao,0,0
CA Ingram,0,3
CA Lynn,0,0
CA Pujara,0,0
AR Berenger,0,0
AR Odedara,0,1
S Dhawan,0,11
CJO Smith,0,0
CK Coventry,0,1
CK Holder,0,0
CC Dalton,0,0
CD Cumming,0,0
CD Wallace,0,0
CE Coulter Reilly,0,0
CH van Koolwijk,0,0
Fayyaz Ahmed,0,0
Fazle Mahmud,0,0
G Chapple,0,0
G Gambhir,0,11
G Kirsten,0,0
CJ Ferguson,0,1
CJ Nevin,0,0
CJ Smith,0,0
AM Tribe,0,0
AN Cook,0,7
AN Kervezee,0,0
AN Petersen,0,0
APS Lakshika,0,0
G Voll,0,0
GA Guy,0,0
Fargana Hoque,0,1
GJ Bailey,0,4
GA Manou,0,0
GB Murgatroyd,0,0
GC Bhogle,0,0
GC Wilson,0,1
GE Plimmer,0,0
S Khiaoto,0,0
S Lackay,0,0
F Kasteni,0,0
F Mutizwa,0,0
EJG Morgan,0,12
EL Watson,0,0
EMDY Munaweera,0,0
GEF Barnett,0,0
GH Worker,0,0
GI Maiden,0,0
SD Heazlett,0,0
S Verma,0,0
SA Edwards,0,3
SA Engelbrecht,0,0
SA Wijeratne,0,0
S Naik,0,0
S Samarawickrama,0,2
S Sriharsha,0,0
S Forbes,0,0
S Jafta,0,0
AM McCarthy,0,0
AM Rahane,0,5
SA Yadav,0,0
SB Bangar,0,0
SC Joseph,0,0
SC Taylor,0,0
ST Doheny,0,0
SV Bahutule,0,0
SV Carlisle,0,0
SR Hain,0,0
SR Mukkamalla,0,1
SR Thadani,0,0
SR Waters,0,0
SRH Curtis,0,0
SI Galagedara,0,0
SJ Andrews,0,0
SD Hope,0,9
SDNS Karunaratne,0,0
SE Findlay,0,0
SE Marsh,0,4
SS Tiwary,0,0
SSJ Brooks,0,2
SJ Baard,0,0
SJ Bryce,0,0
SJ Elliott,0,0
SJ Massiah,0,0
SJ McGlashan,0,0
SJ Modani,0,1
SJ Myburgh,0,1
SJ Swanepoel,0,0
S Meghana,0,0
S Mostary,0,0
S Movva,0,0
SJ Taylor,0,6
SK Atai,0,0
SK Naidu,0,0
SK Patel,0,1
SL Kalis,0,0
Ethan D'Souza,0,0
SP Terry,0,0
SL Stewart,0,0
SM Davies,0,1
SM Katich,0,0
SM Warnapura,0,0
AK Sah,0,1
AL Hodgkinson,0,0
Faisal Iqbal,0,0
F Tunnicliffe,0,0
F Walters,0,0
FC Wilson,0,0
FDM Karunaratne,0,1
FH Allen,0,1
FL Reifer,0,0
ES Szwarczynski,0,0
DJM Short,0,0
DL Blake,0,0
DM Bravo,0,3
DM Richards,0,0
FRJ Coleman,0,0
FY Fazal,0,0
Fahad Nawaz,0,0
Faisal Athar,0,0
SS Iyer,0,4
SS McKechnie,0,0
SO Dowrich,0,0
SO Hetmyer,0,4
SP Fleming,0,5
SP Khakurel,0,0
SP Krishnamurthi,0,0
SP Patil,0,0
DR Mousley,0,0
DS Smith,0,1
DS Weerakkody,0,0
Dhiman Ghosh,0,0
DO Obuya,0,0
DOD Rikhi,0,0
DP Conway,0,3
DP Hyatt,0,0
D Keulder,0,0
D Khanal,0,0
Dilara Akter,0,0
E Claridge,0,0
E Lewis,0,4
EC Joyce,0,5
EC Perry,0,0
DR Chumney,0,0
AF Sattaur,0,0
AG Prince,0,1
AG Puttick,0,0
AGS Gous,0,1
D Ramdin,0,1
D Dhingra,0,0
D Foxcroft,0,0
D Ganga,0,0
AL Kandappah,0,0
AL Watkins,0,0
AJ Healy,0,8
AJ Redmond,0,0
AJ Stewart,0,0
AJ Strauss,0,7
AK Perera,0,0
AF Buurman,0,0
Sagar Pun,0,0
Saleem Elahi,0,0
Salman Butt,0,5
Salman Faris,0,0
T Brits,0,1
T Chetty,0,3
T Duffin,0,0
T Gwandu,0,0
Sami Aslam,0,0
Sana Javed,0,0
Sandeep Goud,0,1
Sanjida Islam,0,0
Saqlain Haider,0,0
Sarfraz Ahmed,0,5
Saad Ali,0,0
Sadaf Shamas,0,0
Shamima Sultana,0,0
Shamsur Rahman,0,1
Shan Masood,0,0
Sharjeel Khan,0,0
Shahid Wasif,0,0
Shahriar Hossain,0,0
Shahriar Nafees,0,3
Shahzaib Hasan,0,0
AJ Blackwell,0,2
SV Samson,0,2
SW Ambris,0,1
SW Billings,0,0
SW Poynter,0,0
ADS Fletcher,0,0
AE Jones,0,4
Shamim Hossain,0,0
TMK Mawoyo,0,0
TN de Grooth,0,0
TP Ura,0,1
TJ Bishop,0,0
TK Musakanda,0,0
T de Zorzi,0,1
TA Blundell,0,0
TB Robinson,0,0
Sharmin Akhter,0,2
Sharmin Sultana,0,0
Shathira Jakir,0,0
Shawaal Zulfiqar,0,0
Shayan Jahangir,0,0
Shubman Gill,0,4
TL Seifert,0,0
TM Dowlin,0,0
T Bhatia,0,0
Shuvagata Hom,0,0
Sidra Ameen,0,5
Sidra Nawaz,0,0
Simandeep Singh,0,0
Skhawat Ali,0,0
Steven Ryan Taylor,0,0
Sufyan Mehmood,0,0
T Kaitano,0,0
Sultan Ahmed,0,0
Sultana Yesmin,0,0
Sumaiya Akter,0,0
Suraj Kumar,0,0
Syeda Aroob Shah,0,0
T Banton,0,0
T Bavuma,0,2
T Marumani,0,0
T Mishra,0,1
T Munyonga,0,0
T Stubbs,0,1
T Suri,0,0
T Taibu,0,3
Tharika Sewwandi,0,0
Tilak Varma,0,0
DA Minors,0,0
DA Warner,0,16
DD Ebrahim,0,0
D Lakshan,0,0
D Murphy,0,0
D Myers,0,0
D Prins,0,0
TD Paine,0,1
DF Watts,0,0
DG Blampied,0,0
DG Brownlie,0,0
DI Allan,0,0
DI Joyce,0,0
D la Cock,0,0
DA Gunawardene,0,0
DA Miller,0,4
TC Bastiampillai,0,0
CR Ervine,0,6
CK Kruger,0,0
CKB Kulasekara,0,0
CM Beggs,0,0
CMA Shillington,0,0
CMG Atkins,0,1
DES Maxwell,0,0
ADR Campbell,0,0
V Aravind,0,2
A Chopra,0,0
A Bagai,0,1
A Aitken-Drummond,0,0
V Shetty,0,0
Zulqarnain Haider,0,0
Waseem Muhammad,0,2
AA Shafique,0,0
AB Barath,0,0
A Steyn,0,1
A Valthapa,0,0
A le Breton,0,0
AA Deshpande,0,0
VV Morea,0,0
VVS Laxman,0,2
TS Hasabnis,0,0
TS Kamunhukamwe,0,0
TSS Mackintosh,0,0
AC Gilchrist,0,13
AD Hales,0,5
AD Poynter,0,0
A Munisar,0,0
AA Obanda,0,0
CN Nation,0,0
CNIM Joyce,0,0
CO Browne,0,0
CP Jack,0,0
Talha Jubair,0,0
Tamim Iqbal,0,13
TP Visee,0,0
TR Ambrose,0,0
L Winfield,0,0
L Winfield-Hill,0,0
L Wolvaardt,0,6
L Wood,0,0
LD Chandimal,0,6
LDVV Silva,0,0
L Louwrens,0,0
L Rajadurai,0,0
VB van Jaarsveld,0,0
VCE Wattenberg,0,0
VR Iyer,0,0
VR Vanitha,0,0
KK Nair,0,0
KDK Vithanage,0,0
KED Carroll,0,0
KH Butt,0,0
WP Saha,0,0
Zeeshan Siddiqi,0,0
Zubayr Hamza,0,0
W Barresi,0,0
W Jaffer,0,0
WA Agar,0,0
WA Young,0,5
VAB Tewarie,0,0
AA Jangoo,0,1
AA Mulla,0,0
Umar Akmal,0,6
Umar Amin,0,0
Usman Limbada,0,0
Usman Salahuddin,0,0
Utkarsh Srivastava,0,0
WIA Fernando,0,6
