player_name,total_runs,strike_rate,total_wickets_taken,player_of_match_awards,Performance_Score,Player_Rank
V Kohli,13784,91.70381212,7,41,18941.0381212,1
KC Sangakkara,11618,79.39046057,0,26,15011.9046057,2
TM Dilshan,9212,85.47833349,97,24,14406.7833349,3
RG Sharma,10646,90.35817348,11,23,14069.5817348,4
AB de Villiers,9435,99.44139966,7,26,13169.4139966,5
MS Dhoni,10274,84.97932175,1,20,13143.7932175,6
Mohammad Hafeez,6351,76.08721696,142,19,11851.8721696,7
Yuvraj Singh,6868,85.45477168,99,20,11702.5477168,8
SR Watson,5357,90.04874769,162,15,10997.4874769,9
CH Gayle,6433,86.53483992,112,13,10838.3483992,10
LRPL Taylor,8126,80.93625498,0,16,10535.3625498,11
HM Amla,7834,86.48708324,0,16,10298.8708324,12
MJ Guptill,7125,85.24766691,4,22,10257.4766691,13
AD Mathews,5646,81.42486299,137,9,10100.248629900001,14
DPMD Jayawardene,8040,78.57701329,2,12,10065.7701329,15
MJ Clarke,6988,76.83342496,56,10,9876.3342496,16
Tamim Iqbal,7648,76.64094599,0,13,9714.4094599,17
Q de Kock,6661,94.83200456,0,19,9509.3200456,18
SR Tendulkar,6432,84.55370054,31,16,9497.5370054,19
RT Ponting,6979,80.60753061,0,17,9485.0753061,20
V Sehwag,5692,101.9340974,58,15,9371.340973999999,21
DA Warner,6623,94.96702036,0,16,9172.670203599999,22
EJG Morgan,6953,89.5197631,0,12,9048.197631,23
ST Jayasuriya,4402,92.13059858,105,14,8823.3059858,24
SL Malinga,508,72.467903,343,7,8792.67903,25
Mushfiqur Rahim,7094,78.9450256,0,9,8783.450256,26
S Dhawan,6733,89.48697501,0,11,8727.869750099999,27
SK Raina,5585,90.85732878,42,11,8433.5732878,28
WU Tharanga,6482,73.28434144,0,11,8314.8434144,29
DJ Bravo,2760,78.72219053,193,9,8307.2219053,30
SPD Smith,5549,85.38236652,29,11,8082.8236652,31
Mahmudullah,5127,75.45253863,83,4,7941.5253863,32
JP Duminy,4928,82.32542599,74,7,7931.2542599,33
Babar Azam,5659,86.88776294,0,13,7827.8776294,34
PD Collingwood,4132,75.1682736,96,10,7803.682736,35
Mashrafe Mortaza,1304,81.04412679,227,9,7554.4412679,36
GJ Maxwell,3655,120.5872649,78,11,7520.872649,37
MN Samuels,4205,74.37212593,66,12,7468.7212593,38
JC Buttler,5018,114.8283753,0,13,7466.283753,39
EA Perry,3356,78.22843823,83,16,7398.2843823,40
MG Johnson,934,93.21357285,243,6,7326.1357284999995,41
F du Plessis,5445,86.59351145,2,9,7250.9351145,42
MEK Hussey,5076,84.43113772,4,11,7100.3113772,43
IR Bell,5289,75.58953837,6,9,7064.8953837,44
G Gambhir,4981,83.95415473,0,11,6920.5415473,45
AJ Finch,5188,84.56397718,5,7,6833.6397718,46
JO Holder,2144,88.19415878,162,5,6765.9415878,47
AC Gilchrist,4355,102.2300469,0,13,6677.300469,48
SD Hope,4989,78.14849624,0,9,6670.4849624,49
BB McCullum,5157,94.50247389,0,5,6602.0247389,50
Younis Khan,4777,74.51255654,1,10,6542.1255654,51
A Flintoff,2096,88.58833474,132,9,6521.8833474,52
M Kapp,2195,85.30897785,133,8,6508.0897785,53
JJ Roy,4237,102.9397473,0,12,6466.397473,54
E Chigumbura,3266,77.11924439,88,6,6397.1924438999995,55
BRM Taylor,5130,74.03665753,4,4,6350.3665753000005,56
Abdul Razzaq,2327,86.53774637,110,9,6292.3774637,57
Misbah-ul-Haq,4752,72.56069629,0,7,6177.6069629,58
KP Pietersen,4202,84.20841683,8,9,6104.0841683,59
MM Ali,2278,94.21009098,119,5,6100.1009097999995,60
DA Miller,4466,100.5629363,0,4,5871.629363,61
DW Steyn,365,61.65540541,212,6,5821.5540541,62
JM Bairstow,3671,99.70124932,0,11,5768.0124932,63
HK Matthews,2327,75.16149871,83,10,5738.6149871,64
TT Beaumont,3936,74.6585736,0,10,5682.585736,65
HC Knight,3158,75.10107015,48,8,5669.010701499999,66
TWM Latham,4019,83.39904545,0,8,5652.9904545,67
IK Pathan,1226,79.19896641,156,5,5637.9896641,68
MR Marsh,2762,93.53200135,57,8,5637.3200135,69
SFM Devine,2796,87.53913588,55,8,5571.3913588,70
MM Lanning,3555,89.20953576,1,11,5567.0953576,71
S Mandhana,3526,87.99600699,1,11,5525.9600699,72
HH Gibbs,3766,84.9345963,0,9,5515.345963,73
PR Stirling,3338,85.3490156,26,7,5411.490156,74
H Masakadza,3955,70.04959263,22,3,5395.4959263,75
RR Sarwan,3717,72.27299242,16,6,5359.7299242,76
L Wolvaardt,3992,71.20941848,0,6,5304.0941848,77
BKG Mendis,3838,85.0055371,0,6,5288.055371,78
Fakhar Zaman,3434,92.28701962,1,9,5276.8701962,79
ML Hayden,3939,79.47941889,0,5,5233.7941889,80
AJ Strauss,3729,78.80388842,0,7,5217.0388842,81
S Chanderpaul,3804,67.86797502,0,7,5182.6797502,82
R Ashwin,707,85.07821901,166,3,5177.7821901,83
SW Bates,3245,75.85320243,25,6,5103.532024300001,84
KA Pollard,2608,90.64998262,59,4,5094.4998262,85
DJG Sammy,1853,96.20976116,87,5,5055.0976116,86
AC Jayangani,2760,77.98813224,34,8,5019.8813224000005,87
LD Chandimal,3657,72.10173502,0,6,4978.0173502,88
MJ Henry,268,91.15646259,155,6,4879.5646259000005,89
TM Head,2645,102.202473,25,7,4867.02473,90
R Dravid,3650,71.10851354,0,5,4861.0851354,91
HH Pandya,1762,107.7017115,81,4,4859.017115000001,92
AC Kerr,1854,74.96967246,97,3,4843.6967246,93
Imran Tahir,157,67.38197425,180,4,4830.8197425,94
AE Satterthwaite,2895,80.01658375,29,5,4775.1658375,95
RS Bopara,2689,76.39204545,41,5,4772.9204545,96
S Luus,2080,65.28562461,84,3,4712.8562461,97
AN Cook,3204,75.60169891,0,7,4660.0169891000005,98
A Gardner,1175,100.5993151,103,4,4640.993151000001,99
Kuldeep Yadav,195,47.44525547,173,5,4629.4525547,100
Mehedi Hasan Miraz,1188,78.36411609,107,5,4611.6411609,101
MF Maharoof,799,80.62563068,118,6,4565.2563068,102
KJ O'Brien,1990,92.51510925,60,4,4515.1510925,103
AJ Healy,2759,95.2364515,0,8,4511.364515,104
NW Bracken,174,65.66037736,168,3,4490.6037736,105
MDKJ Perera,3077,91.17037037,0,5,4488.7037037,106
Umar Akmal,3032,83.61831219,0,6,4468.1831219,107
S Ismail,273,49.54627949,142,7,4308.4627949000005,108
JL Jonassen,533,84.33544304,136,2,4296.3544304,109
AD Russell,1034,128.447205,72,5,4258.47205,110
M Raj,2949,68.26388889,0,6,4231.6388889,111
GJ Bailey,3011,81.99891068,0,4,4230.9891068,112
AM Rahane,2906,76.23294858,0,5,4168.3294858,113
Rohan Mustafa,1401,61.96373286,87,4,4160.6373286,114
TT Bresnan,871,88.51626016,120,0,4156.1626016,115
HDRL Thirimanne,3164,71.19711971,3,2,4135.9711971,116
CR Ervine,2770,76.2875241,0,6,4132.875241,117
BJ Haddin,3003,82.31907895,0,3,4126.1907895,118
S Lamichhane,440,88.0,120,4,4120.0,119
SC Ganguly,2409,70.25371829,22,5,4051.5371829,120
KL Rahul,2761,86.36221458,0,4,4024.6221458,121
JDS Neesham,1508,98.04941482,71,1,4008.4941482,122
WPUJC Vaas,569,67.33727811,118,4,4002.3727811,123
MA Leask,1306,111.3384484,64,3,3999.384484,124
PWH de Silva,859,102.7511962,85,4,3986.511962,125
L Lee,2516,82.6544021,2,6,3982.5440209999997,126
DM Bravo,3007,67.19553073,0,3,3978.9553072999997,127
Kamran Akmal,2746,81.38707765,0,4,3959.8707765,128
Imam-ul-Haq,2840,81.32875143,0,3,3953.2875143,129
DJS Dottin,1679,81.11111111,53,4,3950.1111111,130
WD Parnell,574,77.25437416,110,4,3946.5437416,131
IJL Trott,2819,75.53590568,3,3,3934.3590568,132
JR Hopes,1326,92.33983287,73,2,3909.3983287,133
Ahmed Shehzad,2555,70.52166713,2,6,3900.2166712999997,134
Soumya Sarkar,2044,95.29137529,20,5,3896.9137529,135
WTS Porterfield,2670,67.39020697,0,5,3843.9020697,136
H Klaasen,1977,115.008726,0,7,3827.0872600000002,137
SE Marsh,2622,79.02350814,0,4,3812.2350814,138
T Taibu,2837,66.95775313,0,3,3806.5775313,139
SS Iyer,2396,98.03600655,0,4,3776.3600655,140
MG Erasmus,1810,78.42287695,34,5,3774.2287695,141
AD Hales,2330,93.83809907,0,5,3768.3809907,142
KAJ Roach,308,50.49180328,132,3,3752.9180328,143
Mohammad Yousuf,2783,74.39187383,1,2,3746.9187383,144
SP Narine,363,79.78021978,99,6,3740.8021977999997,145
RD Berrington,2292,74.36729396,15,4,3735.6729396,146
Shubman Gill,2328,99.0216929,0,4,3718.216929,147
CL Tryon,1440,107.1428571,40,4,3711.428571,148
MV Boucher,2617,88.38230328,0,2,3700.8230328,149
BL Mooney,2433,84.71448468,0,4,3680.1448468,150
AL Phehlukwayo,827,83.03212851,96,1,3677.3212851,151
Sarfraz Ahmed,2289,85.63411897,0,5,3645.3411897,152
M du Preez,2223,69.59924859,1,7,3638.9924859000002,153
A Balbirnie,2438,74.21613394,1,4,3600.1613394,154
R Rampaul,338,75.11111111,115,2,3589.1111111,155
HE van der Dussen,2388,85.10334996,1,3,3559.0334996,156
DR Martyn,2239,75.38720539,1,5,3512.8720539,157
A Vala,1783,68.73554356,47,1,3510.3554356,158
DR Smith,1261,88.18181818,53,3,3502.8181818,159
MP Stoinis,1489,91.80024661,48,1,3467.0024660999998,160
CS MacLeod,2015,78.40466926,8,5,3459.0466926,161
Salman Butt,2186,74.55661664,0,5,3431.5661664,162
Liton Das,2178,84.32055749,0,4,3421.2055749,163
KJ Coetzer,2280,80.67940552,1,3,3406.7940552,164
CL White,2053,79.48122338,11,3,3367.8122338000003,165
A Khaka,108,46.35193133,129,2,3351.5193133000002,166
SP Fleming,2133,70.256917,0,5,3335.5691699999998,167
Imrul Kayes,2242,68.60465116,0,4,3328.0465116,168
CJ Chibhabha,1987,63.48242812,30,1,3321.8242812,169
Karan KC,457,83.24225865,81,4,3309.4225865,170
J Louw,23,328.5714286,0,0,3308.714286,171
AE Jones,2071,83.50806452,0,4,3306.0806452,172
RL Haynes,1966,79.11468813,2,5,3297.1468813,173
KIC Asalanka,1810,86.60287081,16,3,3296.0287081,174
DN Wyatt,1680,90.76175041,14,4,3267.6175041,175
Nida Dar,1171,65.63901345,62,2,3267.3901345,176
ME Trescothick,1997,80.52419355,2,4,3242.2419355,177
Junaid Siddique,1021,66.68843893,77,0,3227.8843893000003,178
Mohammad Rizwan,2254,87.36434109,0,1,3227.6434109,179
MD Patel,1792,80.03573024,0,6,3192.3573024,180
KM Jadhav,1318,100.841622,28,3,3186.41622,181
SM Sharif,492,69.78723404,89,2,3169.8723404,182
LMM Tahuhu,340,86.07594937,98,0,3160.7594937,183
E Lewis,1903,85.75935106,0,4,3160.5935105999997,184
A Nehra,90,51.72413793,115,2,3107.2413793,185
HM Nicholls,2116,78.98469578,0,2,3105.8469578,186
SJ Taylor,1651,85.45548654,0,6,3105.5548654,187
RK Paudel,1629,73.24640288,10,5,3061.4640288,188
AT Carey,1978,87.63845813,0,2,3054.3845813,189
EC Joyce,1845,69.2048012,0,5,3037.048012,190
DJ Hussey,1672,87.44769874,19,1,3026.4769874000003,191
Haris Sohail,1709,85.02487562,13,2,3019.2487562,192
Sompal Kami,621,71.70900693,79,1,3018.0900693,193
V Sibanda,2125,61.29218344,4,2,3017.9218344,194
Bismah Maroof,1938,63.27130264,12,2,3010.7130263999998,195
N Pooran,1829,95.60899111,6,1,3005.0899111,196
Inzamam-ul-Haq,1916,77.19580983,0,3,2987.9580983,197
NJ Astle,1571,75.60153994,8,5,2987.0153994,198
UT Yadav,79,58.08823529,116,0,2979.8823529,199
JA Morkel,705,96.9738652,50,3,2974.738652,200
J Botha,594,82.72980501,77,0,2961.2980501,201
D Ramdin,2072,78.60394537,0,1,2958.0394537,202
MS Atapattu,1978,66.82432432,0,3,2946.2432432,203
Yousuf Youhana,1740,78.80434783,0,4,2928.0434783,204
M Labuschagne,1764,82.81690141,6,2,2912.1690141,205
LL Tsotsobe,58,51.32743363,102,3,2911.2743363,206
AR Patel,568,90.01584786,67,1,2908.1584786,207
Imad Wasim,937,108.9534884,44,0,2906.5348839999997,208
MS Wade,1792,80.50314465,0,3,2897.0314465,209
LMP Simmons,1958,71.43378329,1,2,2892.3378328999997,210
SO Hetmyer,1410,105.6179775,0,4,2866.179775,211
RJ Peterson,523,82.2327044,76,0,2865.327044,212
WIA Fernando,1404,84.93647913,0,6,2853.3647913,213
P Nissanka,1810,84.10780669,0,2,2851.0780669,214
YK Pathan,810,110.0543478,37,2,2850.543478,215
DJ Mitchell,1616,96.5929468,13,0,2841.9294680000003,216
BJ McMullen,888,83.93194707,39,3,2807.3194707000002,217
MP O'Dowd,1682,68.90618599,1,4,2791.0618599,218
MD Gunathilaka,1592,83.83359663,8,2,2790.3359663,219
WA Young,1426,86.16314199,0,5,2787.6314199,220
MM Patel,74,64.9122807,93,2,2783.1228069999997,221
DJ Malan,1418,94.28191489,1,4,2780.8191489,222
NE Bolton,1443,69.7438376,2,6,2780.438376,223
N Vanua,769,78.95277207,56,1,2778.5277207,224
AT Rayudu,1637,76.38824078,3,3,2760.8824078,225
CA Soper,653,55.38592027,67,2,2746.8592027,226
BC Lara,1878,76.49694501,0,1,2742.9694501,227
Sidra Ameen,1595,63.04347826,0,5,2725.4347826000003,228
OA Shah,1579,80.43810494,7,2,2723.3810494,229
JD Ryder,1242,95.98145286,11,3,2721.8145286,230
V Aravind,1843,67.23823422,0,2,2715.3823422,231
Azhar Ali,1806,72.88135593,4,1,2714.8135592999997,232
SA Edwards,1504,90.6570223,0,3,2710.5702229999997,233
Haris Rauf,70,75.2688172,79,3,2702.688172,234
DS Airee,861,70.74774035,46,2,2688.4774035,235
J Charles,1544,83.91304348,0,3,2683.1304348,236
UT Khawaja,1539,82.52010724,0,3,2664.2010724,237
HH Dippenaar,1283,67.41986337,0,7,2657.1986337,238
Aasif Sheikh,1423,73.23726197,0,5,2655.3726197,239
MH Cross,1675,67.9788961,0,3,2654.788961,240
M van Lingen,1300,90.15256588,2,4,2641.5256588,241
HG Munsey,1675,85.15505846,0,1,2626.5505846,242
L Ronchi,1397,112.5705077,0,1,2622.7050769999996,243
TM Odoyo,830,69.10907577,45,2,2621.0907577,244
T Bavuma,1548,87.26042841,0,2,2620.6042841,245
N Dickwella,1604,91.24004551,0,1,2616.4004551,246
NJ O'Brien,1692,70.67669173,0,2,2598.7669173,247
Zahoor Khan,143,55.21235521,95,0,2595.1235521,248
N de Klerk,589,72.09302326,53,2,2569.9302325999997,249
MD Shanaka,1153,87.54745634,22,1,2568.4745634,250
Fatima Sana,484,69.54022989,59,2,2559.4022989,251
BA King,1306,82.8680203,0,4,2534.680203,252
Joginder Sharma,5,250.0,1,0,2525.0,253
Yasir Hameed,1459,65.57303371,0,4,2514.7303371,254
BM Scholtz,251,66.05263158,70,2,2511.5263158,255
K Bhurtel,1182,78.90520694,12,3,2511.0520693999997,256
HT Tector,1622,83.99792853,2,0,2501.9792853,257
SMSM Senanayake,290,90.34267913,60,1,2493.4267913,258
Aayan Afzal Khan,585,73.95701643,43,3,2484.5701643,259
C Munro,1249,103.4797017,9,0,2463.797017,260
R Trumpelmann,350,79.36507937,56,2,2463.6507937,261
Waseem Muhammad,1398,85.87223587,0,2,2456.7223587,262
Nasir Jamshed,1418,73.43345417,0,3,2452.3345417,263
IDR Bradshaw,259,61.22931442,69,2,2451.2931442,264
JJ Smit,839,71.89374464,39,1,2437.9374464,265
KD Karthik,1624,71.38461538,0,1,2437.8461538,266
LV van Beek,505,82.78688525,50,1,2432.8688525,267
CJA Amini,952,61.61812298,33,2,2428.1812298,268
MP Vaughan,1382,65.25023607,9,2,2414.5023607000003,269
AR Nurse,454,97.84482759,44,1,2412.4482759,270
SW Tait,25,86.20689655,66,2,2407.0689655,271
T Chetty,1414,68.50775194,0,3,2399.0775194,272
DP Conway,1226,86.95035461,0,3,2395.5035460999998,273
JM Kerr,232,105.9360731,55,0,2391.3607309999998,274
ML Green,1407,67.7093359,0,3,2384.093359,275
Javeria Khan,1408,61.51157711,8,2,2383.1157711,276
RP Singh,135,44.40789474,80,2,2379.0789474000003,277
F Behardien,1074,96.40933573,12,1,2378.0933573,278
JN Frylinck,615,73.65269461,36,3,2371.5269461,279
GH Lewis,1348,65.9813999,8,2,2367.813999,280
Asif Khan,1155,80.99579243,0,4,2364.9579243,281
PG Raut,1436,61.10638298,0,3,2347.0638298,282
CK Kapugedera,1505,69.77283264,2,1,2342.7283264,283
CR Brathwaite,527,85.97063622,46,0,2306.7063622,284
Jatinder Singh,1356,71.36842105,1,2,2289.6842105,285
RR Rossouw,1239,92.39373602,1,1,2282.9373602,286
Gulsan Jha,625,75.57436518,30,3,2280.7436518,287
S Matsikenyeri,1309,66.51422764,15,0,2274.1422764,288
Anamul Haque,1322,74.06162465,0,2,2262.6162464999998,289
WW Hinds,1066,65.5596556,22,1,2261.596556,290
HM Rowe,332,66.26746507,58,1,2254.6746507,291
JM Davison,443,112.7226463,19,3,2250.226463,292
Kushal Malla,756,86.89655172,26,1,2244.9655172000002,293
Vikramjit Singh,1190,70.33096927,7,2,2233.3096926999997,294
M Klaas,103,38.86792453,77,2,2231.6792453,295
Sabbir Rahman,1259,90.25089606,3,0,2221.5089606,296
PG Fulton,1216,70.45191194,0,3,2220.5191194,297
CM Edwards,1054,71.99453552,2,4,2213.9453552,298
Aliya Riaz,1207,63.66033755,13,1,2203.6033755,299
L Vincent,1089,68.36158192,1,4,2192.6158192000003,300
Shahriar Nafees,1216,66.92350028,0,3,2185.2350028,301
Nazmul Hossain Shanto,1165,79.95881949,1,2,2184.5881949,302
S Samarawickrama,1073,90.625,0,2,2179.25,303
JN Loftie-Eaton,796,74.25373134,22,2,2178.5373134,304
AJ Hosein,266,70.93333333,60,0,2175.3333333,305
G Singh,938,81.21212121,6,3,2170.1212121,306
CJ Jordan,184,84.40366972,47,2,2168.0366972,307
JF Mooney,610,81.769437,37,0,2167.69437,308
JI Rodrigues,1051,80.90839107,5,2,2160.0839107,309
ASS Fletcher,282,64.97695853,61,0,2151.7695853,310
KW Richardson,75,107.1428571,45,1,2146.428571,311
P Vastrakar,579,86.28912072,29,1,2121.8912072000003,312
H Thaker,612,66.81222707,22,4,2120.1222707,313
S Sreesanth,44,35.2,81,1,2116.0,314
BMAJ Mendis,593,80.02699055,31,1,2113.2699055,315
LPC Silva,1279,70.85872576,1,1,2107.5872576,316
Nashra Sandhu,89,27.55417957,87,0,2104.5417957,317
D Gough,137,69.19191919,58,1,2088.9191919,318
TP Ura,1196,78.37483617,0,1,2079.7483617,319
P Litchfield,895,78.37127846,0,4,2078.7127846,320
GC Wilson,1232,74.53115547,0,1,2077.3115546999998,321
TK Curran,303,91.26506024,38,1,2075.6506024,322
MJ Prior,1229,74.39467312,0,1,2072.9467311999997,323
Aftab Ahmed,1061,73.12198484,4,2,2072.2198484,324
MN Waller,1039,75.12653651,9,1,2070.2653651,325
RN ten Doeschate,594,87.09677419,20,2,2064.9677419,326
CA Henry,537,76.38691323,33,1,2060.8691323000003,327
C Green,626,81.2987013,21,2,2058.987013,328
M Kaif,1314,63.72453928,0,1,2051.2453928,329
RS Morton,1205,64.36965812,0,2,2048.6965812,330
O Prendergast,821,74.36594203,18,1,2024.6594203,331
Aarif Sheikh,1032,62.62135922,8,2,2018.2135922,332
GD Phillips,710,94.79305741,13,1,2017.9305741,333
Imran Farhat,1232,64.5364065,2,1,2017.364065,334
KJ Martin,1161,75.5859375,0,1,2016.859375,335
G Chapple,14,200.0,0,0,2014.0,336
Agha Salman,637,97.6993865,15,1,2013.993865,337
Mohammad Hasnain,53,155.8823529,20,0,2011.823529,338
DT Johnston,361,76.32135307,39,1,2004.2135306999999,339
RR Pant,871,102.9550827,0,1,2000.550827,340
A Mohammed,232,40.84507042,58,2,2000.4507042,341
AR Adams,165,107.1428571,28,2,1996.428571,342
S Prasanna,421,91.52173913,33,0,1996.2173913000001,343
LA Marsh,264,56.77419355,53,1,1991.7419355,344
PD Salt,866,112.4675325,0,0,1990.6753250000002,345
Ishan Kishan,886,99.5505618,0,1,1981.505618,346
JWA Taylor,879,79.54751131,0,3,1974.4751131,347
Asad Shafiq,1312,66.06243706,0,0,1972.6243706,348
JN Malan,958,81.39337298,0,2,1971.9337298,349
C Kieswetter,985,87.16814159,0,1,1956.6814159,350
AC Voges,798,83.47280335,6,2,1952.7280335,351
SA Campbelle,1167,59.90759754,4,1,1946.0759754,352
SC Kuggeleijn,11,183.3333333,5,0,1944.333333,353
R Powell,915,86.81214421,3,1,1943.1214421,354
SE Aley,15,187.5,2,0,1930.0,355
Sharjeel Khan,787,113.7283237,0,0,1924.283237,356
LM Kasperek,148,53.62318841,57,1,1924.2318841000001,357
S Bau,874,58.93459204,13,2,1923.3459204,358
RR Hendricks,930,76.79603633,1,2,1917.9603633000002,359
MS Chapman,684,102.8571429,0,2,1912.571429,360
AJ Blackwell,953,75.75516693,0,2,1910.5516693,361
FDM Karunaratne,1044,76.59574468,0,1,1909.9574468,362
HC Brook,653,105.4927302,0,2,1907.927302,363
SO Tikolo,705,64.26618049,28,0,1907.6618048999999,364
Shoaib Khan,843,82.24390244,2,2,1905.4390244,365
RP Arnold,1039,69.68477532,8,0,1895.8477532,366
SI Mahmood,84,84.84848485,38,2,1892.4848485,367
Simi Singh,406,78.52998066,30,1,1891.2998066,368
LJ Wright,707,84.36754177,17,0,1890.6754177,369
JM How,939,64.80331263,0,3,1887.0331262999998,370
UDU Chandana,260,66.15776081,38,2,1881.5776081,371
HASD Siriwardene,679,55.97691674,32,0,1878.7691674,372
CA Ingram,761,81.39037433,0,3,1874.9037432999999,373
Shoriful Islam,91,85.8490566,46,0,1869.490566,374
Fargana Hoque,1275,49.39945757,0,1,1868.9945757,375
Shaiman Anwar,947,81.49741824,5,0,1861.9741824,376
S Randiv,280,71.79487179,38,1,1857.9487179,377
Ali Naseer,396,99.2481203,23,0,1848.4812029999998,378
WB Rankin,78,42.62295082,67,0,1844.2295082,379
B Muzarabani,114,54.02843602,54,1,1834.2843602,380
KH Prajapati,996,73.72316802,0,1,1833.2316802,381
S Dhaniram,281,88.92405063,23,2,1830.2405063,382
SF Mire,729,77.22457627,11,1,1821.2457627,383
Diana Baig,262,68.94736842,43,0,1811.4736842,384
RV Uthappa,934,87.28971963,0,0,1806.8971963,385
NT Broom,919,78.68150685,0,1,1805.8150685,386
SIR Dunkley,789,79.45619335,1,2,1803.5619335000001,387
SA Yadav,773,102.9294274,0,0,1802.2942739999999,388
I Ranaweera,179,38.24786325,62,0,1801.4786325,389
Pargat Singh,722,77.6344086,5,2,1798.344086,390
Raqibul Hasan,1177,61.62303665,0,0,1793.2303665,391
AF Giles,286,73.33333333,38,0,1779.3333333,392
DS Smith,973,70.55837563,0,1,1778.5837563,393
RW Chakabva,1106,67.03030303,0,0,1776.3030303,394
DN Wellalage,285,75.0,27,2,1775.0,395
SSJ Brooks,842,73.2173913,0,2,1774.173913,396
PJ Hughes,826,73.88193202,0,2,1764.8193202,397
GT Main,82,92.13483146,33,1,1763.3483145999999,398
IECM Wong,15,166.6666667,4,0,1761.666667,399
SE Rutherford,497,110.4444444,3,1,1761.444444,400
KU Carty,1000,75.93014427,0,0,1759.3014427,401
Nahida Khan,1121,63.69318182,0,0,1757.9318182,402
VVS Laxman,828,72.50437828,0,2,1753.0437828,403
Mosaddek Hossain,524,80.0,16,1,1744.0,404
Sohag Gazi,182,87.92270531,24,2,1741.2270531,405
I Udana,227,96.18644068,22,1,1728.8644068,406
SM Katich,1041,68.62228082,0,0,1727.2228082000001,407
AT Nidamanuru,713,91.29321383,0,1,1725.9321383000001,408
GO Jones,715,80.97395243,0,2,1724.7395243,409
Mohammad Wasim,80,91.95402299,36,0,1719.5402299,410
KOA Powell,934,78.42149454,0,0,1718.2149454,411
Towhid Hridoy,759,85.47297297,0,1,1713.7297297,412
Kashif Daud,282,88.67924528,17,2,1708.7924528,413
Rameez Shahzad,848,75.84973166,0,1,1706.4973166,414
A Hunter,776,81.68421053,0,1,1692.8421053,415
RT Lyons,5,166.6666667,1,0,1691.666667,416
BM Duckett,700,98.17671809,0,0,1681.7671808999999,417
SV Samson,510,96.77419355,0,2,1677.7419355000002,418
BM Halliday,828,70.64846416,7,0,1674.4846416,419
AR Cusack,264,62.55924171,34,1,1669.5924171000001,420
AC Agar,322,80.5,22,1,1667.0,421
LM Jongwe,315,79.14572864,28,0,1666.4572864000002,422
STR Binny,230,91.26984127,21,1,1662.6984127,423
Chirag Suri,924,62.77173913,0,1,1651.7173913000001,424
TD Paine,861,68.88,0,1,1649.8,425
WG Jacks,468,98.11320755,5,1,1649.1320755,426
L Siaka,749,73.93879566,3,1,1648.3879566,427
Umaima Sohail,670,61.69429098,18,0,1646.9429098,428
VS Solanki,829,69.43048576,1,1,1643.3048576,429
SR Mukkamalla,711,82.86713287,0,1,1639.6713287,430
AE Smith,45,150.0,4,0,1625.0,431
TT Samaraweera,669,73.19474836,1,2,1620.9474836,432
Muhammad Usman,888,73.26732673,0,0,1620.6732673,433
CK Coventry,645,87.51696065,0,1,1620.1696065,434
ME Bouchier,482,103.4334764,0,1,1616.334764,435
Nigar Sultana,927,48.81516588,0,2,1615.1516588,436
SJ Modani,898,61.50684932,0,1,1613.0684932,437
Usama Mir,38,126.6666667,15,0,1604.666667,438
CJ Ferguson,663,83.39622642,0,1,1596.9622642,439
FH Allen,582,91.36577708,0,1,1595.6577708,440
PSP Handscomb,632,96.34146341,0,0,1595.4146341,441
J Nkomo,354,64.01446655,25,1,1594.1446655,442
CP Rizwan,901,57.27908455,1,1,1593.7908455000002,443
RM Ghosh,690,90.19607843,0,0,1591.9607843,444
Washington Sundar,315,81.60621762,23,0,1591.0621762,445
LS Greenway,732,65.82733813,0,2,1590.2733813,446
SW Billings,690,89.84375,0,0,1588.4375,447
Syed Rasel,76,45.23809524,53,0,1588.3809524,448
Mohammad Nawaz,173,78.99543379,21,2,1582.9543379000002,449
W Barresi,820,76.20817844,0,0,1582.0817843999998,450
Pratika Rawal,444,89.51612903,2,2,1579.1612903,451
T Brits,786,69.1292876,0,1,1577.292876,452
Afif Hossain,548,86.84627575,3,1,1576.4627575,453
JM Vince,590,86.51026393,1,1,1575.1026393,454
D Hazell,109,77.85714286,34,0,1567.5714286,455
H Deol,561,76.53478854,2,2,1566.3478854,456
DT Christian,273,87.22044728,21,0,1565.2044728,457
J Fraser-McGurk,87,147.4576271,0,0,1561.576271,458
Babar Hayat,539,71.96261682,0,3,1558.6261682,459
Asif Ali,375,118.29653,0,0,1557.9653,460
SHT Kandamby,827,69.03171953,2,0,1557.3171953,461
MK Pandey,558,89.42307692,0,1,1552.2307692,462
JN Mohammed,621,66.84607104,8,1,1549.4607104,463
L Klusener,163,104.4871795,12,1,1547.871795,464
M Kartik,102,74.45255474,30,1,1546.5255474,465
AJ Tye,57,118.75,15,0,1544.5,466
D Bishoo,164,61.88679245,38,0,1542.8679245,467
AA Alleyne,341,60.03521127,30,0,1541.3521127,468
Tanvir Ahmed,18,150.0,1,0,1538.0,469
Muneeba Ali,948,58.91858297,0,0,1537.1858296999999,470
AG Prince,761,67.58436945,0,1,1536.8436944999999,471
HJH Marshall,661,67.44897959,0,2,1535.4897959,472
S Horley,276,77.52808989,9,3,1531.2808989,473
GB Brent,192,62.95081967,25,2,1521.5081967,474
BJ Hodge,516,88.5077187,1,1,1521.0771869999999,475
S Rana,184,81.4159292,26,0,1518.1592919999998,476
SS Weerakkody,328,62.95585413,28,0,1517.5585413,477
L Goodall,817,59.8973607,0,1,1515.973607,478
JP Inglis,521,99.23809524,0,0,1513.3809524,479
Imran Nazir,531,87.91390728,0,1,1510.1390728000001,480
SW Ambris,473,93.66336634,0,1,1509.6336634,481
RL Bhudia,22,146.6666667,1,0,1508.666667,482
J Overton,32,145.4545455,1,0,1506.545455,483
JWM Dalrymple,487,71.93500739,15,0,1506.3500739,484
Arshdeep Singh,37,108.8235294,14,1,1505.235294,485
MG Bevan,755,64.14613424,0,1,1496.4613424,486
AJ Turner,192,116.3636364,2,1,1495.636364,487
A Steyn,781,61.11111111,0,1,1492.1111111,488
JA Rudolph,820,66.7752443,0,0,1487.7524429999999,489
JD Campbell,248,113.7614679,0,1,1485.614679,490
SS Pathirana,332,83.20802005,16,0,1484.0802005,491
Habibul Bashar,926,55.41591861,0,0,1480.1591861,492
PA Patel,693,78.39366516,0,0,1476.9366516,493
JDF Vandersay,112,46.47302905,40,1,1476.7302905000001,494
Shafali Verma,644,79.21279213,2,0,1476.1279213,495
NJ Carey,136,93.79310345,20,0,1473.9310345,496
ZE Green,686,78.66972477,0,0,1472.6972477,497
Rumana Ahmed,346,50.65885798,26,1,1472.5885798,498
RH Priest,661,81.00490196,0,0,1471.0490196,499
PA de Silva,390,80.08213552,14,0,1470.8213552,500
PL Mommsen,601,76.46310433,0,1,1465.6310432999999,501
YH Bhatia,666,69.88457503,0,1,1464.8457503,502
Mohammad Mithun,711,75.0,0,0,1461.0,503
EJ Villani,468,77.22772277,6,1,1460.2772277,504
N Chantam,473,68.65021771,0,3,1459.5021771000002,505
MO Odumbe,324,89.25619835,7,1,1456.5619835,506
S Molineux,64,83.11688312,23,1,1455.1688312,507
B Sharki,703,65.03237743,0,1,1453.3237743,508
L Balaji,104,78.78787879,28,0,1451.8787879,509
SKW Kelly,7,140.0,2,0,1447.0,510
Saad Bin Zafar,217,72.57525084,25,0,1442.7525084,511
AM Peterson,167,79.14691943,19,1,1438.4691943,512
TLW Cooper,576,74.22680412,6,0,1438.2680412,513
T de Zorzi,381,95.4887218,0,1,1435.8872179999998,514
Naseem Khushi,360,107.4626866,0,0,1434.626866,515
JH Davey,193,61.85897436,26,1,1431.5897436,516
G Malla,753,65.76419214,1,0,1430.6419214,517
PJ Ongondo,150,60.0,34,0,1430.0,518
AAP Atkinson,63,114.5454545,11,0,1428.454545,519
AA Jangoo,104,122.3529412,0,1,1427.529412,520
HN Ya France,237,80.88737201,14,1,1425.8737201000001,521
PW Borren,413,89.20086393,6,0,1425.0086393,522
L Tucker,657,76.75233645,0,0,1424.5233645,523
NND de Silva,703,66.07142857,3,0,1423.7142857,524
TL Best,72,63.15789474,36,0,1423.5789474,525
J Sumerauer,84,113.5135135,10,0,1419.135135,526
Nasum Ahmed,156,87.64044944,14,1,1412.4044944,527
Sharmin Akhter,643,56.40350877,0,2,1407.0350877,528
Mohammad Nawaz (3),193,87.33031674,17,0,1406.3031674,529
Kabir Ali,54,93.10344828,21,0,1405.0344828,530
NR Kirton,483,74.19354839,4,1,1404.9354839,531
CG Williams,427,77.63636364,5,1,1403.3636364,532
KP Meiyappan,163,47.66081871,38,0,1399.6081871000001,533
Wasim Akram,71,98.61111111,12,1,1397.1111111,534
H Madavi,729,66.69716377,0,0,1395.9716377,535
EL Lamb,396,83.72093023,3,1,1393.2093023,536
MH Yardy,326,66.53061224,20,0,1391.3061223999998,537
A Johnson,438,95.2173913,0,0,1390.173913,538
M Dillon,44,84.61538462,25,0,1390.1538461999999,539
Bilawal Bhatti,89,115.5844156,7,0,1384.844156,540
CN Ackermann,326,75.11520737,15,0,1377.1520737,541
Nizakat Khan,508,80.89171975,3,0,1376.9171975,542
CD Wallace,515,86.12040134,0,0,1376.2040134,543
CN Nation,831,54.45609436,0,0,1375.5609436,544
PP Shaw,189,108.6206897,0,1,1375.206897,545
Tanzid Hasan,364,101.1111111,0,0,1375.1111110000002,546
Kaleem Sana,73,75.25773196,27,0,1365.5773196,547
SM Davies,244,102.0920502,0,1,1364.920502,548
AGS Gous,157,110.5633803,0,1,1362.6338030000002,549
Abdullah Shafique,554,80.40638607,0,0,1358.0638607,550
CK Hooper,4,133.3333333,1,0,1357.333333,551
KT Perkins,618,73.74701671,0,0,1355.4701671,552
PJC Hoffmann,30,130.4347826,1,0,1354.3478260000002,553
RK Singh,55,127.9069767,1,0,1354.069767,554
Mominul Haque,495,73.7704918,6,0,1352.704918,555
N Deonarine,546,62.54295533,4,1,1351.4295533,556
Shayan Jahangir,497,85.24871355,0,0,1349.4871355,557
SMA Priyanjan,420,78.79924953,7,0,1347.9924953,558
K Verreynne,476,87.17948718,0,0,1347.7948718,559
FC Wilson,412,93.42403628,0,0,1346.2403628,560
TW Hartley,12,133.3333333,0,0,1345.333333,561
TB Sole,38,102.7027027,9,1,1345.027027,562
Sandeep Goud,535,69.84334204,0,1,1333.4334204,563
V Krishnamurthy,410,86.31578947,3,0,1333.1578947,564
RM Haq,181,51.1299435,27,1,1332.299435,565
PP Chawla,38,63.33333333,33,0,1331.3333333,566
A Bagai,614,61.70854271,0,1,1331.0854271,567
Haider Ali,42,127.2727273,0,0,1314.727273,568
A Nao,54,76.05633803,20,1,1314.5633803,569
AN Petersen,498,81.63934426,0,0,1314.3934426,570
A Bosch,355,73.8045738,1,2,1313.045738,571
JE Cameron,452,75.20798669,0,1,1304.0798669,572
AK Sah,320,87.67123288,0,1,1296.7123288,573
Tayyab Tahir,57,123.9130435,0,0,1296.130435,574
Khushdil Shah,200,93.45794393,3,1,1294.5794393,575
MD Dai,277,75.47683924,13,0,1291.7683924,576
GJ Delany,217,95.1754386,6,0,1288.754386,577
J Mubarak,531,63.7454982,1,1,1288.454982,578
Asmavia Iqbal,225,52.3255814,27,0,1288.255814,579
PJ Moor,520,66.58130602,0,1,1285.8130602,580
T Mupariwa,87,41.82692308,39,0,1285.2692308,581
KS Lokuarachchi,164,75.57603687,18,0,1279.7603687,582
C Zhuwao,154,112.4087591,0,0,1278.087591,583
SR Thompson,178,89.8989899,10,0,1276.9898990000002,584
U Bhatti,120,91.60305344,12,0,1276.0305343999999,585
L Winfield,564,70.76537014,0,0,1271.6537014,586
CM McBride,386,70.4379562,4,1,1270.379562,587
MA Vermeulen,517,64.94974874,0,1,1266.4974874,588
Saud Shakeel,283,86.2804878,1,1,1265.804878,589
MW Machan,393,79.07444668,4,0,1263.7444667999998,590
KE Bryce,301,84.07821229,6,0,1261.7821229,591
T Stubbs,218,93.96551724,0,1,1257.6551724,592
Naumanullah,5,125.0,0,0,1255.0,593
JP Behrendorff,21,91.30434783,16,0,1254.0434783,594
DES Maxwell,54,120.0,0,0,1254.0,595
Tanzim Hasan Sakib,95,77.86885246,14,1,1253.6885246,596
PD McGlashan,63,118.8679245,0,0,1251.679245,597
R MacDonald-Gay,17,121.4285714,1,0,1251.2857139999999,598
DNT Zoysa,36,65.45454545,23,1,1250.5454545,599
LE Bosman,301,94.65408805,0,0,1247.5408805,600
B Evans,121,78.57142857,17,0,1246.7142857,601
Abid Ali,234,91.05058366,0,1,1244.5058366,602
RM Patidar,22,122.2222222,0,0,1244.222222,603
KM Dabengwa,364,57.68621236,15,0,1240.8621236,604
BJ Watling,573,66.62790698,0,0,1239.2790698000001,605
SSB Magala,18,72.0,15,2,1238.0,606
GWHM Perera,668,56.75446049,0,0,1235.5446049,607
WP Masakadza,204,59.13043478,22,0,1235.3043478,608
A Ndiraya,428,68.58974359,1,1,1233.8974359,609
DSK Madushanka,7,116.6666667,3,0,1233.666667,610
SDNS Karunaratne,17,121.4285714,0,0,1231.2857139999999,611
ARI Umeed,138,99.28057554,0,1,1230.8057554,612
G Voll,173,105.4878049,0,0,1227.878049,613
P Khadka,252,79.49526814,4,1,1226.9526814,614
Adnan Mufti,328,79.4188862,0,1,1222.188862,615
D Langford-Smith,79,94.04761905,10,0,1219.4761905,616
AC Botha,265,63.24582339,16,0,1217.4582338999999,617
Kycia A Knight,699,51.77777778,0,0,1216.7777778,618
TG Norris,59,101.7241379,7,0,1216.241379,619
WA Agar,50,116.2790698,0,0,1212.790698,620
TL Seifert,33,117.8571429,0,0,1211.571429,621
CR Foggo,6,120.0,0,0,1206.0,622
MW Short,195,98.98477157,1,0,1204.8477157000002,623
TS Nethula,12,109.0909091,5,0,1202.909091,624
Q Joseph,179,70.19607843,16,0,1200.9607843,625
Hasan Mahmud,37,48.05194805,29,1,1197.5194805,626
T Mishra,395,70.03546099,0,1,1195.3546099,627
LR Down,486,60.82603254,0,1,1194.2603254,628
A Sharma,323,69.01709402,4,1,1193.1709402000001,629
SJ Myburgh,347,74.46351931,0,1,1191.6351931,630
S Nisansala,20,90.90909091,8,1,1189.0909091,631
CB Wishart,361,72.78225806,0,1,1188.8225806,632
MDT Kamini,353,63.48920863,0,2,1187.8920862999998,633
KNM Fernando,107,108.0808081,0,0,1187.808081,634
C Brits,292,69.35866983,0,2,1185.5866983,635
MK Tiwary,287,69.66019417,5,1,1183.6019417,636
PM Weerakkody,638,54.43686007,0,0,1182.3686007000001,637
AA Obanda,487,69.17613636,0,0,1178.7613636,638
GA Manou,7,116.6666667,0,0,1173.666667,639
MADD Surangika,642,53.05785124,0,0,1172.5785124,640
RD Rickelton,188,88.2629108,0,1,1170.629108,641
Jaker Ali,113,105.6074766,0,0,1169.074766,642
SR Hain,106,106.0,0,0,1166.0,643
S Nitschke,81,96.42857143,1,1,1165.2857143,644
SG Borthwick,18,112.5,1,0,1163.0,645
TP Visee,72,109.0909091,0,0,1162.909091,646
DS Weerakkody,73,108.9552239,0,0,1162.5522389999999,647
KH Pandya,130,99.23664122,2,0,1162.3664122,648
R Rijke,238,70.20648968,6,1,1160.0648968,649
A Capsey,283,71.64556962,8,0,1159.4556962000001,650
RK Kleinveldt,105,81.39534884,12,0,1158.9534884,651
JL Denly,446,69.14728682,1,0,1157.4728682,652
Rashid Latif,335,82.10784314,0,0,1156.0784314,653
Z Crawley,199,95.67307692,0,0,1155.7307692,654
GS Ballance,454,70.17001546,0,0,1155.7001546000001,655
TS Chisoro,109,70.32258065,12,1,1152.2258065,656
L Jack,113,103.6697248,0,0,1149.697248,657
Sadia Iqbal,28,50.0,31,0,1148.0,658
MDK Perera,152,73.42995169,13,0,1146.2995169,659
RML Taylor,105,82.03125,11,0,1145.3125,660
PA Nixon,297,84.61538462,0,0,1143.1538461999999,661
FL Mackay,125,63.7755102,19,0,1142.755102,662
P Marange,125,81.69934641,10,0,1141.9934641,663
S Meghana,114,102.7027027,0,0,1141.027027,664
MJ Cosgrove,78,96.2962963,0,1,1140.962963,665
Suraj Kumar,392,74.80916031,0,0,1140.0916031,666
Mudassar Bukhari,126,69.23076923,16,0,1138.3076923,667
IJR Zwilling,145,41.31054131,29,0,1138.1054131,668
Khaled Mashud,605,53.1167691,0,0,1136.167691,669
Moin Khan,274,86.16352201,0,0,1135.6352201,670
A Athanaze,306,80.95238095,1,0,1135.5238095,671
AG Wharf,19,65.51724138,18,1,1134.1724138,672
M Mupachikwa,376,55.7037037,0,2,1133.037037,673
MK Villiers,32,100.0,5,0,1132.0,674
SC Taylor,77,105.4794521,0,0,1131.794521,675
Shakeel Ahmed,69,52.27272727,17,2,1131.7272727,676
ID Blackwell,146,68.54460094,15,0,1131.4460094,677
RTM Mendis,50,100.0,4,0,1130.0,678
KJJ van Noortwijk,141,98.6013986,0,0,1127.013986,679
TA Blundell,266,86.08414239,0,0,1126.8414238999999,680
IA Karim,196,82.70042194,0,1,1123.0042194,681
L Louwrens,535,58.2788671,0,0,1117.788671,682
AM Hardie,134,84.27672956,7,0,1116.7672956000001,683
P Mustard,219,89.75409836,0,0,1116.5409836,684
M Vijay,339,65.69767442,1,1,1115.9767442,685
LN Rajbanshi,37,23.71794872,42,0,1114.1794872,686
PBB Rajapaksa,89,102.2988506,0,0,1111.988506,687
SK Patel,278,73.35092348,0,1,1111.5092348,688
Shamsur Rahman,266,74.50980392,0,1,1111.0980392,689
TBM de Leede,113,53.80952381,18,1,1111.0952381,690
N Mlaba,40,58.82352941,24,0,1108.2352941,691
AR White,301,60.44176707,10,0,1105.4176707,692
H Patel,176,88.88888889,2,0,1104.8888889,693
O Thomas,22,28.20512821,30,2,1104.0512821,694
Mohammad Aadil Alam,70,85.36585366,9,0,1103.6585366,695
A Neill,29,67.44186047,15,1,1103.4186046999998,696
K Kamyuka,2,100.0,5,0,1102.0,697
RMVD Gunaratne,401,69.98254799,0,0,1100.8254799000001,698
JAD Lawrenson,177,82.3255814,0,1,1100.255814,699
MN van Wyk,425,67.35340729,0,0,1098.5340729,700
K Fraser,152,76.38190955,9,0,1095.8190955,701
K Klein,61,69.31818182,17,0,1094.1818182000002,702
AA Mulla,150,93.75,0,0,1087.5,703
Muhammad Jawadullah,14,93.33333333,7,0,1087.3333333,704
Shariz Ahmad,159,54.63917526,19,0,1085.3917526,705
TK Musakanda,210,87.5,0,0,1085.0,706
DO Leicher,32,103.2258065,1,0,1084.258065,707
DD Ebrahim,555,52.85714286,0,0,1083.5714286,708
DG Brownlie,361,72.2,0,0,1083.0,709
HDPK Dharmasena,129,83.22580645,6,0,1081.2580644999998,710
K Doriga,520,56.09492988,0,0,1080.9492988000002,711
Murshida Khatun,429,55.0,0,1,1079.0,712
CMA Shillington,179,89.94974874,0,0,1078.4974874,713
Kyshona A Knight,597,47.9903537,0,0,1076.9035370000001,714
Nurul Hasan,165,91.16022099,0,0,1076.6022099,715
Utkarsh Srivastava,75,100.0,0,0,1075.0,716
DEM Carter,200,71.17437722,8,0,1071.7437722,717
MM English,107,86.29032258,0,1,1069.9032258,718
PKD Chase,22,66.66666667,19,0,1068.6666667,719
A Rawat,153,81.38297872,0,1,1066.8297871999998,720
Nain Abidi,521,54.55497382,0,0,1066.5497381999999,721
AR Caddick,64,54.23728814,18,1,1066.3728814,722
Ghulam Shabber,444,62.01117318,0,0,1064.1117318000001,723
CS Baugh,382,67.85079929,0,0,1060.5079928999999,724
T Banton,134,92.4137931,0,0,1058.1379310000002,725
N Chaiwai,244,61.30653266,0,2,1057.0653266,726
CW Perchard,31,88.57142857,7,0,1056.7142857,727
CD de Lange,65,69.14893617,15,0,1056.4893617,728
Zafar Gohar,15,100.0,2,0,1055.0,729
S Jimmy,118,59.5959596,17,0,1053.9595960000001,730
Yasir Ali Chowdhury,101,95.28301887,0,0,1053.8301887,731
L Cheatle,13,100.0,2,0,1053.0,732
R Chopra,260,68.96551724,0,1,1049.6551724,733
Mahedi Hasan,122,62.56410256,15,0,1047.6410256,734
MA Jones,385,66.15120275,0,0,1046.5120275,735
A van der Merwe,4,100.0,2,0,1044.0,736
H Hiri,435,54.78589421,3,0,1042.8589421000001,737
NV Knight,339,70.1863354,0,0,1040.863354,738
CT Mutombodzi,122,81.87919463,5,0,1040.7919463,739
JL Smith,133,90.47619048,0,0,1037.7619048000001,740
RD Shah,407,62.9057187,0,0,1036.0571869999999,741
CR Pagydyala,136,80.0,0,1,1036.0,742
A Flower,332,70.33898305,0,0,1035.3898305,743
JG Bethell,167,78.77358491,4,0,1034.7358491,744
R Mutumbami,319,71.36465324,0,0,1032.6465324,745
J Gumbie,379,65.232358,0,0,1031.32358,746
TS Roland-Jones,37,97.36842105,1,0,1030.6842105,747
TB Robinson,48,97.95918367,0,0,1027.5918367,748
PJ Scholfield,59,96.72131148,0,0,1026.2131147999999,749
BAM Heath,59,96.72131148,0,0,1026.2131147999999,750
AI Chudasama,79,74.52830189,10,0,1024.2830189,751
HL Baker,3,100.0,1,0,1023.0,752
KDU Prabodhani,126,35.69405099,27,0,1022.9405099,753
BP Nash,21,100.0,0,0,1021.0,754
CS Mugeri-Tiripano,280,74.07407407,0,0,1020.7407407,755
AB Barath,394,62.6391097,0,0,1020.391097,756
JP Kotze,316,70.37861915,0,0,1019.7861915000001,757
BR McDermott,223,79.64285714,0,0,1019.4285714,758
DE Budge,237,76.20578778,1,0,1019.0578777999999,759
BJ Bennett,71,94.66666667,0,0,1017.6666667,760
BA Langston,21,95.45454545,2,0,1015.5454545,761
MS Sinclair,367,64.8409894,0,0,1015.409894,762
MA Ouma,468,54.73684211,0,0,1015.3684211,763
Azhar Mahmood,126,76.82926829,6,0,1014.2926829,764
AC Cummins,21,91.30434783,4,0,1014.0434783,765
D Khanal,329,68.25726141,0,0,1011.5726141,766
GR Codrington,80,65.04065041,9,1,1010.4065041,767
L Wood,10,100.0,0,0,1010.0,768
JF Kloppenburg,149,62.08333333,7,1,1009.8333333,769
M Levitt,196,79.35222672,1,0,1009.5222672,770
B Sai Sudharsan,127,88.19444444,0,0,1008.9444444,771
M Musonda,262,64.69135802,0,1,1008.9135802,772
Mehran Khan,66,94.28571429,0,0,1008.8571429,773
PJ Forrest,368,63.77816291,0,0,1005.7816291,774
H Carlyon,125,83.89261745,2,0,1003.9261745,775
Raza-ur-Rehman,174,80.93023256,1,0,1003.3023255999999,776
Pankaj Singh,3,100.0,0,0,1003.0,777
G Kirsten,186,81.57894737,0,0,1001.7894736999999,778
TSS Mackintosh,169,83.25123153,0,0,1001.5123153,779
GJ McCarter,1,100.0,0,0,1001.0,780
PJ Ingram,193,80.75313808,0,0,1000.5313808,781
S Movva,324,67.21991701,0,0,996.1991701000001,782
BN Cooper,148,84.57142857,0,0,993.7142856999999,783
D Ravu,128,66.32124352,10,0,991.2124352,784
Zulfiqar Babar,35,87.5,4,0,990.0,785
AJ Stewart,287,70.17114914,0,0,988.7114914,786
DM Kimmince,37,71.15384615,7,1,988.5384615,787
CO Browne,144,84.21052632,0,0,986.1052632,788
MR Meshram,322,56.39229422,0,1,985.9229422,789
B Bezuidenhout,266,71.89189189,0,0,984.9189189,790
AM Tribe,233,75.16129032,0,0,984.6129032000001,791
K Weeraratne,120,86.33093525,0,0,983.3093524999999,792
LK Ebsary,23,95.83333333,0,0,981.3333333,793
DJM Short,211,77.00729927,0,0,981.0729927,794
GJ Hopkins,236,74.44794953,0,0,980.4794953,795
KA Edwards,331,64.90196078,0,0,980.0196077999999,796
DLS van Bunge,293,56.45472062,6,0,977.5472062,797
LR Naylor,20,95.23809524,0,0,972.3809524000001,798
D la Cock,313,65.89473684,0,0,971.9473684,799
V Sukumaran,194,61.78343949,3,1,971.8343949,800
GH Worker,272,69.92287918,0,0,971.2287918,801
I Kaia,332,63.84615385,0,0,970.4615385,802
Avesh Khan,23,76.66666667,9,0,969.6666667,803
MJ Lumb,165,80.09708738,0,0,965.9708738,804
JP Bray,234,63.07277628,0,1,964.7277627999999,805
C Madande,251,71.10481586,0,0,962.0481586000001,806
SM Benade,100,78.125,4,0,961.25,807
MAA Sanjeewani,395,56.509299,0,0,960.09299,808
NS Dhaliwal,295,56.40535373,0,1,959.0535373,809
GF Linde,27,87.09677419,3,0,957.9677419000001,810
SA Engelbrecht,327,63.00578035,0,0,957.0578035,811
TL Chivanga,18,85.71428571,4,0,955.1428571,812
WK McCallan,101,57.38636364,14,0,954.8636364,813
B de Leede,289,66.43678161,0,0,953.3678161,814
Javed Omar,468,48.39710445,0,0,951.9710445000001,815
HDJ Siegers,105,84.67741935,0,0,951.7741934999999,816
Shahzaib Hasan,100,84.74576271,0,0,947.4576271,817
HK Badani,135,77.14285714,2,0,946.4285714,818
BCJ Cutting,53,79.10447761,5,0,944.0447761,819
BT Foakes,61,78.20512821,0,1,943.0512821,820
C Jonker,31,91.17647059,0,0,942.7647059,821
N M'shangwe,38,86.36363636,2,0,941.6363636,822
P Siaka,160,68.08510638,5,0,940.8510638,823
Ayesha Zafar,407,53.27225131,0,0,939.7225131,824
RS Williams,477,46.22093023,0,0,939.2093023,825
XM Marshall,379,55.98227474,0,0,938.8227474,826
Umar Amin,271,66.42156863,0,0,935.2156863,827
S Laomi,61,54.95495495,16,0,930.5495495,828
R Slater,9,90.0,1,0,929.0,829
ML Nkala,125,70.2247191,5,0,927.247191,830
MC Henriques,117,60.9375,10,0,926.375,831
N Davin,88,83.80952381,0,0,926.0952381,832
LHD Dilhara,49,81.66666667,3,0,925.6666667,833
A Sharafu,257,66.75324675,0,0,924.5324675,834
Saeed Anwar,218,68.55345912,1,0,923.5345912,835
I Wardlaw,18,54.54545455,18,0,923.4545455,836
HHC Gunaratne,13,65.0,8,1,923.0,837
HP Tillakaratne,332,59.0747331,0,0,922.747331,838
B Cooper,339,58.34767642,0,0,922.4767641999999,839
Jahurul Islam,226,69.53846154,0,0,921.3846154,840
A Minny,106,81.53846154,0,0,921.3846154,841
F Overdijk,224,47.55838641,11,0,919.5838641,842
MKDI Amerasinghe,5,71.42857143,10,0,919.2857143000001,843
JA Burns,146,77.24867725,0,0,918.4867725,844
A Patel,25,83.33333333,3,0,918.3333333,845
S Chattergoon,281,63.71882086,0,0,918.1882086,846
J Kila,159,63.85542169,6,0,917.5542169,847
EN Lynch,115,50.21834061,15,0,917.1834061,848
CJ Bowes,99,81.81818182,0,0,917.1818182000001,849
PS Punia,273,54.27435388,0,1,915.7435388,850
L Winfield-Hill,294,62.02531646,0,0,914.2531646,851
HMD Rasangika,232,58.0,0,1,912.0,852
ADS Fletcher,305,60.6361829,0,0,911.3618290000001,853
O Kamchomphu,35,57.37704918,15,0,908.7704918,854
SS Tiwary,49,85.96491228,0,0,908.6491228,855
MS Panesar,26,28.26086957,30,0,908.6086957,856
SF Daley,141,58.75,9,0,908.5,857
C Tear,237,66.94915254,0,0,906.4915254,858
TJ Friend,132,75.42857143,1,0,906.2857143000001,859
TS Kamunhukamwe,131,77.5147929,0,0,906.147929,860
DC Thomas,238,62.79683377,2,0,905.9683377,861
R Gunasekera,255,55.07559395,0,1,905.7559395,862
SI Kamea,18,32.72727273,28,0,905.2727273,863
ML Udawatte,243,66.21253406,0,0,905.1253406,864
SP Terry,16,88.88888889,0,0,904.8888889,865
N Koncharoenkai,120,78.43137255,0,0,904.3137255,866
T Ruma,232,63.04347826,2,0,902.4347826000001,867
JA McCollum,178,72.35772358,0,0,901.5772357999999,868
FY Fazal,55,84.61538462,0,0,901.1538462,869
SJ Baard,326,57.49559083,0,0,900.9559082999999,870
TS Hasabnis,140,76.08695652,0,0,900.8695652,871
HJ Armitage,78,82.10526316,0,0,899.0526316,872
D Cleaver,32,86.48648649,0,0,896.8648649,873
TD Smartt,40,61.53846154,12,0,895.3846154,874
C Hemraj,82,81.18811881,0,0,893.8811881,875
Mohammad Boota,173,72.08333333,0,0,893.8333333,876
Amjad Ali,249,64.34108527,0,0,892.4108527,877
D Dhingra,237,65.46961326,0,0,891.6961326,878
G Kodali,46,60.52631579,7,1,891.2631579,879
KDK Vithanage,75,81.52173913,0,0,890.2173913,880
CA Lynn,75,81.52173913,0,0,890.2173913,881
MR Johnson,20,86.95652174,0,0,889.5652173999999,882
MB Loye,142,74.73684211,0,0,889.3684211,883
FRJ Coleman,160,72.72727273,0,0,887.2727272999999,884
Shorna Akter,147,60.0,7,0,887.0,885
NRJ Croes,207,67.86885246,0,0,885.6885245999999,886
SA Wijeratne,191,69.45454545,0,0,885.5454545,887
C Viljoen,19,82.60869565,2,0,885.0869565,888
L Sreekumar,57,82.60869565,0,0,883.0869565,889
ND McKenzie,182,70.0,0,0,882.0,890
Taufeeq Umar,262,51.98412698,0,1,881.8412698,891
GE Plimmer,256,62.43902439,0,0,880.3902439,892
S Jora,56,82.35294118,0,0,879.5294118,893
MJ Hay,59,81.94444444,0,0,878.4444444,894
BJ Currie,9,40.90909091,18,1,878.0909091000001,895
S Sriharsha,200,67.79661017,0,0,877.9661017,896
DR Chumney,219,65.17857143,0,0,870.7857143000001,897
SL Quintyne,117,57.35294118,9,0,870.5294118,898
NFI McCallum,233,63.66120219,0,0,869.6120219,899
PP Ojha,46,40.35087719,21,0,869.5087719,900
GI Maiden,12,85.71428571,0,0,869.1428571,901
NY McLean,231,63.8121547,0,0,869.121547,902
TH David,45,80.35714286,1,0,868.5714286,903
G Toka,268,54.03225806,3,0,868.3225805999999,904
DM Richards,179,68.84615385,0,0,867.4615385,905
Shamima Sultana,304,56.2962963,0,0,866.9629630000001,906
DA Gunawardene,322,54.48392555,0,0,866.8392555,907
GM Ewing,77,66.95652174,6,0,866.5652173999999,908
BMSM Kumari,99,40.74074074,18,0,866.4074074,909
PA Browne,134,73.22404372,0,0,866.2404372,910
Musa Ahmed,238,62.79683377,0,0,865.9683377,911
Shuvagata Hom,70,79.54545455,0,0,865.4545455,912
K Birkenstock,233,53.19634703,5,0,864.9634702999999,913
SA Millanta,15,78.94736842,3,0,864.4736842,914
ES Szwarczynski,281,58.29875519,0,0,863.9875519,915
MB Kruger,154,70.96774194,0,0,863.6774194,916
Mohammad Haris,30,83.33333333,0,0,863.3333333,917
A Ashok,10,83.33333333,1,0,863.3333333,918
B Bhandari,265,59.81941309,0,0,863.1941309,919
MR Aguilleira,323,54.01337793,0,0,863.1337793,920
CMW Read,156,70.58823529,0,0,861.8823529,921
JM Fields,215,64.56456456,0,0,860.6456456,922
Ayesha Naseem,33,82.5,0,0,858.0,923
TM Dowlin,228,62.98342541,0,0,857.8342541000001,924
AM Samad,226,59.16230366,2,0,857.6230366,925
Khalid Kail,117,74.05063291,0,0,857.5063291,926
SV Bahutule,11,84.61538462,0,0,857.1538462,927
MR Swart,59,75.64102564,2,0,855.4102564,928
SP Krishnamurthi,77,77.77777778,0,0,854.7777778,929
AB Dinda,21,55.26315789,14,0,853.6315789,930
CR Seneviratna,133,48.01444043,12,0,853.1444043,931
DR Mousley,69,78.40909091,0,0,853.0909091000001,932
Akshay Homraj,159,69.13043478,0,0,850.3043478,933
D Myers,138,71.13402062,0,0,849.3402062,934
IR James,51,79.6875,0,0,847.875,935
Saleem Elahi,199,64.82084691,0,0,847.2084691,936
T Marumani,214,63.31360947,0,0,847.1360947000001,937
PA Jaques,123,72.35294118,0,0,846.5294118,938
TS Sekhukhune,24,28.23529412,27,0,846.3529412,939
E Claridge,79,76.69902913,0,0,845.9902913,940
AH Maqsood,12,33.33333333,20,1,845.3333333,941
Nahid Rana,4,80.0,2,0,844.0,942
Khurram Manzoor,206,63.77708978,0,0,843.7708978,943
SJ McGlashan,160,68.37606838,0,0,843.7606838,944
M Bhanuka,140,70.35175879,0,0,843.5175879000001,945
Zahid Mahmood,9,75.0,4,0,839.0,946
RD Gaikwad,115,72.32704403,0,0,838.2704403,947
HM Tiffen,33,80.48780488,0,0,837.8780488,948
Waqar Younis,17,68.0,7,0,837.0,949
AL Hodgkinson,121,71.59763314,0,0,836.9763313999999,950
Shan Masood,163,67.3553719,0,0,836.553719,951
SJ Bryce,171,66.53696498,0,0,836.3696497999999,952
KD Shah,112,58.33333333,7,0,835.3333333,953
MDN Hansika,357,47.72727273,0,0,834.2727273,954
R Stokell,247,58.66983373,0,0,833.6983373,955
F Mutizwa,183,64.89361702,0,0,831.9361701999999,956
B Shikongo,17,31.48148148,25,0,831.8148148,957
VR Vanitha,50,78.125,0,0,831.25,958
AA Paradkar,51,60.0,9,0,831.0,959
JL Ontong,97,71.32352941,1,0,830.2352941,960
KA Hope,138,68.65671642,0,0,824.5671642,961
H Graham,4,80.0,1,0,824.0,962
SRH Curtis,156,66.66666667,0,0,822.6666667,963
DO Obuya,302,51.80102916,0,0,820.0102916,964
LP van Troost,112,68.29268293,1,0,814.9268293,965
Tushar Imran,250,52.41090147,2,0,814.1090147,966
T Suri,78,73.58490566,0,0,813.8490566,967
JL Pattinson,41,51.25,13,0,813.5,968
M Prasidh Krishna,2,11.11111111,30,1,813.1111111,969
Sidra Nawaz,325,48.7987988,0,0,812.987988,970
RS Kaluwitharana,124,68.88888889,0,0,812.8888889,971
T Bhatia,138,67.31707317,0,0,811.1707317,972
CJO Smith,157,65.41666667,0,0,811.1666667,973
D Parashar,58,65.16853933,5,0,809.6853933,974
K Thomson,52,75.36231884,0,0,805.6231884,975
JA Clarkson,17,70.83333333,4,0,805.3333333,976
Iram Javed,216,56.84210526,1,0,804.4210525999999,977
E Schiferli,79,56.42857143,8,0,803.2857143,978
Hannan Sarkar,280,52.141527,0,0,801.4152700000001,979
B Ward,69,65.09433962,4,0,799.9433962,980
SW Poynter,74,72.54901961,0,0,799.4901961,981
C de Lange,103,45.57522124,12,0,798.7522124,982
PA Chatterji,123,51.46443515,8,0,797.6443515,983
Najiha Alvi,170,62.73062731,0,0,797.3062731,984
S Mostary,224,57.28900256,0,0,796.8900256,985
Ravinderpal Singh,77,71.96261682,0,0,796.6261681999999,986
IS Billcliff,223,57.32647815,0,0,796.2647815,987
NG Smith,26,65.0,6,0,796.0,988
NR Kumar,177,57.84313725,2,0,795.4313725,989
JW Jenner,119,67.61363636,0,0,795.1363636,990
A Lister,80,71.42857143,0,0,794.2857143000001,991
KNA Bandara,141,64.97695853,0,0,790.7695853,992
AF Buurman,26,76.47058824,0,0,790.7058824,993
Sadaf Shamas,262,52.82258065,0,0,790.2258065,994
E Otieno,21,36.84210526,15,1,789.4210525999999,995
J Figy John,55,73.33333333,0,0,788.3333333,996
Y Venugopal Rao,161,62.6459144,0,0,787.459144,997
HJW Gardiner,142,64.54545455,0,0,787.4545455,998
Hamza Tariq,99,68.75,0,0,786.5,999
T Maruma,122,54.22222222,6,0,784.2222222,1000
Saqlain Haider,30,75.0,0,0,780.0,1001
JR Philippe,65,71.42857143,0,0,779.2857143000001,1002
Khalid Latif,147,63.09012876,0,0,777.9012875999999,1003
NK Crafton,13,76.47058824,0,0,777.7058824,1004
MNK Fernando,75,70.09345794,0,0,775.9345794,1005
KO Meth,49,52.68817204,10,0,775.8817204,1006
R Malhotra,118,63.78378378,1,0,775.8378378,1007
JP Maher,122,65.24064171,0,0,774.4064171,1008
SSD Arachchige,89,66.41791045,1,0,773.1791045,1009
RD Jacobs,142,63.11111111,0,0,773.1111111,1010
IC Gaze,176,59.66101695,0,0,772.6101695,1011
GA Rogers,32,64.0,5,0,772.0,1012
CMG Atkins,117,55.45023697,0,1,771.5023697,1013
R Kanoh,100,67.11409396,0,0,771.1409396,1014
I Toua,41,41.0,11,1,771.0,1015
EC Perry,21,75.0,0,0,771.0,1016
S Siegers,11,57.89473684,9,0,769.9473684,1017
BOP Fernando,148,62.18487395,0,0,769.8487395,1018
M McColl,80,68.96551724,0,0,769.6551724,1019
B Fernando,26,70.27027027,2,0,768.7027026999999,1020
N Hussain,127,64.14141414,0,0,768.4141414,1021
S Khiaoto,18,75.0,0,0,768.0,1022
K Zondo,146,62.12765957,0,0,767.2765957,1023
ST Doheny,165,60.0,0,0,765.0,1024
VV Morea,142,62.28070175,0,0,764.8070175,1025
RJ Trott,95,48.96907216,9,0,764.6907216,1026
GM Harris,13,59.09090909,8,0,763.9090908999999,1027
T Munyonga,92,67.15328467,0,0,763.5328467,1028
RC Irani,67,53.6,8,0,763.0,1029
C Sutthiruang,73,54.88721805,7,0,761.8721805,1030
NE Farrant,41,64.0625,4,0,761.625,1031
Usman Limbada,123,63.73056995,0,0,760.3056995000001,1032
N Gwanzura,74,68.51851852,0,0,759.1851852,1033
KK Ahmed,8,47.05882353,14,0,758.5882353,1034
DR Brown,72,62.60869565,3,0,758.0869565,1035
S Verma,135,62.21198157,0,0,757.1198157,1036
SO Dowrich,6,75.0,0,0,756.0,1037
RP Lefebvre,43,63.23529412,4,0,755.3529412,1038
GC Tonge,10,62.5,6,0,755.0,1039
T Kaitano,157,59.46969697,0,0,751.6969697,1040
R Klein,38,46.91358025,12,0,747.1358025,1041
S Bhari,22,42.30769231,15,0,745.0769230999999,1042
Abdul Jabbar,59,68.60465116,0,0,745.0465116,1043
Nazimuddin,147,59.75609756,0,0,744.5609756,1044
MA Carberry,114,62.98342541,0,0,743.8342541000001,1045
MV Waldron,290,45.38341158,0,0,743.8341158000001,1046
C Carter,111,63.06818182,0,0,741.6818182,1047
A Mazvishaya,54,44.62809917,12,0,740.2809917,1048
GM Hamilton,173,56.72131148,0,0,740.2131148,1049
Zubayr Hamza,56,68.29268293,0,0,738.9268293,1050
P Maya,53,50.47619048,9,0,737.7619048,1051
WP Saha,41,69.49152542,0,0,735.9152542,1052
Adnan Akmal,62,67.39130435,0,0,735.9130435,1053
Mrittunjoy Chowdhury,8,72.72727273,0,0,735.2727272999999,1054
Ehsan Adil,27,62.79069767,4,0,734.9069767,1055
Zulqarnain Haider,48,68.57142857,0,0,733.7142856999999,1056
T Granger,38,65.51724138,2,0,733.1724138,1057
CE Coulter Reilly,126,60.57692308,0,0,731.7692308000001,1058
Natalia Pervaiz,70,66.03773585,0,0,730.3773585,1059
BYA Mendis,147,58.33333333,0,0,730.3333333,1060
NC Dodd,145,48.49498328,0,1,729.9498328,1061
F Tunnicliffe,15,71.42857143,0,0,729.2857143000001,1062
D Keulder,132,59.72850679,0,0,729.2850679,1063
Dhiman Ghosh,124,60.48780488,0,0,728.8780488,1064
M Karg,45,68.18181818,0,0,726.8181817999999,1065
MJ Bulow,50,67.56756757,0,0,725.6756756999999,1066
AM Bacher,102,56.35359116,3,0,725.5359116,1067
Yasir Arafat,64,62.13592233,2,0,725.3592232999999,1068
N Niranjana,24,40.0,15,0,724.0,1069
AJ Redmond,152,57.14285714,0,0,723.4285714,1070
HJ Thomas,59,48.36065574,9,0,722.6065573999999,1071
A Aitken-Drummond,33,68.75,0,0,720.5,1072
D Elgar,104,57.45856354,2,0,718.5856354,1073
Javeria Rauf,11,68.75,1,0,718.5,1074
RD Steede,15,68.18181818,1,0,716.8181817999999,1075
Z James,89,36.7768595,13,0,716.768595,1076
SE Findlay,88,62.85714286,0,0,716.5714286,1077
D Bau,130,58.55855856,0,0,715.5855856000001,1078
A Martin,10,34.48275862,13,1,714.8275862,1079
PRCS Kumarihami,283,37.04188482,3,0,713.4188482,1080
Shahid Ahmadzai,26,66.66666667,1,0,712.6666667,1081
Sami Aslam,78,63.41463415,0,0,712.1463415,1082
NE Bonner,85,60.71428571,1,0,712.1428571,1083
T Kamungozi,25,44.64285714,12,0,711.4285714,1084
Rabiya Shah,80,62.99212598,0,0,709.9212597999999,1085
R Murray,108,60.0,0,0,708.0,1086
AL Kandappah,97,61.00628931,0,0,707.0628931,1087
SACA King,126,54.07725322,2,0,706.7725322,1088
Ayasha Rahman,122,58.37320574,0,0,705.7320574,1089
CS Fraser,62,46.26865672,9,0,704.6865672,1090
DP Hyatt,112,59.25925926,0,0,704.5925926,1091
A Maregwede,108,59.34065934,0,0,701.4065934,1092
S Thuraisingam,26,55.31914894,6,0,699.1914894,1093
Mukesh Kumar,10,58.82352941,5,0,698.2352941,1094
GB Murgatroyd,90,60.81081081,0,0,698.1081081,1095
Lata Mondal,170,48.71060172,2,0,697.1060172,1096
SZ Thakor,46,45.09803922,10,0,696.9803922,1097
Irfan Khan,48,64.86486486,0,0,696.6486486,1098
DS Bajwa,74,60.16260163,1,0,695.6260163,1099
DA Minors,104,59.09090909,0,0,694.9090908999999,1100
KED Carroll,28,66.66666667,0,0,694.6666667,1101
R Ntozakhe,8,26.66666667,21,0,694.6666667,1102
J Anderson,118,57.56097561,0,0,693.6097561,1103
MJ Humphreys,6,66.66666667,1,0,692.6666667,1104
MT Chinouya,6,66.66666667,1,0,692.6666667,1105
Kainat Imtiaz,115,43.56060606,7,0,690.6060606,1106
JB Reva,15,55.55555556,6,0,690.5555556,1107
CNIM Joyce,228,46.2474645,0,0,690.474645,1108
K Gowtham,2,66.66666667,1,0,688.6666667,1109
C Prathyusha,2,66.66666667,1,0,688.6666667,1110
PS Athavale,103,58.52272727,0,0,688.2272727,1111
V Araa,71,39.66480447,11,0,687.6480447,1112
S Forbes,175,51.16959064,0,0,686.6959064,1113
Nestor Dhamba,23,44.23076923,11,0,685.3076923,1114
CC Dalton,18,66.66666667,0,0,684.6666667,1115
N Dutta,70,57.37704918,2,0,683.7704918,1116
H Karunaratne,190,45.23809524,2,0,682.3809524000001,1117
N Boochatham,64,41.83006536,10,0,682.3006536,1118
IH Romaine,175,48.61111111,1,0,681.1111111,1119
Shaila Sharmin,59,60.20408163,1,0,681.0408163,1120
RS Gavaskar,93,56.70731707,1,0,680.0731707,1121
AB Kaur,55,50.4587156,6,0,679.587156,1122
KE Ebrahim,52,54.73684211,4,0,679.3684211,1123
T Duffin,224,45.52845528,0,0,679.2845528,1124
TV Mufambisi,45,63.38028169,0,0,678.8028168999999,1125
AK Perera,52,62.65060241,0,0,678.5060241,1126
A Kolan,155,52.18855219,0,0,676.8855219000001,1127
JP Greaves,79,57.66423358,1,0,675.6423358,1128
OEG Baartman,13,54.16666667,6,0,674.6666667,1129
ADJ Pitcher,8,66.66666667,0,0,674.6666667,1130
BP Kruger,8,66.66666667,0,0,674.6666667,1131
Batool Fatima,64,60.95238095,0,0,673.5238095,1132
SM Kavanagh,126,52.71966527,1,0,673.1966527,1133
EC Rainsford,31,30.09708738,17,0,671.9708737999999,1134
DF Watts,130,54.16666667,0,0,671.6666667,1135
SP Patil,153,51.86440678,0,0,671.6440678,1136
CP Jack,17,65.38461538,0,0,670.8461538,1137
U Raymond-Hoey,74,59.67741935,0,0,670.7741935,1138
A Codrington,33,41.7721519,6,1,670.721519,1139
G Sultana,61,36.96969697,12,0,670.6969697,1140
Kaynat Hafeez,4,66.66666667,0,0,670.6666667,1141
KO Otieno,250,42.01680672,0,0,670.1680672,1142
SA Fritz,28,53.84615385,5,0,666.4615385,1143
S Naik,25,64.1025641,0,0,666.025641,1144
HGV Vare,20,64.51612903,0,0,665.1612903,1145
AR Odedara,126,43.90243902,0,1,665.0243902,1146
J Edness,119,54.58715596,0,0,664.8715596,1147
M Terblanche,80,58.39416058,0,0,663.9416057999999,1148
S Sriram,3,60.0,3,0,663.0,1149
S Tippoch,89,39.38053097,9,0,662.8053097,1150
S Jafta,144,51.79856115,0,0,661.9856115,1151
B Zuiderent,178,48.36956522,0,0,661.6956522,1152
A Saud,189,47.13216958,0,0,660.3216958,1153
GP Tom,19,55.88235294,4,0,657.8235294,1154
D Ganga,152,50.33112583,0,0,655.3112583,1155
CAK Walton,53,60.22727273,0,0,655.2727273,1156
HS Modi,205,44.85776805,0,0,653.5776805,1157
M De Ridder,45,60.81081081,0,0,653.1081081,1158
Qanita Jalil,32,50.0,6,0,652.0,1159
A Valthapa,14,63.63636364,0,0,650.3636364,1160
Waheed Ahmed,73,55.72519084,1,0,650.2519084,1161
L Tshuma,63,38.65030675,10,0,649.5030675,1162
Faisal Iqbal,134,51.53846154,0,0,649.3846154,1163
AN Kervezee,110,53.92156863,0,0,649.2156863,1164
TK Patel,71,47.65100671,5,0,647.5100671,1165
BA Parchment,107,54.04040404,0,0,647.4040404,1166
B Tau,123,52.34042553,0,0,646.4042552999999,1167
D Devnarain,145,48.01324503,1,0,645.1324503000001,1168
JA Simpson,20,62.5,0,0,645.0,1169
Mohammad Naim,58,58.58585859,0,0,643.8585859,1170
CS Terblanche,38,58.46153846,1,0,642.6153846,1171
J Jarvis,28,47.45762712,7,0,642.5762712,1172
TMM Newton,38,48.10126582,6,0,639.0126582,1173
T Putthawong,31,24.8,18,0,639.0,1174
P Molkenboer,135,48.38709677,1,0,638.8709676999999,1175
BB Chari,186,45.14563107,0,0,637.4563107,1176
JJ Atkinson,84,55.26315789,0,0,636.6315789,1177
SJ Tsukigawa,39,55.71428571,2,0,636.1428571,1178
TC Bastiampillai,89,54.60122699,0,0,635.0122699,1179
CJ Nevin,83,54.96688742,0,0,632.6688742,1180
PRP Boissevain,33,57.89473684,1,0,631.9473684,1181
M Spoors,80,54.79452055,0,0,627.9452055,1182
Mohammad Iqbal,33,58.92857143,0,0,622.2857143,1183
OV Anderson,46,47.42268041,0,1,620.2268041,1184
FC Jonas,14,24.56140351,18,0,619.6140351,1185
IM Vaghela,45,49.45054945,4,0,619.5054944999999,1186
Akram Khan,57,55.88235294,0,0,615.8235294,1187
Steven Ryan Taylor,46,56.79012346,0,0,613.9012346,1188
Y van der Westhuizen,23,58.97435897,0,0,612.7435897,1189
Tilak Varma,68,54.4,0,0,612.0,1190
J Gray,62,54.86725664,0,0,610.6725664,1191
RA Jones,96,51.3368984,0,0,609.3689840000001,1192
VR Iyer,24,58.53658537,0,0,609.3658537,1193
GEF Barnett,95,51.35135135,0,0,608.5135135,1194
HDRS Silva,25,54.34782609,2,0,608.4782609,1195
K Frank,70,53.84615385,0,0,608.4615385,1196
Hammad Mirza,58,54.71698113,0,0,605.1698113,1197
P Mujaji,86,51.80722892,0,0,604.0722892,1198
W Sutherland,18,54.54545455,2,0,603.4545455,1199
Nafees Iqbal,128,47.40740741,0,0,602.0740741,1200
Shamim Hossain,22,57.89473684,0,0,600.9473684,1201
Jamaluddin Ahmed,18,58.06451613,0,0,598.6451613,1202
RS Vandort,10,58.82352941,0,0,598.2352941,1203
JW Ogle-Thomas,10,58.82352941,0,0,598.2352941,1204
SW Currie,10,52.63157895,3,0,596.3157894999999,1205
Marina Iqbal,137,43.91025641,1,0,596.1025641,1206
RM Jariwala,30,56.60377358,0,0,596.0377358000001,1207
S Gajnabi,77,41.62162162,5,0,593.2162162,1208
HM Watson,15,57.69230769,0,0,591.9230769,1209
Ebadat Hossain,3,16.66666667,21,0,589.6666667,1210
CJ Smith,27,56.25,0,0,589.5,1211
SS McKechnie,73,51.4084507,0,0,587.084507,1212
Jubair Hossain,5,50.0,4,0,585.0,1213
JB Nero,31,55.35714286,0,0,584.5714286,1214
BJ Patel,118,46.64031621,0,0,584.4031621,1215
SD Outerbridge,72,48.97959184,1,0,581.7959184,1216
Aaditya Varadarajan,36,54.54545455,0,0,581.4545455,1217
G Onions,1,50.0,4,0,581.0,1218
M van Schoor,58,52.25225225,0,0,580.5225224999999,1219
KY Ottley,41,53.94736842,0,0,580.4736842,1220
SC Joseph,77,50.32679739,0,0,580.2679739,1221
SK Atai,90,48.91304348,0,0,579.1304348,1222
KV Jain,104,47.48858447,0,0,578.8858447,1223
SP de Alwis,28,52.83018868,1,0,576.3018868,1224
GC Bhogle,82,49.39759036,0,0,575.9759036,1225
AR Pitcher,30,54.54545455,0,0,575.4545455,1226
AS van Beuge,68,34.69387755,8,0,574.9387755,1227
PARP Perera,33,54.09836066,0,0,573.9836066,1228
RD Chahar,13,50.0,3,0,573.0,1229
Mohammad Salman,22,55.0,0,0,572.0,1230
VB van Jaarsveld,9,56.25,0,0,571.5,1231
CT Dhururu,140,43.07692308,0,0,570.7692308000001,1232
GM Strydom,67,50.37593985,0,0,570.7593985000001,1233
NB Mahwire,40,37.03703704,8,0,570.3703704,1234
Sana Javed,68,50.0,0,0,568.0,1235
JI de Villiers,8,50.0,3,0,568.0,1236
Ansh Tandon,10,55.55555556,0,0,565.5555556,1237
N Vare,138,42.7244582,0,0,565.244582,1238
KK Nair,46,51.68539326,0,0,562.8539326,1239
RT Crandon,5,55.55555556,0,0,560.5555556,1240
CKB Kulasekara,38,52.05479452,0,0,558.5479452,1241
RN Bhatia,51,44.73684211,3,0,558.3684211,1242
J Blackwood,23,53.48837209,0,0,557.8837209,1243
M van Jaarsveld,29,50.87719298,1,0,557.7719298,1244
Khurram Nawaz,26,53.06122449,0,0,556.6122449,1245
D Daesrath,31,52.54237288,0,0,556.4237288,1246
SV Carlisle,110,44.17670683,0,0,551.7670683,1247
ZE Surkari,127,42.47491639,0,0,551.7491639,1248
AD Poynter,65,48.50746269,0,0,550.0746269,1249
Abdul Shakoor,34,51.51515152,0,0,549.1515152000001,1250
SP Khakurel,78,46.98795181,0,0,547.8795181,1251
SL Kalis,106,44.16666667,0,0,547.6666667,1252
N Shangase,38,38.7755102,6,0,545.755102,1253
DG Blampied,7,53.84615385,0,0,545.4615385,1254
PT Collins,3,30.0,12,0,543.0,1255
Waqas Khan,52,49.05660377,0,0,542.5660377,1256
FR Davies,13,30.95238095,11,0,542.5238095,1257
NA Greenwood,35,50.72463768,0,0,542.2463768,1258
KR Sen,2,50.0,2,0,542.0,1259
MHW Papps,32,50.79365079,0,0,539.9365079,1260
FL Reifer,86,45.26315789,0,0,538.6315789,1261
TN de Grooth,70,46.66666667,0,0,536.6666667,1262
S Badrinath,79,45.66473988,0,0,535.6473988,1263
HRA Rainey,12,34.28571429,9,0,534.8571429,1264
Saqlain Mushtaq,17,43.58974359,4,0,532.8974359,1265
EMDY Munaweera,15,51.72413793,0,0,532.2413793,1266
J Sharma,17,51.51515152,0,0,532.1515152000001,1267
Ankur Sharma,16,51.61290323,0,0,532.1290323000001,1268
JV Harris,91,43.96135266,0,0,530.6135266,1269
S Immadi,4,44.44444444,4,0,528.4444444,1270
JNT Vare,35,49.29577465,0,0,527.9577465,1271
Faisal Hossain,26,48.14814815,1,0,527.4814815,1272
SR Waters,67,45.57823129,0,0,522.7823129,1273
M Shumba,40,48.19277108,0,0,521.9277108,1274
JW Wilson,1,50.0,1,0,521.0,1275
AJ Ireland,12,18.75,16,0,519.5,1276
D Joseph,13,40.625,5,0,519.25,1277
Tabarak Dar,45,47.36842105,0,0,518.6842105000001,1278
M Faisal,26,49.05660377,0,0,516.5660377,1279
E Mbofana,22,39.28571429,5,0,514.8571429,1280
AR Berenger,53,46.08695652,0,0,513.8695652,1281
SJ Massiah,23,48.93617021,0,0,512.3617021,1282
RO Hussain,10,50.0,0,0,510.0,1283
CJ Metcalfe,21,38.88888889,5,0,509.8888889,1284
SJ Elliott,8,50.0,0,0,508.0,1285
C McAuslan,35,47.2972973,0,0,507.97297299999997,1286
O Bell,32,41.55844156,3,0,507.5844156,1287
N Rana,7,50.0,0,0,507.0,1288
NA Moodley,5,50.0,0,0,505.0,1289
Sanjida Islam,93,41.15044248,0,0,504.50442480000004,1290
DI Joyce,29,47.54098361,0,0,504.4098361,1291
T Gwandu,4,50.0,0,0,504.0,1292
Talha Jubair,4,50.0,0,0,504.0,1293
JO Troughton,36,46.75324675,0,0,503.53246750000005,1294
A le Breton,3,50.0,0,0,503.0,1295
DOD Rikhi,3,50.0,0,0,503.0,1296
Wasim Ali,26,45.61403509,1,0,502.14035090000004,1297
RJ Rolls,2,50.0,0,0,502.0,1298
LJ Hamilton,2,50.0,0,0,502.0,1299
TCB Fernando,18,46.15384615,1,0,499.5384615,1300
SM Warnapura,30,46.875,0,0,498.75,1301
J Patraj,21,43.75,2,0,498.5,1302
W O'Rourke,5,33.33333333,8,0,498.33333330000005,1303
AA Deshpande,32,46.37681159,0,0,495.7681159,1304
Shahid Wasif,60,43.47826087,0,0,494.78260869999997,1305
Saad Ali,11,47.82608696,0,0,489.2608696,1306
Waqas Barkat,25,46.2962963,0,0,487.962963,1307
B Leephatthana,30,45.45454545,0,0,484.5454545,1308
T Muzarabani,10,31.25,8,0,482.5,1309
LDVV Silva,34,44.73684211,0,0,481.3684211,1310
SJ Swanepoel,43,43.43434343,0,0,477.3434343,1311
Usman Salahuddin,13,46.42857143,0,0,477.2857143,1312
Al Sahariar,44,43.1372549,0,0,475.37254900000005,1313
TJG Pringle,6,42.85714286,2,0,474.57142860000005,1314
Shawaal Zulfiqar,7,46.66666667,0,0,473.66666669999995,1315
CA Reid,8,44.44444444,1,0,472.44444439999995,1316
M Commins,6,46.15384615,0,0,467.5384615,1317
SR Thadani,6,46.15384615,0,0,467.5384615,1318
SL Stewart,26,44.06779661,0,0,466.67796610000005,1319
J Logtenberg,6,40.0,3,0,466.0,1320
JJ Celestine,28,43.75,0,0,465.5,1321
RK Whelan,5,41.66666667,2,0,461.66666669999995,1322
PM Liyanagamage,28,33.33333333,5,0,461.33333330000005,1323
S Jyoti,19,44.18604651,0,0,460.86046509999994,1324
SJ Andrews,16,44.44444444,0,0,460.44444439999995,1325
Aijaz Ali,5,45.45454545,0,0,459.5454545,1326
Fayyaz Ahmed,41,41.83673469,0,0,459.36734690000003,1327
M Mangru,30,42.85714286,0,0,458.57142860000005,1328
SG Whittingham,5,33.33333333,6,0,458.33333330000005,1329
CD Cumming,42,41.58415842,0,0,457.8415842,1330
HR Johnson,9,42.85714286,1,0,457.57142860000005,1331
I Maraj,98,35.8974359,0,0,456.974359,1332
RP Alexander,34,41.97530864,0,0,453.75308640000003,1333
J van Vliet,35,41.66666667,0,0,451.66666669999995,1334
J Yadav,3,42.85714286,1,0,451.57142860000005,1335
MG Neser,11,37.93103448,3,0,450.3103448,1336
EL Watson,50,40.0,0,0,450.0,1337
Qaiser Ali,38,38.7755102,1,0,445.75510199999997,1338
W Jaffer,10,43.47826087,0,0,444.78260869999997,1339
Umran Malik,2,18.18181818,13,0,443.8181818,1340
I Dulani,15,42.85714286,0,0,443.57142860000005,1341
MM Penfold,12,23.07692308,10,0,442.7692308,1342
NA de Groot,44,33.84615385,3,0,442.4615385,1343
JA Turner,2,40.0,2,0,442.0,1344
J Smits,72,36.92307692,0,0,441.2307692,1345
O Davidson,14,42.42424242,0,0,438.24242419999996,1346
Ethan D'Souza,9,42.85714286,0,0,437.57142860000005,1347
JH Desai,16,42.10526316,0,0,437.0526316,1348
K Whatham,18,41.86046512,0,0,436.60465120000003,1349
Ehsanul Haque,28,36.84210526,2,0,436.42105259999994,1350
MA Aponso,10,22.22222222,10,0,432.2222222,1351
RO Hinds,8,42.10526316,0,0,429.0526316,1352
SB Bangar,8,42.10526316,0,0,429.0526316,1353
Dilara Akter,8,42.10526316,0,0,429.0526316,1354
Sultan Ahmed,18,40.90909091,0,0,427.09090910000003,1355
RD McCann,23,40.35087719,0,0,426.5087719,1356
CA Pujara,51,37.5,0,0,426.0,1357
JAH Marshall,33,39.28571429,0,0,425.8571429,1358
S Daniel,12,41.37931034,0,0,425.79310340000006,1359
I van der Woning,13,37.14285714,2,0,424.42857139999995,1360
J Glasgow,7,41.17647059,0,0,418.7647059,1361
Naved Latif,7,41.17647059,0,0,418.7647059,1362
V Shetty,7,41.17647059,0,0,418.7647059,1363
J Da Silva,14,40.0,0,0,414.0,1364
RM van Oosterom,15,39.47368421,0,0,409.7368421,1365
NJ Coffey,8,40.0,0,0,408.0,1366
JM Cox,22,38.59649123,0,0,407.9649123,1367
TMK Mawoyo,58,34.93975904,0,0,407.3975904,1368
AA Shafique,13,39.39393939,0,0,406.9393939,1369
Sharmin Sultana,67,33.83838384,0,0,405.3838384,1370
HAPW Jayawardene,4,40.0,0,0,404.0,1371
CH van Koolwijk,25,37.87878788,0,0,403.7878788,1372
RW Sims,24,37.5,0,0,399.0,1373
L Rajadurai,20,37.73584906,0,0,397.3584906,1374
GH O'Brien,2,33.33333333,3,0,395.33333330000005,1375
G Fontenla,1,33.33333333,3,0,394.33333330000005,1376
DI Allan,18,37.5,0,0,393.0,1377
MJ Fourie,5,38.46153846,0,0,389.61538459999997,1378
N Fernandes,5,38.46153846,0,0,389.61538459999997,1379
Nuzhat Tasnia,16,37.20930233,0,0,388.0930233,1380
LJ Poulton,25,36.23188406,0,0,387.3188406,1381
TJ Heggelman,23,32.3943662,2,0,386.943662,1382
Mosharraf Hossain,22,34.375,1,0,385.75,1383
MC Patel,13,37.14285714,0,0,384.42857139999995,1384
F Kasteni,9,37.5,0,0,384.0,1385
Tasqeen Qadeer,48,33.33333333,0,0,381.33333330000005,1386
AM McCarthy,15,36.58536585,0,0,380.85365850000005,1387
N Ifill,16,36.36363636,0,0,379.6363636,1388
RWT Key,36,34.28571429,0,0,378.8571429,1389
OO Bascome,17,36.17021277,0,0,378.7021277,1390
Sania Khan,4,33.33333333,2,0,377.33333330000005,1391
MMA Jonkman,13,34.21052632,1,0,375.10526319999997,1392
MF Kendal,30,34.48275862,0,0,374.8275862,1393
H Shah,9,36.0,0,0,369.0,1394
Z Mali,2,28.57142857,4,0,367.7142857,1395
SD Heazlett,4,36.36363636,0,0,367.6363636,1396
OL Pitcher,28,33.73493976,0,0,365.34939760000003,1397
SK Dolawatte,16,28.57142857,3,0,361.7142857,1398
JE Dunford,6,35.29411765,0,0,358.9411765,1399
KC Hodsoll,2,33.33333333,1,0,355.33333330000005,1400
Lovepreet Singh,9,34.61538462,0,0,355.1538462,1401
LE Milliken,1,33.33333333,1,0,354.33333330000005,1402
PLS Gamage,4,14.81481481,10,0,352.14814809999996,1403
RW Staple,4,30.76923077,2,0,351.6923077,1404
F Walters,16,33.33333333,0,0,349.33333330000005,1405
B Siddharth,3,30.0,2,0,343.0,1406
Zeeshan Siddiqi,7,33.33333333,0,0,340.33333330000005,1407
AF Sattaur,20,31.74603175,0,0,337.4603175,1408
JN Rhodes,2,33.33333333,0,0,335.33333330000005,1409
U Thimashini,2,33.33333333,0,0,335.33333330000005,1410
Z Groenewald,4,21.05263158,6,0,334.5263158,1411
Alawi Shukri,1,33.33333333,0,0,334.33333330000005,1412
Tharika Sewwandi,1,33.33333333,0,0,334.33333330000005,1413
Hasibul Hossain,7,30.43478261,1,0,331.3478261,1414
D Murphy,9,32.14285714,0,0,330.42857139999995,1415
R Boyce,30,30.0,0,0,330.0,1416
H Durham,4,28.57142857,2,0,329.7142857,1417
H Davids,8,32.0,0,0,328.0,1418
MD du Preez,14,31.11111111,0,0,325.1111111,1419
D Soraine,3,30.0,1,0,323.0,1420
MJ North,6,31.57894737,0,0,321.78947370000003,1421
Skhawat Ali,18,30.0,0,0,318.0,1422
JN Hamilton,5,31.25,0,0,317.5,1423
PY Lavine,8,30.76923077,0,0,315.6923077,1424
S Dhamala,12,30.0,0,0,312.0,1425
A Munisar,4,30.76923077,0,0,311.6923077,1426
LR Johnson,19,29.23076923,0,0,311.3076923,1427
Khaled Ahmed,1,25.0,3,0,311.0,1428
BB Seebaran,4,28.57142857,1,0,309.7142857,1429
TR Ambrose,10,29.41176471,0,0,304.1176471,1430
J Post,15,28.84615385,0,0,303.4615385,1431
C Abel,9,19.14893617,5,0,300.4893617,1432
Tanbir Hayder,5,29.41176471,0,0,299.1176471,1433
NS Poonia,12,28.57142857,0,0,297.7142857,1434
D Gamage,3,27.27272727,1,0,295.7272727,1435
KE Broadmore,9,26.47058824,1,0,293.7058824,1436
MM Iqbal,16,27.5862069,0,0,291.862069,1437
MQ Sheikh,6,28.57142857,0,0,291.7142857,1438
PA Desai,2,16.66666667,6,0,288.6666667,1439
IPP Batuwitarachchi,14,27.45098039,0,0,288.5098039,1440
NA Rock,7,28.0,0,0,287.0,1441
ADR Campbell,7,28.0,0,0,287.0,1442
KH Butt,8,27.5862069,0,0,283.862069,1443
HD Rutherford,15,26.78571429,0,0,282.8571429,1444
KA Blackwell,3,27.27272727,0,0,275.7272727,1445
HIS Mendis,13,26.0,0,0,273.0,1446
Rony Talukdar,4,26.66666667,0,0,270.6666667,1447
RH Scholte,8,25.80645161,0,0,266.0645161,1448
BR Dorey,2,22.22222222,2,0,264.2222222,1449
Akhil Kumar,2,18.18181818,4,0,263.8181818,1450
JM Willathgamuwa,2,20.0,3,0,262.0,1451
ML Patel,15,24.59016393,0,0,260.9016393,1452
N Kruger,5,25.0,0,0,255.0,1453
Sufyan Mehmood,4,25.0,0,0,254.0,1454
MWA van Nierop,4,25.0,0,0,254.0,1455
Muhammad Farooq,4,25.0,0,0,254.0,1456
JNK Shannon,2,25.0,0,0,252.0,1457
S Dhakal,7,15.90909091,4,0,246.0909091,1458
Faisal Athar,9,23.07692308,0,0,239.7692308,1459
AK Peters,6,20.68965517,1,0,232.89655170000003,1460
O Chare,3,16.66666667,3,0,229.6666667,1461
D Lakshan,2,22.22222222,0,0,224.22222219999998,1462
EJB Miles,1,14.28571429,4,0,223.85714289999999,1463
Tareq Aziz,2,18.18181818,2,0,223.8181818,1464
KHRK Fernando,3,20.0,1,0,223.0,1465
K Sonavale,5,17.24137931,2,0,217.4137931,1466
HML Madushani,3,20.0,0,0,203.0,1467
Fahad Nawaz,2,20.0,0,0,202.0,1468
Zakir Hasan,1,20.0,0,0,201.0,1469
VAB Tewarie,4,18.18181818,0,0,185.8181818,1470
PG Gillespie,2,18.18181818,0,0,183.8181818,1471
D Prins,7,17.5,0,0,182.0,1472
RA Lewis,2,15.38461538,1,0,175.8461538,1473
P Roy,5,14.70588235,1,0,172.0588235,1474
KL Rolton,2,16.66666667,0,0,168.6666667,1475
Rashid Zia,9,15.51724138,0,0,164.1724138,1476
LC Romero,1,14.28571429,1,0,163.85714289999999,1477
NA Statham,7,15.55555556,0,0,162.5555556,1478
SC Meaker,2,11.11111111,2,0,153.1111111,1479
Sagar Pun,3,15.0,0,0,153.0,1480
CK Kruger,3,14.28571429,0,0,145.85714289999999,1481
Hussain Talat,2,14.28571429,0,0,144.85714289999999,1482
Omid Shafi Rahman,1,14.28571429,0,0,143.85714289999999,1483
K Mahato,1,10.0,2,0,141.0,1484
HE Whelan,2,12.5,0,0,127.0,1485
Fariha Trisna,0,0.0,6,0,120.0,1486
J Pashley,2,11.76470588,0,0,119.6470588,1487
RR Ramdass,1,11.11111111,0,0,112.11111109999999,1488
NV Ojha,1,11.11111111,0,0,112.11111109999999,1489
W Mwayenga,1,9.090909091,1,0,111.90909091,1490
AD Janakanthymala,1,6.666666667,2,0,107.66666667,1491
A Shamshudeen,3,10.0,0,0,103.0,1492
Nasir Javed,2,10.0,0,0,102.0,1493
HWR Cartwright,2,8.695652174,0,0,88.95652174,1494
OC McCoy,0,0.0,4,0,80.0,1495
Sufiyan Muqeem,0,0.0,4,0,80.0,1496
Jannatul Ferdus,1,7.692307692,0,0,77.92307692,1497
CM Beggs,1,6.25,0,0,63.5,1498
V Buruka,0,0.0,3,0,60.0,1499
K Phillip,0,0.0,3,0,60.0,1500
Shahbaz Ahmed,0,0.0,3,0,60.0,1501
Moniruzzaman,1,5.0,0,0,51.0,1502
MT Herbert,1,4.545454545,0,0,46.45454545,1503
Raza Hasan,0,0.0,2,0,40.0,1504
C Sakariya,0,0.0,2,0,40.0,1505
SD Udal,0,0.0,1,0,20.0,1506
F Hand,0,0.0,1,0,20.0,1507
JS Ababu,0,0.0,1,0,20.0,1508
RA Rolfe,0,0.0,0,0,0.0,1509
PHT Kaushal,0,0.0,0,0,0.0,1510
D Foxcroft,0,0.0,0,0,0.0,1511
Fazle Mahmud,0,0.0,0,0,0.0,1512
R Walters,0,0.0,0,0,0.0,1513
DL Blake,0,0.0,0,0,0.0,1514
TJ Bishop,0,0.0,0,0,0.0,1515
AG Puttick,0,0.0,0,0,0.0,1516
VCE Wattenberg,0,0.0,0,0,0.0,1517
LM Hoitink,0,0.0,0,0,0.0,1518
MF Fahey,0,0.0,0,0,0.0,1519
AL Watkins,0,0.0,0,0,0.0,1520
SI Galagedara,0,0.0,0,0,0.0,1521
GA Guy,0,0.0,0,0,0.0,1522
APS Lakshika,0,0.0,0,0,0.0,1523
Melanie Ani,0,0.0,0,0,0.0,1524
A Chopra,0,0.0,0,0,0.0,1525
SK Naidu,0,0.0,0,0,0.0,1526
JA Whelan,0,0.0,0,0,0.0,1527
JC Carroll,0,0.0,0,0,0.0,1528
Sumaiya Akter,0,0.0,0,0,0.0,1529
KL Tucker,0,0.0,0,0,0.0,1530
Pooja Ganesh,0,0.0,0,0,0.0,1531
CK Holder,0,0.0,0,0,0.0,1532
S Lackay,0,0.0,0,0,0.0,1533
Simandeep Singh,0,0.0,0,0,0.0,1534
Shathira Jakir,0,0.0,0,0,0.0,1535
Sultana Yesmin,0,0.0,0,0,0.0,1536
Shahriar Hossain,0,0.0,0,0,0.0,1537
Salman Faris,0,0.0,0,0,0.0,1538
Haseebullah Khan,0,0.0,0,0,0.0,1539
Syeda Aroob Shah,0,0.0,0,0,0.0,1540
