player_name,total_matches_played,matches_won,total_runs,player_of_match_awards,POTM_Rate
V Kohli,579,360,13784,41,7.08
AB de Villiers,466,286,9435,26,5.58
KC Sangakkara,510,237,11618,26,5.1
TM Dilshan,510,237,9212,24,4.71
RG Sharma,577,358,10646,23,3.99
MJ Guptill,444,231,7125,22,4.95
MS Dhoni,575,356,10274,20,3.48
Yuvraj Singh,579,360,6868,20,3.45
Mohammad Hafeez,468,227,6351,19,4.06
Q de Kock,470,290,6661,19,4.04
RT Ponting,545,381,6979,17,3.12
LRPL Taylor,444,231,8126,16,3.6
HM Amla,470,290,7834,16,3.4
EA Perry,533,372,3356,16,3.0
DA Warner,545,381,6623,16,2.94
SR Tendulkar,574,356,6432,16,2.79
SR Watson,544,381,5357,15,2.76
V Sehwag,574,356,5692,15,2.61
ST Jayasuriya,510,237,4402,14,2.75
Tamim Iqbal,345,134,7648,13,3.77
CH Gayle,427,165,6433,13,3.04
Babar Azam,462,223,5659,13,2.81
JC Buttler,519,295,5018,13,2.5
AC Gilchrist,538,376,4355,13,2.42
MN Samuels,426,165,4205,12,2.82
DPMD Jayawardene,510,237,8040,12,2.35
EJG Morgan,517,295,6953,12,2.32
JJ Roy,519,295,4237,12,2.31
WU Tharanga,512,237,6482,11,2.15
JM Bairstow,516,294,3671,11,2.13
MM Lanning,527,367,3555,11,2.09
SPD Smith,543,381,5549,11,2.03
MEK Hussey,545,381,5076,11,2.02
GJ Maxwell,544,381,3655,11,2.02
S Dhawan,577,358,6733,11,1.91
SK Raina,579,360,5585,11,1.9
G Gambhir,579,360,4981,11,1.9
S Mandhana,578,359,3526,11,1.9
HK Matthews,428,165,2327,10,2.34
Younis Khan,469,227,4777,10,2.13
TT Beaumont,513,292,3936,10,1.95
PD Collingwood,518,295,4132,10,1.93
MJ Clarke,545,381,6988,10,1.83
Mashrafe Mortaza,343,134,1304,9,2.62
Mushfiqur Rahim,345,134,7094,9,2.61
DJ Bravo,427,165,2760,9,2.11
SD Hope,430,166,4989,9,2.09
Fakhar Zaman,461,222,3434,9,1.95
Abdul Razzaq,464,224,2327,9,1.94
HH Gibbs,466,286,3766,9,1.93
F du Plessis,470,290,5445,9,1.91
A Flintoff,509,291,2096,9,1.77
AD Mathews,512,237,5646,9,1.76
IR Bell,518,295,5289,9,1.74
KP Pietersen,518,295,4202,9,1.74
SFM Devine,433,225,2796,8,1.85
TWM Latham,439,228,4019,8,1.82
M Kapp,471,290,2195,8,1.7
AC Jayangani,497,231,2760,8,1.61
HC Knight,507,291,3158,8,1.58
AJ Healy,533,372,2759,8,1.5
MR Marsh,543,381,2762,8,1.47
PR Stirling,164,60,3338,7,4.27
S Chanderpaul,424,164,3804,7,1.65
HH Dippenaar,445,272,1283,7,1.57
JP Duminy,470,290,4928,7,1.49
Misbah-ul-Haq,469,227,4752,7,1.49
M du Preez,471,290,2223,7,1.49
H Klaasen,469,289,1977,7,1.49
S Ismail,471,290,273,7,1.49
SL Malinga,511,237,508,7,1.37
AJ Strauss,518,295,3729,7,1.35
AN Cook,517,295,3204,7,1.35
AJ Finch,544,381,5188,7,1.29
TM Head,543,381,2645,7,1.29
MD Patel,64,30,1792,6,9.38
E Chigumbura,277,66,3266,6,2.17
CR Ervine,277,66,2770,6,2.17
RR Sarwan,427,165,3717,6,1.41
SP Narine,427,165,363,6,1.41
SW Bates,433,225,3245,6,1.39
MJ Henry,437,227,268,6,1.37
Ahmed Shehzad,466,225,2555,6,1.29
Umar Akmal,467,226,3032,6,1.28
DW Steyn,469,289,365,6,1.28
L Wolvaardt,471,290,3992,6,1.27
L Lee,471,290,2516,6,1.27
LD Chandimal,508,236,3657,6,1.18
SJ Taylor,507,291,1651,6,1.18
MF Maharoof,510,237,799,6,1.18
BKG Mendis,512,237,3838,6,1.17
WIA Fernando,511,237,1404,6,1.17
NE Bolton,516,360,1443,6,1.16
MG Johnson,545,381,934,6,1.1
M Raj,564,349,2949,6,1.06
MG Erasmus,55,26,1810,5,9.09
RK Paudel,65,33,1629,5,7.69
Aasif Sheikh,65,33,1423,5,7.69
CS MacLeod,101,54,2015,5,4.95
WTS Porterfield,164,60,2670,5,3.05
EC Joyce,164,60,1845,5,3.05
Soumya Sarkar,336,132,2044,5,1.49
Mehedi Hasan Miraz,336,132,1188,5,1.49
WA Young,416,219,1426,5,1.2
JO Holder,429,165,2144,5,1.17
DJG Sammy,427,165,1853,5,1.17
AD Russell,426,165,1034,5,1.17
AE Satterthwaite,433,225,2895,5,1.15
NJ Astle,434,225,1571,5,1.15
BB McCullum,443,231,5157,5,1.13
SP Fleming,441,229,2133,5,1.13
Sidra Ameen,459,221,1595,5,1.09
Sarfraz Ahmed,467,226,2289,5,1.07
Salman Butt,469,227,2186,5,1.07
MDKJ Perera,512,237,3077,5,0.98
RS Bopara,509,291,2689,5,0.98
AD Hales,515,294,2330,5,0.97
MM Ali,519,295,2278,5,0.96
RL Haynes,527,367,1966,5,0.95
ML Hayden,540,378,3939,5,0.93
DR Martyn,540,378,2239,5,0.93
IK Pathan,563,348,1226,5,0.89
AM Rahane,571,354,2906,5,0.88
R Dravid,573,356,3650,5,0.87
SC Ganguly,573,356,2409,5,0.87
Kuldeep Yadav,580,360,195,5,0.86
H Thaker,51,18,612,4,7.84
M van Lingen,55,26,1300,4,7.27
Karan KC,65,33,457,4,6.15
S Lamichhane,65,33,440,4,6.15
MP O'Dowd,90,29,1682,4,4.44
Rohan Mustafa,99,34,1401,4,4.04
Asif Khan,99,34,1155,4,4.04
RD Berrington,101,54,2292,4,3.96
A Balbirnie,163,59,2438,4,2.45
KJ O'Brien,164,60,1990,4,2.44
BRM Taylor,277,66,5130,4,1.44
Liton Das,336,132,2178,4,1.19
Mahmudullah,345,134,5127,4,1.16
Imrul Kayes,345,134,2242,4,1.16
KA Pollard,429,165,2608,4,0.93
E Lewis,429,165,1903,4,0.93
DJS Dottin,428,165,1679,4,0.93
SO Hetmyer,429,165,1410,4,0.93
BA King,430,166,1306,4,0.93
L Vincent,434,225,1089,4,0.92
WD Parnell,461,284,574,4,0.87
Yousuf Youhana,464,224,1740,4,0.86
Yasir Hameed,464,224,1459,4,0.86
CL Tryon,464,285,1440,4,0.86
DA Miller,470,290,4466,4,0.85
Kamran Akmal,469,227,2746,4,0.85
Imran Tahir,469,289,157,4,0.85
PWH de Silva,478,221,859,4,0.84
CM Edwards,507,291,1054,4,0.79
WPUJC Vaas,509,236,569,4,0.79
AE Jones,513,292,2071,4,0.78
DN Wyatt,513,292,1680,4,0.78
ME Trescothick,518,295,1997,4,0.77
DJ Malan,519,295,1418,4,0.77
A Gardner,527,367,1175,4,0.76
BL Mooney,533,372,2433,4,0.75
P Litchfield,533,372,895,4,0.75
GJ Bailey,544,381,3011,4,0.74
SE Marsh,545,381,2622,4,0.73
Shubman Gill,560,347,2328,4,0.71
HH Pandya,572,355,1762,4,0.7
KL Rahul,580,360,2761,4,0.69
SS Iyer,576,357,2396,4,0.69
N Chantam,9,8,473,3,33.33
Babar Hayat,16,5,539,3,18.75
JM Davison,49,16,443,3,6.12
JN Frylinck,55,26,615,3,5.45
Gulsan Jha,63,31,625,3,4.76
G Singh,64,30,938,3,4.69
K Bhurtel,65,33,1182,3,4.62
S Horley,79,43,276,3,3.8
BJ McMullen,85,46,888,3,3.53
SA Edwards,90,29,1504,3,3.33
Aayan Afzal Khan,99,34,585,3,3.03
KJ Coetzer,101,54,2280,3,2.97
MH Cross,101,54,1675,3,2.97
MA Leask,101,54,1306,3,2.97
T Taibu,275,66,2837,3,1.09
H Masakadza,277,66,3955,3,1.08
Shahriar Nafees,345,134,1216,3,0.87
DM Bravo,427,165,3007,3,0.7
J Charles,430,166,1544,3,0.7
DR Smith,426,165,1261,3,0.7
DP Conway,431,224,1226,3,0.7
KAJ Roach,427,165,308,3,0.7
AC Kerr,433,225,1854,3,0.69
ML Green,433,225,1407,3,0.69
JD Ryder,435,226,1242,3,0.69
PG Fulton,443,231,1216,3,0.68
JM How,444,231,939,3,0.68
Imam-ul-Haq,451,220,2840,3,0.67
CA Ingram,456,280,761,3,0.66
Inzamam-ul-Haq,464,224,1916,3,0.65
JA Morkel,459,283,705,3,0.65
Haris Rauf,461,222,70,3,0.65
LL Tsotsobe,463,284,58,3,0.65
HE van der Dussen,472,291,2388,3,0.64
S Luus,471,290,2080,3,0.64
Nasir Jamshed,466,225,1418,3,0.64
T Chetty,471,290,1414,3,0.64
KIC Asalanka,495,230,1810,3,0.61
IJL Trott,505,289,2819,3,0.59
MS Atapattu,509,236,1978,3,0.59
JWA Taylor,511,291,879,3,0.59
CL White,539,377,2053,3,0.56
MS Wade,535,374,1792,3,0.56
BJ Haddin,545,381,3003,3,0.55
UT Khawaja,542,380,1539,3,0.55
NW Bracken,545,381,174,3,0.55
AT Rayudu,575,356,1637,3,0.52
PG Raut,578,359,1436,3,0.52
KM Jadhav,576,357,1318,3,0.52
R Ashwin,579,360,707,3,0.52
N Chaiwai,9,8,244,2,22.22
MS Chapman,15,5,684,2,13.33
TM Odoyo,38,13,830,2,5.26
S Dhaniram,42,12,281,2,4.76
Shakeel Ahmed,49,27,69,2,4.08
Shoaib Khan,51,27,843,2,3.92
Pargat Singh,51,18,722,2,3.92
Jatinder Singh,52,27,1356,2,3.85
JN Loftie-Eaton,55,26,796,2,3.64
R Trumpelmann,55,26,350,2,3.64
BM Scholtz,55,26,251,2,3.64
CJA Amini,63,12,952,2,3.17
S Bau,63,12,874,2,3.17
CA Soper,63,12,653,2,3.17
Aarif Sheikh,65,33,1032,2,3.08
DS Airee,65,33,861,2,3.08
RN ten Doeschate,73,22,594,2,2.74
Vikramjit Singh,90,29,1190,2,2.22
Kashif Daud,94,32,282,2,2.13
V Aravind,99,34,1843,2,2.02
Waseem Muhammad,99,34,1398,2,2.02
SM Sharif,101,54,492,2,1.98
NJ O'Brien,161,57,1692,2,1.24
GH Lewis,162,58,1348,2,1.23
GB Brent,264,64,192,2,0.76
M Mupachikwa,270,65,376,2,0.74
V Sibanda,276,66,2125,2,0.72
Sharmin Akhter,325,126,643,2,0.62
Nazmul Hossain Shanto,329,127,1165,2,0.61
Nigar Sultana,333,130,927,2,0.6
Anamul Haque,342,134,1322,2,0.58
Aftab Ahmed,344,134,1061,2,0.58
Sohag Gazi,342,134,182,2,0.58
Pratika Rawal,366,215,444,2,0.55
C Brits,389,238,292,2,0.51
AR Adams,394,202,165,2,0.51
RS Morton,408,157,1205,2,0.49
O Thomas,418,162,22,2,0.48
SSB Magala,419,259,18,2,0.48
LMP Simmons,426,165,1958,2,0.47
SSJ Brooks,430,166,842,2,0.47
R Rampaul,422,163,338,2,0.47
IDR Bradshaw,424,164,259,2,0.47
A Mohammed,428,165,232,2,0.47
HM Nicholls,437,227,2116,2,0.46
T Bavuma,443,272,1548,2,0.45
HJH Marshall,441,229,661,2,0.45
Mohammad Yousuf,458,221,2783,2,0.44
Bismah Maroof,459,221,1938,2,0.44
JN Malan,458,282,958,2,0.44
A Bosch,453,278,355,2,0.44
UDU Chandana,457,214,260,2,0.44
MV Boucher,466,286,2617,2,0.43
Haris Sohail,468,227,1709,2,0.43
Javeria Khan,463,223,1408,2,0.43
Nida Dar,463,223,1171,2,0.43
Fatima Sana,463,223,484,2,0.43
Mohammad Nawaz,461,222,173,2,0.43
M Klaas,464,285,103,2,0.43
RR Hendricks,472,291,930,2,0.42
N de Klerk,471,290,589,2,0.42
A Khaka,471,290,108,2,0.42
HC Brook,487,280,653,2,0.41
DN Wellalage,490,227,285,2,0.41
CJ Jordan,492,283,184,2,0.41
HDRL Thirimanne,506,236,3164,2,0.4
P Nissanka,495,230,1810,2,0.4
OA Shah,502,287,1579,2,0.4
S Samarawickrama,495,230,1073,2,0.4
TT Samaraweera,500,232,669,2,0.4
MD Gunathilaka,507,236,1592,2,0.39
MP Vaughan,509,291,1382,2,0.39
AJ Blackwell,516,360,953,2,0.39
SIR Dunkley,513,292,789,2,0.39
LS Greenway,507,291,732,2,0.39
GO Jones,518,295,715,2,0.39
MDT Kamini,514,318,353,2,0.39
SI Mahmood,509,291,84,2,0.39
C Green,526,366,626,2,0.38
JL Jonassen,527,367,533,2,0.38
AT Carey,543,381,1978,2,0.37
M Labuschagne,543,381,1764,2,0.37
JR Hopes,545,381,1326,2,0.37
PJ Hughes,544,381,826,2,0.37
AC Voges,544,381,798,2,0.37
RP Singh,542,333,135,2,0.37
SW Tait,545,381,25,2,0.37
JI Rodrigues,578,359,1051,2,0.35
VVS Laxman,570,353,828,2,0.35
YK Pathan,579,360,810,2,0.35
H Deol,568,351,561,2,0.35
A Nehra,579,360,90,2,0.35
MM Patel,579,360,74,2,0.35
SV Samson,580,360,510,2,0.34
CR Pagydyala,3,1,136,1,33.33
JAD Lawrenson,4,1,177,1,25.0
IA Karim,29,10,196,1,3.45
E Otieno,29,10,21,1,3.45
AR Odedara,37,21,126,1,2.7
MO Odumbe,38,13,324,1,2.63
GR Codrington,38,10,80,1,2.63
T Mishra,39,13,395,1,2.56
R Gunasekera,48,16,255,1,2.08
A Bagai,49,16,614,1,2.04
ARI Umeed,49,27,138,1,2.04
A Codrington,49,16,33,1,2.04
KH Prajapati,51,27,996,1,1.96
NR Kirton,51,18,483,1,1.96
NS Dhaliwal,51,18,295,1,1.96
Sandeep Goud,52,27,535,1,1.92
CG Williams,52,25,427,1,1.92
HN Ya France,52,25,237,1,1.92
JJ Smit,54,25,839,1,1.85
I Toua,56,10,41,1,1.79
G Kodali,57,27,46,1,1.75
AGS Gous,60,29,157,1,1.67
L Siaka,62,12,749,1,1.61
SR Mukkamalla,62,29,711,1,1.61
AK Sah,62,31,320,1,1.61
A Vala,63,12,1783,1,1.59
TP Ura,63,12,1196,1,1.59
N Vanua,63,12,769,1,1.59
SK Patel,63,29,278,1,1.59
A Nao,63,12,54,1,1.59
SJ Modani,64,30,898,1,1.56
P Khadka,64,32,252,1,1.56
Kushal Malla,65,33,756,1,1.54
B Sharki,65,33,703,1,1.54
Sompal Kami,65,33,621,1,1.54
MM English,74,41,107,1,1.35
SJ Myburgh,78,23,347,1,1.28
CM McBride,82,44,386,1,1.22
R Rijke,85,25,238,1,1.18
BJ Currie,85,46,9,1,1.18
AT Nidamanuru,86,25,713,1,1.16
LV van Beek,86,25,505,1,1.16
JF Kloppenburg,87,26,149,1,1.15
TBM de Leede,87,26,113,1,1.15
Adnan Mufti,89,31,328,1,1.12
V Sukumaran,92,31,194,1,1.09
Chirag Suri,95,33,924,1,1.05
GT Main,95,51,82,1,1.05
A Neill,95,51,29,1,1.05
R Chopra,96,33,260,1,1.04
AH Maqsood,97,52,12,1,1.03
CP Rizwan,98,34,901,1,1.02
Rameez Shahzad,99,34,848,1,1.01
A Sharma,99,34,323,1,1.01
JH Davey,99,53,193,1,1.01
PL Mommsen,100,53,601,1,1.0
RM Haq,100,53,181,1,1.0
HG Munsey,101,54,1675,1,0.99
TB Sole,101,54,38,1,0.99
Simi Singh,151,53,406,1,0.66
JP Bray,152,53,234,1,0.66
O Prendergast,162,58,821,1,0.62
A Hunter,162,58,776,1,0.62
GC Wilson,164,60,1232,1,0.61
DT Johnston,164,60,361,1,0.61
AR Cusack,164,60,264,1,0.61
OV Anderson,166,109,46,1,0.6
CB Wishart,233,57,361,1,0.43
AA Jangoo,241,90,104,1,0.41
MN Waller,261,62,1039,1,0.38
MA Vermeulen,265,64,517,1,0.38
TS Chisoro,264,64,109,1,0.38
CK Coventry,269,65,645,1,0.37
A Ndiraya,270,65,428,1,0.37
J Nkomo,270,65,354,1,0.37
M Musonda,270,65,262,1,0.37
B Muzarabani,273,66,114,1,0.37
CJ Chibhabha,275,66,1987,1,0.36
SF Mire,277,66,729,1,0.36
PJ Moor,277,66,520,1,0.36
Saud Shakeel,291,145,283,1,0.34
Tanzim Hasan Sakib,292,106,95,1,0.34
Rumana Ahmed,301,109,346,1,0.33
Shamsur Rahman,303,110,266,1,0.33
JD Campbell,303,116,248,1,0.33
Towhid Hridoy,327,127,759,1,0.31
Nasum Ahmed,327,127,156,1,0.31
Hasan Mahmud,327,127,37,1,0.31
Fargana Hoque,333,130,1275,1,0.3
Afif Hossain,329,127,548,1,0.3
Mosaddek Hossain,334,131,524,1,0.3
Murshida Khatun,333,130,429,1,0.3
Abid Ali,335,166,234,1,0.3
Khushdil Shah,346,174,200,1,0.29
SE Rutherford,358,140,497,1,0.28
NC Dodd,351,182,145,1,0.28
N Deonarine,369,144,546,1,0.27
BT Foakes,373,218,61,1,0.27
HHC Gunaratne,372,175,13,1,0.27
A Rawat,396,239,153,1,0.25
BC Lara,424,164,1878,1,0.24
SA Campbelle,420,163,1167,1,0.24
WW Hinds,424,164,1066,1,0.24
DS Smith,414,161,973,1,0.24
R Powell,425,164,915,1,0.24
JN Mohammed,425,164,621,1,0.24
CA Henry,417,162,537,1,0.24
SW Ambris,409,158,473,1,0.24
AR Nurse,425,164,454,1,0.24
Taufeeq Umar,415,205,262,1,0.24
T Stubbs,424,262,218,1,0.24
AJ Turner,413,294,192,1,0.24
RD Rickelton,424,262,188,1,0.24
L Klusener,423,262,163,1,0.24
CMG Atkins,412,239,117,1,0.24
S Nitschke,416,296,81,1,0.24
A Martin,422,163,10,1,0.24
D Ramdin,426,165,2072,1,0.23
N Pooran,429,165,1829,1,0.23
JDS Neesham,439,228,1508,1,0.23
L Ronchi,439,228,1397,1,0.23
KJ Martin,426,222,1161,1,0.23
NT Broom,443,231,919,1,0.23
A Steyn,438,270,781,1,0.23
GD Phillips,431,224,710,1,0.23
FH Allen,431,224,582,1,0.23
LR Down,433,225,486,1,0.23
HM Rowe,433,225,332,1,0.23
AM Peterson,433,225,167,1,0.23
LM Kasperek,433,225,148,1,0.23
Wasim Akram,426,209,71,1,0.23
Mohammad Rizwan,462,223,2254,1,0.22
RR Rossouw,451,277,1239,1,0.22
Aliya Riaz,463,223,1207,1,0.22
F Behardien,463,284,1074,1,0.22
T Brits,453,278,786,1,0.22
Agha Salman,461,222,637,1,0.22
Imran Nazir,453,220,531,1,0.22
HMD Rasangika,464,216,232,1,0.22
AR Caddick,457,262,64,1,0.22
DNT Zoysa,457,214,36,1,0.22
Azhar Ali,468,227,1806,1,0.21
Imran Farhat,467,226,1232,1,0.21
AL Phehlukwayo,470,290,827,1,0.21
L Goodall,471,290,817,1,0.21
AG Prince,466,286,761,1,0.21
T de Zorzi,472,291,381,1,0.21
TK Curran,481,276,303,1,0.21
MJ Cosgrove,473,332,78,1,0.21
S Molineux,484,338,64,1,0.21
S Nisansala,482,223,20,1,0.21
AG Wharf,483,276,19,1,0.21
N Dickwella,512,237,1604,1,0.2
CK Kapugedera,510,237,1505,1,0.2
LPC Silva,496,231,1279,1,0.2
MJ Prior,503,288,1229,1,0.2
MD Shanaka,498,231,1153,1,0.2
FDM Karunaratne,511,237,1044,1,0.2
CJ Ferguson,494,346,663,1,0.2
BMAJ Mendis,511,237,593,1,0.2
J Mubarak,499,232,531,1,0.2
ME Bouchier,504,289,482,1,0.2
WG Jacks,495,284,468,1,0.2
JE Cameron,497,348,452,1,0.2
AC Agar,512,356,322,1,0.2
SMSM Senanayake,506,236,290,1,0.2
S Randiv,507,236,280,1,0.2
LA Marsh,489,282,264,1,0.2
SM Davies,496,284,244,1,0.2
I Udana,511,237,227,1,0.2
JDF Vandersay,490,227,112,1,0.2
C Kieswetter,517,295,985,1,0.19
TD Paine,521,363,861,1,0.19
VS Solanki,518,295,829,1,0.19
MG Bevan,540,378,755,1,0.19
JM Vince,519,295,590,1,0.19
BJ Hodge,522,363,516,1,0.19
EJ Villani,527,367,468,1,0.19
EL Lamb,513,292,396,1,0.19
MK Tiwary,536,331,287,1,0.19
STR Binny,536,331,230,1,0.19
D Gough,518,295,137,1,0.19
M Kartik,534,330,102,1,0.19
KW Richardson,531,370,75,1,0.19
DM Kimmince,527,367,37,1,0.19
DJ Hussey,545,381,1672,1,0.18
KD Karthik,569,352,1624,1,0.18
MP Stoinis,543,381,1489,1,0.18
M Kaif,570,353,1314,1,0.18
Ishan Kishan,553,341,886,1,0.18
YH Bhatia,568,351,666,1,0.18
P Vastrakar,568,351,579,1,0.18
MK Pandey,559,347,558,1,0.18
MR Meshram,562,348,322,1,0.18
PS Punia,552,340,273,1,0.18
PP Shaw,541,333,189,1,0.18
RR Pant,576,357,871,1,0.17
AR Patel,580,360,568,1,0.17
M Vijay,579,360,339,1,0.17
S Sreesanth,579,360,44,1,0.17
Arshdeep Singh,580,360,37,1,0.17
M Prasidh Krishna,572,355,2,1,0.17
HT Tector,163,59,1622,0,0.0
DJ Mitchell,431,224,1616,0,0.0
Asad Shafiq,460,222,1312,0,0.0
S Matsikenyeri,266,64,1309,0,0.0
Sabbir Rahman,335,132,1259,0,0.0
C Munro,439,228,1249,0,0.0
Raqibul Hasan,337,132,1177,0,0.0
Nahida Khan,456,221,1121,0,0.0
RW Chakabva,274,66,1106,0,0.0
SM Katich,537,376,1041,0,0.0
RP Arnold,509,236,1039,0,0.0
Junaid Siddique,99,34,1021,0,0.0
KU Carty,430,166,1000,0,0.0
Muneeba Ali,463,223,948,0,0.0
Shaiman Anwar,97,33,947,0,0.0
Imad Wasim,462,223,937,0,0.0
RV Uthappa,573,356,934,0,0.0
KOA Powell,427,165,934,0,0.0
Habibul Bashar,343,134,926,0,0.0
Muhammad Usman,95,33,888,0,0.0
TT Bresnan,517,295,871,0,0.0
PD Salt,495,284,866,0,0.0
CN Nation,428,165,831,0,0.0
BM Halliday,428,222,828,0,0.0
SHT Kandamby,510,237,827,0,0.0
W Barresi,90,29,820,0,0.0
JA Rudolph,445,272,820,0,0.0
Sharjeel Khan,462,223,787,0,0.0
SA Yadav,553,341,773,0,0.0
G Malla,65,33,753,0,0.0
H Madavi,489,226,729,0,0.0
Mohammad Mithun,334,131,711,0,0.0
LJ Wright,517,295,707,0,0.0
SO Tikolo,38,13,705,0,0.0
NND de Silva,497,231,703,0,0.0
BM Duckett,487,280,700,0,0.0
Kycia A Knight,423,164,699,0,0.0
PA Patel,567,350,693,0,0.0
RM Ghosh,556,344,690,0,0.0
SW Billings,519,295,690,0,0.0
ZE Green,55,26,686,0,0.0
HASD Siriwardene,497,231,679,0,0.0
Umaima Sohail,463,223,670,0,0.0
GWHM Perera,487,226,668,0,0.0
RH Priest,412,215,661,0,0.0
L Tucker,163,59,657,0,0.0
Shafali Verma,568,351,644,0,0.0
MADD Surangika,497,231,642,0,0.0
PM Weerakkody,497,231,638,0,0.0
PSP Handscomb,542,380,632,0,0.0
KT Perkins,426,222,618,0,0.0
JF Mooney,164,60,610,0,0.0
Khaled Mashud,346,134,605,0,0.0
Kyshona A Knight,428,165,597,0,0.0
J Botha,459,283,594,0,0.0
TLW Cooper,73,22,576,0,0.0
BJ Watling,440,228,573,0,0.0
L Winfield,455,261,564,0,0.0
DD Ebrahim,265,64,555,0,0.0
Abdullah Shafique,445,217,554,0,0.0
L Louwrens,55,26,535,0,0.0
CR Brathwaite,418,162,527,0,0.0
RJ Peterson,463,284,523,0,0.0
JP Inglis,526,366,521,0,0.0
Nain Abidi,456,221,521,0,0.0
K Doriga,63,12,520,0,0.0
CD Wallace,101,54,515,0,0.0
Nizakat Khan,16,5,508,0,0.0
AN Petersen,456,280,498,0,0.0
Shayan Jahangir,64,30,497,0,0.0
Mominul Haque,341,133,495,0,0.0
JWM Dalrymple,508,291,487,0,0.0
AA Obanda,39,13,487,0,0.0
RS Williams,417,162,477,0,0.0
K Verreynne,458,282,476,0,0.0
MA Ouma,37,12,468,0,0.0
Javed Omar,343,134,468,0,0.0
GS Ballance,511,291,454,0,0.0
JL Denly,496,284,446,0,0.0
Ghulam Shabber,93,31,444,0,0.0
A Johnson,51,18,438,0,0.0
H Hiri,63,12,435,0,0.0
MN van Wyk,457,281,425,0,0.0
S Prasanna,507,236,421,0,0.0
SMA Priyanjan,508,236,420,0,0.0
PW Borren,73,22,413,0,0.0
FC Wilson,498,286,412,0,0.0
V Krishnamurthy,561,347,410,0,0.0
RD Shah,38,13,407,0,0.0
Ayesha Zafar,463,223,407,0,0.0
RMVD Gunaratne,489,226,401,0,0.0
Ali Naseer,99,34,396,0,0.0
MAA Sanjeewani,497,231,395,0,0.0
AB Barath,400,155,394,0,0.0
MW Machan,100,53,393,0,0.0
Suraj Kumar,52,27,392,0,0.0
PA de Silva,509,236,390,0,0.0
MA Jones,96,51,385,0,0.0
CS Baugh,422,163,382,0,0.0
J Gumbie,273,66,379,0,0.0
XM Marshall,61,29,379,0,0.0
Asif Ali,446,218,375,0,0.0
PJ Forrest,532,371,368,0,0.0
MS Sinclair,425,222,367,0,0.0
Tanzid Hasan,327,127,364,0,0.0
KM Dabengwa,264,64,364,0,0.0
DG Brownlie,432,225,361,0,0.0
Naseem Khushi,51,27,360,0,0.0
MDN Hansika,497,231,357,0,0.0
AA Alleyne,417,162,341,0,0.0
LMM Tahuhu,433,225,340,0,0.0
NV Knight,457,262,339,0,0.0
B Cooper,365,143,339,0,0.0
Rashid Latif,426,209,335,0,0.0
SS Pathirana,498,231,332,0,0.0
A Flower,233,57,332,0,0.0
I Kaia,273,66,332,0,0.0
HP Tillakaratne,509,236,332,0,0.0
KA Edwards,422,163,331,0,0.0
D Khanal,65,33,329,0,0.0
SS Weerakkody,497,231,328,0,0.0
SA Engelbrecht,89,28,327,0,0.0
CN Ackermann,86,25,326,0,0.0
MH Yardy,491,282,326,0,0.0
SJ Baard,55,26,326,0,0.0
Sidra Nawaz,463,223,325,0,0.0
S Movva,51,18,324,0,0.0
MR Aguilleira,428,165,323,0,0.0
DA Gunawardene,476,221,322,0,0.0
R Mutumbami,276,66,319,0,0.0
JP Kotze,54,25,316,0,0.0
Washington Sundar,519,323,315,0,0.0
LM Jongwe,273,66,315,0,0.0
D la Cock,55,26,313,0,0.0
A Athanaze,412,160,306,0,0.0
ADS Fletcher,404,157,305,0,0.0
Shamima Sultana,333,130,304,0,0.0
DO Obuya,39,13,302,0,0.0
LE Bosman,440,272,301,0,0.0
KE Bryce,97,52,301,0,0.0
AR White,164,60,301,0,0.0
PA Nixon,509,291,297,0,0.0
L Winfield-Hill,500,287,294,0,0.0
DLS van Bunge,75,22,293,0,0.0
MV Waldron,160,56,290,0,0.0
B de Leede,85,25,289,0,0.0
AJ Stewart,457,262,287,0,0.0
AF Giles,518,295,286,0,0.0
A Capsey,513,292,283,0,0.0
PRCS Kumarihami,487,226,283,0,0.0
ASS Fletcher,428,165,282,0,0.0
S Chattergoon,408,157,281,0,0.0
ES Szwarczynski,73,22,281,0,0.0
CS Mugeri-Tiripano,268,64,280,0,0.0
Hannan Sarkar,340,132,280,0,0.0
MD Dai,49,9,277,0,0.0
Moin Khan,448,219,274,0,0.0
DT Christian,532,371,273,0,0.0
GH Worker,415,218,272,0,0.0
Umar Amin,460,222,271,0,0.0
G Toka,63,12,268,0,0.0
TA Blundell,416,219,266,0,0.0
B Bezuidenhout,433,225,266,0,0.0
AJ Hosein,407,157,266,0,0.0
AC Botha,152,53,265,0,0.0
B Bhandari,60,30,265,0,0.0
Diana Baig,463,223,262,0,0.0
Sadaf Shamas,434,212,262,0,0.0
A Sharafu,94,32,257,0,0.0
GE Plimmer,428,222,256,0,0.0
C Madande,273,66,251,0,0.0
Tushar Imran,346,134,250,0,0.0
KO Otieno,38,13,250,0,0.0
Amjad Ali,97,33,249,0,0.0
R Stokell,157,56,247,0,0.0
ML Udawatte,499,232,243,0,0.0
DC Thomas,427,165,238,0,0.0
Musa Ahmed,84,25,238,0,0.0
DE Budge,96,51,237,0,0.0
C Tear,85,46,237,0,0.0
D Dhingra,57,27,237,0,0.0
GJ Hopkins,444,231,236,0,0.0
AM Tribe,4,1,233,0,0.0
NFI McCallum,89,48,233,0,0.0
K Birkenstock,52,25,233,0,0.0
JM Kerr,428,222,232,0,0.0
T Ruma,56,10,232,0,0.0
NY McLean,386,152,231,0,0.0
TM Dowlin,401,155,228,0,0.0
CNIM Joyce,160,56,228,0,0.0
Jahurul Islam,341,133,226,0,0.0
AM Samad,43,13,226,0,0.0
Asmavia Iqbal,456,221,225,0,0.0
S Mostary,325,126,224,0,0.0
F Overdijk,85,25,224,0,0.0
T Duffin,249,60,224,0,0.0
BR McDermott,341,246,223,0,0.0
IS Billcliff,49,16,223,0,0.0
P Mustard,501,287,219,0,0.0
DR Chumney,49,16,219,0,0.0
Saeed Anwar,426,209,218,0,0.0
GJ Delany,130,43,217,0,0.0
Saad Bin Zafar,51,18,217,0,0.0
Iram Javed,442,215,216,0,0.0
JM Fields,495,346,215,0,0.0
T Marumani,242,58,214,0,0.0
DJM Short,531,370,211,0,0.0
TK Musakanda,204,53,210,0,0.0
NRJ Croes,90,29,207,0,0.0
Khurram Manzoor,469,227,206,0,0.0
HS Modi,38,13,205,0,0.0
WP Masakadza,273,66,204,0,0.0
DEM Carter,97,52,200,0,0.0
S Sriharsha,57,27,200,0,0.0
Z Crawley,328,193,199,0,0.0
Saleem Elahi,426,209,199,0,0.0
M Levitt,90,29,196,0,0.0
MW Short,526,366,195,0,0.0
Mohammad Nawaz (3),462,223,193,0,0.0
PJ Ingram,373,191,193,0,0.0
SA Wijeratne,51,18,191,0,0.0
H Karunaratne,482,223,190,0,0.0
A Saud,52,26,189,0,0.0
G Kirsten,260,159,186,0,0.0
BB Chari,257,60,186,0,0.0
S Rana,556,344,184,0,0.0
F Mutizwa,275,66,183,0,0.0
ND McKenzie,438,270,182,0,0.0
CMA Shillington,160,56,179,0,0.0
Q Joseph,428,165,179,0,0.0
DM Richards,401,155,179,0,0.0
I Ranaweera,497,231,179,0,0.0
SR Thompson,159,56,178,0,0.0
JA McCollum,155,55,178,0,0.0
B Zuiderent,87,26,178,0,0.0
NR Kumar,46,15,177,0,0.0
H Patel,48,16,176,0,0.0
IC Gaze,428,222,176,0,0.0
S Forbes,150,53,175,0,0.0
IH Romaine,12,2,175,0,0.0
Raza-ur-Rehman,36,9,174,0,0.0
G Voll,359,260,173,0,0.0
Mohammad Boota,83,29,173,0,0.0
GM Hamilton,88,47,173,0,0.0
SJ Bryce,97,52,171,0,0.0
Najiha Alvi,434,212,170,0,0.0
Lata Mondal,301,109,170,0,0.0
TSS Mackintosh,82,44,169,0,0.0
JG Bethell,495,284,167,0,0.0
Nurul Hasan,207,76,165,0,0.0
MJ Lumb,470,270,165,0,0.0
ST Doheny,117,38,165,0,0.0
KS Lokuarachchi,496,231,164,0,0.0
D Bishoo,425,164,164,0,0.0
Shan Masood,461,222,163,0,0.0
KP Meiyappan,99,34,163,0,0.0
Y Venugopal Rao,498,308,161,0,0.0
FRJ Coleman,100,53,160,0,0.0
SJ McGlashan,402,209,160,0,0.0
P Siaka,56,10,160,0,0.0
Akshay Homraj,61,29,159,0,0.0
J Kila,58,11,159,0,0.0
Shariz Ahmad,90,29,159,0,0.0
CJO Smith,88,47,157,0,0.0
T Kaitano,273,66,157,0,0.0
CMW Read,497,285,156,0,0.0
SRH Curtis,351,182,156,0,0.0
A Kolan,57,27,155,0,0.0
C Zhuwao,264,64,154,0,0.0
MB Kruger,49,24,154,0,0.0
SP Patil,97,33,153,0,0.0
K Fraser,79,43,152,0,0.0
MDK Perera,498,231,152,0,0.0
AJ Redmond,279,142,152,0,0.0
D Ganga,323,125,152,0,0.0
AA Mulla,38,10,150,0,0.0
PJ Ongondo,38,13,150,0,0.0
BN Cooper,88,27,148,0,0.0
BOP Fernando,448,209,148,0,0.0
Khalid Latif,417,206,147,0,0.0
Shorna Akter,333,130,147,0,0.0
Nazimuddin,289,104,147,0,0.0
BYA Mendis,464,216,147,0,0.0
JA Burns,535,374,146,0,0.0
ID Blackwell,503,288,146,0,0.0
K Zondo,469,289,146,0,0.0
D Devnarain,403,249,145,0,0.0
IJR Zwilling,85,25,145,0,0.0
CO Browne,424,164,144,0,0.0
S Jafta,449,275,144,0,0.0
Zahoor Khan,99,34,143,0,0.0
MB Loye,399,235,142,0,0.0
HJW Gardiner,100,53,142,0,0.0
RD Jacobs,368,144,142,0,0.0
VV Morea,49,9,142,0,0.0
KJJ van Noortwijk,87,26,141,0,0.0
KNA Bandara,465,216,141,0,0.0
SF Daley,428,165,141,0,0.0
TS Hasabnis,490,303,140,0,0.0
M Bhanuka,478,221,140,0,0.0
CT Dhururu,270,65,140,0,0.0
D Myers,242,58,138,0,0.0
KA Hope,402,155,138,0,0.0
T Bhatia,503,312,138,0,0.0
N Vare,56,10,138,0,0.0
Marina Iqbal,416,205,137,0,0.0
NJ Carey,491,343,136,0,0.0
HK Badani,534,330,135,0,0.0
S Verma,435,267,135,0,0.0
P Molkenboer,80,24,135,0,0.0
T Banton,426,244,134,0,0.0
AM Hardie,510,356,134,0,0.0
PA Browne,408,157,134,0,0.0
Faisal Iqbal,422,207,134,0,0.0
JL Smith,487,280,133,0,0.0
CR Seneviratna,464,216,133,0,0.0
TJ Friend,226,56,132,0,0.0
D Keulder,53,25,132,0,0.0
TS Kamunhukamwe,273,66,131,0,0.0
KH Pandya,572,355,130,0,0.0
D Bau,54,10,130,0,0.0
DF Watts,89,48,130,0,0.0
HDPK Dharmasena,360,167,129,0,0.0
D Ravu,59,12,128,0,0.0
Nafees Iqbal,293,106,128,0,0.0
B Sai Sudharsan,580,360,127,0,0.0
N Hussain,457,262,127,0,0.0
ZE Surkari,48,16,127,0,0.0
Azhar Mahmood,453,220,126,0,0.0
Mudassar Bukhari,73,22,126,0,0.0
CE Coulter Reilly,146,52,126,0,0.0
SACA King,386,152,126,0,0.0
SM Kavanagh,136,46,126,0,0.0
KDU Prabodhani,497,231,126,0,0.0
H Carlyon,4,1,125,0,0.0
P Marange,270,65,125,0,0.0
ML Nkala,265,64,125,0,0.0
FL Mackay,384,195,125,0,0.0
RS Kaluwitharana,348,162,124,0,0.0
Dhiman Ghosh,291,105,124,0,0.0
PA Jaques,522,363,123,0,0.0
Usman Limbada,34,9,123,0,0.0
B Tau,56,10,123,0,0.0
PA Chatterji,97,52,123,0,0.0
CT Mutombodzi,263,64,122,0,0.0
JP Maher,540,378,122,0,0.0
Mahedi Hasan,327,127,122,0,0.0
Ayasha Rahman,157,56,122,0,0.0
T Maruma,266,64,122,0,0.0
B Evans,257,60,121,0,0.0
AL Hodgkinson,322,192,121,0,0.0
U Bhatti,46,15,120,0,0.0
K Weeraratne,463,216,120,0,0.0
N Koncharoenkai,8,7,120,0,0.0
JW Jenner,4,1,119,0,0.0
J Edness,11,2,119,0,0.0
R Malhotra,561,347,118,0,0.0
S Jimmy,56,10,118,0,0.0
J Anderson,124,40,118,0,0.0
BJ Patel,38,13,118,0,0.0
Khalid Kail,41,23,117,0,0.0
MC Henriques,518,362,117,0,0.0
SL Quintyne,365,143,117,0,0.0
RD Gaikwad,580,360,115,0,0.0
EN Lynch,85,25,115,0,0.0
Kainat Imtiaz,441,214,115,0,0.0
S Meghana,530,329,114,0,0.0
MA Carberry,482,276,114,0,0.0
Jaker Ali,190,70,113,0,0.0
L Jack,97,52,113,0,0.0
LP van Troost,87,26,112,0,0.0
DP Hyatt,328,125,112,0,0.0
KD Shah,15,5,112,0,0.0
C Carter,16,5,111,0,0.0
AN Kervezee,73,22,110,0,0.0
SV Carlisle,136,33,110,0,0.0
D Hazell,489,282,109,0,0.0
R Murray,253,60,108,0,0.0
A Maregwede,265,64,108,0,0.0
KNM Fernando,310,146,107,0,0.0
BA Parchment,408,157,107,0,0.0
SR Hain,283,168,106,0,0.0
A Minny,389,238,106,0,0.0
SL Kalis,81,24,106,0,0.0
HDJ Siegers,81,24,105,0,0.0
RML Taylor,100,53,105,0,0.0
RK Kleinveldt,463,284,105,0,0.0
L Balaji,537,331,104,0,0.0
DA Minors,12,2,104,0,0.0
D Elgar,469,289,104,0,0.0
KV Jain,514,318,104,0,0.0
PS Athavale,49,27,103,0,0.0
C de Lange,85,25,103,0,0.0
AM Bacher,393,241,102,0,0.0
Yasir Ali Chowdhury,312,116,101,0,0.0
WK McCallan,152,53,101,0,0.0
Shahzaib Hasan,319,162,100,0,0.0
SM Benade,389,238,100,0,0.0
R Kanoh,9,8,100,0,0.0
CJ Bowes,333,174,99,0,0.0
Hamza Tariq,34,9,99,0,0.0
BMSM Kumari,497,231,99,0,0.0
I Maraj,49,16,98,0,0.0
JL Ontong,459,283,97,0,0.0
AL Kandappah,32,9,97,0,0.0
RA Jones,315,164,96,0,0.0
GEF Barnett,46,15,95,0,0.0
RJ Trott,11,2,95,0,0.0
RS Gavaskar,330,192,93,0,0.0
Sanjida Islam,295,107,93,0,0.0
T Munyonga,186,47,92,0,0.0
Shoriful Islam,327,127,91,0,0.0
JV Harris,49,16,91,0,0.0
GB Murgatroyd,53,25,90,0,0.0
SK Atai,62,12,90,0,0.0
Bilawal Bhatti,449,220,89,0,0.0
PBB Rajapaksa,478,221,89,0,0.0
SSD Arachchige,324,153,89,0,0.0
TC Bastiampillai,32,9,89,0,0.0
S Tippoch,9,8,89,0,0.0
Z James,417,162,89,0,0.0
Nashra Sandhu,463,223,89,0,0.0
N Davin,54,25,88,0,0.0
SE Findlay,394,153,88,0,0.0
J Fraser-McGurk,488,340,87,0,0.0
T Mupariwa,266,64,87,0,0.0
P Mujaji,224,55,86,0,0.0
FL Reifer,401,155,86,0,0.0
NE Bonner,384,151,85,0,0.0
J Sumerauer,4,1,84,0,0.0
JJ Atkinson,12,3,84,0,0.0
CJ Nevin,411,214,83,0,0.0
C Hemraj,413,161,82,0,0.0
GC Bhogle,57,27,82,0,0.0
Mohammad Wasim,461,222,80,0,0.0
A Lister,97,52,80,0,0.0
M McColl,97,52,80,0,0.0
Rabiya Shah,431,211,80,0,0.0
M Terblanche,389,238,80,0,0.0
M Spoors,50,17,80,0,0.0
D Langford-Smith,152,53,79,0,0.0
E Claridge,57,27,79,0,0.0
AI Chudasama,57,27,79,0,0.0
UT Yadav,565,349,79,0,0.0
JP Greaves,388,152,79,0,0.0
E Schiferli,87,26,79,0,0.0
S Badrinath,567,350,79,0,0.0
HJ Armitage,490,282,78,0,0.0
T Suri,96,33,78,0,0.0
Sami Aslam,430,211,78,0,0.0
SP Khakurel,64,32,78,0,0.0
WB Rankin,164,60,78,0,0.0
SC Taylor,412,239,77,0,0.0
SP Krishnamurthi,49,24,77,0,0.0
Ravinderpal Singh,50,17,77,0,0.0
GM Ewing,232,57,77,0,0.0
SC Joseph,338,128,77,0,0.0
S Gajnabi,417,162,77,0,0.0
Syed Rasel,343,134,76,0,0.0
Utkarsh Srivastava,39,19,75,0,0.0
KDK Vithanage,435,204,75,0,0.0
CA Lynn,379,272,75,0,0.0
MNK Fernando,376,178,75,0,0.0
SW Poynter,129,43,74,0,0.0
N Gwanzura,270,65,74,0,0.0
DS Bajwa,39,10,74,0,0.0
U Raymond-Hoey,153,54,74,0,0.0
DS Weerakkody,262,124,73,0,0.0
Kaleem Sana,50,17,73,0,0.0
Waheed Ahmed,86,29,73,0,0.0
C Sutthiruang,9,8,73,0,0.0
SS McKechnie,14,4,73,0,0.0
TP Visee,88,27,72,0,0.0
TL Best,416,162,72,0,0.0
DR Brown,78,43,72,0,0.0
SD Outerbridge,12,2,72,0,0.0
J Smits,75,22,72,0,0.0
BJ Bennett,242,58,71,0,0.0
TK Patel,61,29,71,0,0.0
V Araa,56,10,71,0,0.0
Mohammad Aadil Alam,65,33,70,0,0.0
Shuvagata Hom,204,75,70,0,0.0
Natalia Pervaiz,253,130,70,0,0.0
N Dutta,50,17,70,0,0.0
K Frank,56,10,70,0,0.0
TN de Grooth,73,22,70,0,0.0
DR Mousley,495,284,69,0,0.0
B Ward,4,1,69,0,0.0
Tilak Varma,580,360,68,0,0.0
Sana Javed,383,190,68,0,0.0
AS van Beuge,85,25,68,0,0.0
RC Irani,457,262,67,0,0.0
GM Strydom,201,52,67,0,0.0
SR Waters,33,11,67,0,0.0
Sharmin Sultana,295,107,67,0,0.0
Mehran Khan,49,27,66,0,0.0
JR Philippe,341,246,65,0,0.0
CD de Lange,98,53,65,0,0.0
AD Poynter,144,51,65,0,0.0
Yasir Arafat,423,207,64,0,0.0
Batool Fatima,383,190,64,0,0.0
N Boochatham,9,8,64,0,0.0
PD McGlashan,375,192,63,0,0.0
AAP Atkinson,444,253,63,0,0.0
L Tshuma,270,65,63,0,0.0
Adnan Akmal,444,216,62,0,0.0
J Gray,110,36,62,0,0.0
CS Fraser,417,162,62,0,0.0
K Klein,90,29,61,0,0.0
S Laomi,9,8,61,0,0.0
G Sultana,561,347,61,0,0.0
Shahid Wasif,16,5,60,0,0.0
TG Norris,57,27,59,0,0.0
PJ Scholfield,490,282,59,0,0.0
BAM Heath,490,282,59,0,0.0
MJ Hay,216,113,59,0,0.0
MR Swart,69,22,59,0,0.0
Abdul Jabbar,32,9,59,0,0.0
Shaila Sharmin,272,97,59,0,0.0
HJ Thomas,56,10,59,0,0.0
D Parashar,69,26,58,0,0.0
Mohammad Naim,322,123,58,0,0.0
Hammad Mirza,37,21,58,0,0.0
M van Schoor,53,25,58,0,0.0
TMK Mawoyo,195,51,58,0,0.0
Tayyab Tahir,409,203,57,0,0.0
AJ Tye,501,350,57,0,0.0
L Sreekumar,97,33,57,0,0.0
Akram Khan,346,134,57,0,0.0
S Jora,54,27,56,0,0.0
Zubayr Hamza,288,176,56,0,0.0
RK Singh,580,360,55,0,0.0
FY Fazal,120,63,55,0,0.0
J Figy John,95,33,55,0,0.0
AB Kaur,398,241,55,0,0.0
DES Maxwell,38,10,54,0,0.0
Kabir Ali,518,295,54,0,0.0
A Mazvishaya,270,65,54,0,0.0
Mohammad Hasnain,461,222,53,0,0.0
BCJ Cutting,463,323,53,0,0.0
CAK Walton,402,155,53,0,0.0
P Maya,9,8,53,0,0.0
AR Berenger,60,24,53,0,0.0
K Thomson,352,212,52,0,0.0
AK Perera,448,209,52,0,0.0
KE Ebrahim,238,124,52,0,0.0
Waqas Khan,16,5,52,0,0.0
IR James,420,220,51,0,0.0
AA Paradkar,49,24,51,0,0.0
RN Bhatia,92,31,51,0,0.0
CA Pujara,517,321,51,0,0.0
WA Agar,341,246,50,0,0.0
RTM Mendis,204,92,50,0,0.0
VR Vanitha,358,210,50,0,0.0
MJ Bulow,409,291,50,0,0.0
EL Watson,97,52,50,0,0.0
SS Tiwary,391,234,49,0,0.0
LHD Dilhara,245,114,49,0,0.0
KO Meth,210,54,49,0,0.0
TB Robinson,216,113,48,0,0.0
Zulqarnain Haider,334,166,48,0,0.0
Irfan Khan,428,211,48,0,0.0
Tasqeen Qadeer,383,190,48,0,0.0
Steven Ryan Taylor,13,7,46,0,0.0
KK Nair,559,347,46,0,0.0
SZ Thakor,490,303,46,0,0.0
PP Ojha,565,349,46,0,0.0
AE Smith,389,238,45,0,0.0
TH David,483,337,45,0,0.0
M Karg,53,25,45,0,0.0
TV Mufambisi,249,60,45,0,0.0
M De Ridder,453,278,45,0,0.0
IM Vaghela,57,27,45,0,0.0
Tabarak Dar,11,3,45,0,0.0
M Dillon,424,164,44,0,0.0
Al Sahariar,346,134,44,0,0.0
NA de Groot,49,16,44,0,0.0
RP Lefebvre,75,22,43,0,0.0
SJ Swanepoel,51,24,43,0,0.0
Haider Ali,346,174,42,0,0.0
CD Cumming,382,194,42,0,0.0
WP Saha,579,360,41,0,0.0
NE Farrant,395,232,41,0,0.0
KY Ottley,388,152,41,0,0.0
JL Pattinson,460,321,41,0,0.0
Fayyaz Ahmed,72,26,41,0,0.0
TD Smartt,365,143,40,0,0.0
N Mlaba,471,290,40,0,0.0
M Shumba,179,44,40,0,0.0
NB Mahwire,249,60,40,0,0.0
SJ Tsukigawa,329,170,39,0,0.0
Usama Mir,461,222,38,0,0.0
N M'shangwe,140,33,38,0,0.0
T Granger,270,65,38,0,0.0
PP Chawla,546,337,38,0,0.0
CS Terblanche,389,238,38,0,0.0
CKB Kulasekara,491,227,38,0,0.0
TMM Newton,351,182,38,0,0.0
R Klein,79,23,38,0,0.0
N Shangase,453,278,38,0,0.0
Qaiser Ali,37,9,38,0,0.0
TS Roland-Jones,85,48,37,0,0.0
LN Rajbanshi,59,30,37,0,0.0
Aaditya Varadarajan,11,1,36,0,0.0
JO Troughton,497,285,36,0,0.0
RWT Key,480,276,36,0,0.0
Zulfiqar Babar,430,211,35,0,0.0
O Kamchomphu,9,8,35,0,0.0
NA Greenwood,4,1,35,0,0.0
JNT Vare,42,7,35,0,0.0
C McAuslan,13,4,35,0,0.0
J van Vliet,67,22,35,0,0.0
Abdul Shakoor,97,33,34,0,0.0
LDVV Silva,340,160,34,0,0.0
RP Alexander,58,27,34,0,0.0
TL Seifert,437,227,33,0,0.0
Ayesha Naseem,371,185,33,0,0.0
HM Tiffen,329,170,33,0,0.0
A Aitken-Drummond,79,43,33,0,0.0
Mohammad Iqbal,32,9,33,0,0.0
PRP Boissevain,77,23,33,0,0.0
PARP Perera,448,209,33,0,0.0
JAH Marshall,427,222,33,0,0.0
J Overton,495,284,32,0,0.0
DO Leicher,10,7,32,0,0.0
MK Villiers,490,282,32,0,0.0
D Cleaver,251,129,32,0,0.0
GA Rogers,78,43,32,0,0.0
MHW Papps,427,222,32,0,0.0
Qanita Jalil,456,221,32,0,0.0
AA Deshpande,231,133,32,0,0.0
O Bell,97,52,32,0,0.0
C Jonker,469,289,31,0,0.0
CW Perchard,4,1,31,0,0.0
JB Nero,308,118,31,0,0.0
D Daesrath,36,9,31,0,0.0
EC Rainsford,261,62,31,0,0.0
T Putthawong,9,8,31,0,0.0
PJC Hoffmann,78,43,30,0,0.0
Mohammad Haris,317,160,30,0,0.0
Saqlain Haider,90,31,30,0,0.0
RM Jariwala,64,30,30,0,0.0
AR Pitcher,8,2,30,0,0.0
SM Warnapura,222,102,30,0,0.0
B Leephatthana,9,8,30,0,0.0
M Mangru,392,152,30,0,0.0
MF Kendal,139,47,30,0,0.0
R Boyce,428,165,30,0,0.0
M van Jaarsveld,437,270,29,0,0.0
DI Joyce,149,53,29,0,0.0
KED Carroll,152,53,28,0,0.0
SA Fritz,389,238,28,0,0.0
SP de Alwis,340,160,28,0,0.0
Sadia Iqbal,463,223,28,0,0.0
J Jarvis,63,35,28,0,0.0
JJ Celestine,11,2,28,0,0.0
Ehsanul Haque,108,35,28,0,0.0
OL Pitcher,12,2,28,0,0.0
PM Liyanagamage,380,180,28,0,0.0
GF Linde,238,146,27,0,0.0
Ehsan Adil,460,222,27,0,0.0
CJ Smith,9,2,27,0,0.0
AF Buurman,73,22,26,0,0.0
B Fernando,335,160,26,0,0.0
Shahid Ahmadzai,33,9,26,0,0.0
NG Smith,401,208,26,0,0.0
S Thuraisingam,49,16,26,0,0.0
Khurram Nawaz,52,27,26,0,0.0
M Faisal,65,36,26,0,0.0
Faisal Hossain,306,112,26,0,0.0
Wasim Ali,37,21,26,0,0.0
SL Stewart,286,145,26,0,0.0
MS Panesar,509,291,26,0,0.0
A Patel,40,10,25,0,0.0
S Naik,561,347,25,0,0.0
HDRS Silva,468,217,25,0,0.0
Waqas Barkat,15,5,25,0,0.0
T Kamungozi,246,58,25,0,0.0
CH van Koolwijk,55,18,25,0,0.0
LJ Poulton,495,346,25,0,0.0
VR Iyer,102,54,24,0,0.0
N Niranjana,561,347,24,0,0.0
RW Sims,67,18,24,0,0.0
TS Sekhukhune,464,285,24,0,0.0
J Louw,459,283,23,0,0.0
LK Ebsary,416,296,23,0,0.0
Avesh Khan,580,360,23,0,0.0
Y van der Westhuizen,322,192,23,0,0.0
J Blackwood,315,118,23,0,0.0
SJ Massiah,58,27,23,0,0.0
Nestor Dhamba,50,27,23,0,0.0
RD McCann,144,51,23,0,0.0
TJ Heggelman,69,22,23,0,0.0
RL Bhudia,32,11,22,0,0.0
RM Patidar,30,21,22,0,0.0
PKD Chase,159,56,22,0,0.0
Shamim Hossain,292,106,22,0,0.0
Mohammad Salman,415,205,22,0,0.0
S Bhari,65,33,22,0,0.0
E Mbofana,270,65,22,0,0.0
JM Cox,495,284,22,0,0.0
Mosharraf Hossain,247,88,22,0,0.0
BP Nash,244,90,21,0,0.0
BA Langston,489,282,21,0,0.0
JP Behrendorff,474,332,21,0,0.0
AC Cummins,38,10,21,0,0.0
EC Perry,244,127,21,0,0.0
AB Dinda,565,349,21,0,0.0
J Patraj,32,9,21,0,0.0
CJ Metcalfe,139,47,21,0,0.0
LR Naylor,24,15,20,0,0.0
MR Johnson,58,27,20,0,0.0
HGV Vare,47,7,20,0,0.0
JA Simpson,233,139,20,0,0.0
L Rajadurai,33,6,20,0,0.0
AF Sattaur,49,16,20,0,0.0
C Viljoen,50,24,19,0,0.0
GP Tom,56,10,19,0,0.0
S Jyoti,42,12,19,0,0.0
LR Johnson,399,155,19,0,0.0
Tanvir Ahmed,411,203,18,0,0.0
SG Borthwick,292,173,18,0,0.0
TL Chivanga,273,66,18,0,0.0
S Khiaoto,3,3,18,0,0.0
CC Dalton,79,24,18,0,0.0
Jamaluddin Ahmed,33,11,18,0,0.0
I Wardlaw,100,53,18,0,0.0
W Sutherland,488,340,18,0,0.0
TCB Fernando,509,236,18,0,0.0
K Whatham,5,1,18,0,0.0
Sultan Ahmed,83,29,18,0,0.0
DI Allan,39,13,18,0,0.0
SI Kamea,63,12,18,0,0.0
Skhawat Ali,11,3,18,0,0.0
R MacDonald-Gay,490,282,17,0,0.0
SDNS Karunaratne,372,175,17,0,0.0
JA Clarkson,326,169,17,0,0.0
Waqar Younis,426,209,17,0,0.0
CP Jack,331,126,17,0,0.0
J Sharma,396,239,17,0,0.0
Saqlain Mushtaq,426,209,17,0,0.0
OO Bascome,1,1,17,0,0.0
B Shikongo,49,24,17,0,0.0
SP Terry,124,40,16,0,0.0
Ankur Sharma,1,0,16,0,0.0
SJ Andrews,416,296,16,0,0.0
JH Desai,46,23,16,0,0.0
Nuzhat Tasnia,141,48,16,0,0.0
N Ifill,40,10,16,0,0.0
F Walters,247,91,16,0,0.0
SK Dolawatte,464,216,16,0,0.0
MM Iqbal,99,53,16,0,0.0
SE Aley,62,41,15,0,0.0
IECM Wong,428,246,15,0,0.0
Zafar Gohar,437,212,15,0,0.0
SA Millanta,495,346,15,0,0.0
F Tunnicliffe,214,133,15,0,0.0
RD Steede,2,1,15,0,0.0
HM Watson,329,170,15,0,0.0
JB Reva,49,9,15,0,0.0
EMDY Munaweera,459,215,15,0,0.0
I Dulani,428,200,15,0,0.0
RM van Oosterom,85,25,15,0,0.0
AM McCarthy,79,28,15,0,0.0
J Post,85,25,15,0,0.0
HD Rutherford,438,227,15,0,0.0
ML Patel,34,11,15,0,0.0
G Chapple,474,272,14,0,0.0
Muhammad Jawadullah,92,31,14,0,0.0
A Valthapa,15,5,14,0,0.0
O Davidson,33,18,14,0,0.0
J Da Silva,79,28,14,0,0.0
MD du Preez,47,24,14,0,0.0
IPP Batuwitarachchi,76,27,14,0,0.0
FC Jonas,428,222,14,0,0.0
L Cheatle,428,303,13,0,0.0
NK Crafton,135,53,13,0,0.0
GM Harris,450,315,13,0,0.0
OEG Baartman,424,262,13,0,0.0
RD Chahar,75,41,13,0,0.0
Usman Salahuddin,415,205,13,0,0.0
D Joseph,29,8,13,0,0.0
AA Shafique,43,24,13,0,0.0
I van der Woning,85,25,13,0,0.0
MC Patel,68,38,13,0,0.0
MMA Jonkman,11,4,13,0,0.0
FR Davies,476,273,13,0,0.0
HIS Mendis,347,161,13,0,0.0
TW Hartley,283,168,12,0,0.0
TS Nethula,359,185,12,0,0.0
GI Maiden,89,48,12,0,0.0
S Daniel,182,79,12,0,0.0
HRA Rainey,97,52,12,0,0.0
S Dhamala,7,4,12,0,0.0
NS Poonia,88,47,12,0,0.0
MM Penfold,428,222,12,0,0.0
AJ Ireland,249,60,12,0,0.0
SC Kuggeleijn,415,218,11,0,0.0
SV Bahutule,534,330,11,0,0.0
Javeria Rauf,456,221,11,0,0.0
S Siegers,85,25,11,0,0.0
Saad Ali,335,166,11,0,0.0
MG Neser,512,356,11,0,0.0
L Wood,72,40,10,0,0.0
A Ashok,245,127,10,0,0.0
GC Tonge,355,138,10,0,0.0
Mukesh Kumar,580,360,10,0,0.0
RS Vandort,372,175,10,0,0.0
JW Ogle-Thomas,308,118,10,0,0.0
Ansh Tandon,1,1,10,0,0.0
SW Currie,85,46,10,0,0.0
RO Hussain,56,31,10,0,0.0
W Jaffer,539,331,10,0,0.0
T Muzarabani,267,64,10,0,0.0
TR Ambrose,461,263,10,0,0.0
MA Aponso,498,231,10,0,0.0
R Slater,15,11,9,0,0.0
Zahid Mahmood,317,160,9,0,0.0
VB van Jaarsveld,399,247,9,0,0.0
HR Johnson,58,27,9,0,0.0
Ethan D'Souza,22,6,9,0,0.0
F Kasteni,230,56,9,0,0.0
H Shah,34,16,9,0,0.0
Lovepreet Singh,22,6,9,0,0.0
D Murphy,100,53,9,0,0.0
KE Broadmore,149,79,9,0,0.0
Faisal Athar,327,164,9,0,0.0
C Abel,79,43,9,0,0.0
Rashid Zia,58,27,9,0,0.0
Mrittunjoy Chowdhury,145,51,8,0,0.0
ADJ Pitcher,6,2,8,0,0.0
BP Kruger,21,7,8,0,0.0
JI de Villiers,49,24,8,0,0.0
SJ Elliott,409,291,8,0,0.0
KK Ahmed,560,347,8,0,0.0
CA Reid,58,27,8,0,0.0
RO Hinds,318,120,8,0,0.0
SB Bangar,104,55,8,0,0.0
Dilara Akter,60,18,8,0,0.0
NJ Coffey,61,20,8,0,0.0
H Davids,343,205,8,0,0.0
PY Lavine,331,126,8,0,0.0
KH Butt,11,3,8,0,0.0
R Ntozakhe,464,285,8,0,0.0
RH Scholte,51,16,8,0,0.0
SKW Kelly,5,2,7,0,0.0
DSK Madushanka,294,137,7,0,0.0
GA Manou,135,98,7,0,0.0
DG Blampied,4,1,7,0,0.0
N Rana,75,41,7,0,0.0
Shawaal Zulfiqar,192,96,7,0,0.0
J Glasgow,392,152,7,0,0.0
Naved Latif,403,199,7,0,0.0
V Shetty,76,27,7,0,0.0
Zeeshan Siddiqi,23,6,7,0,0.0
Hasibul Hossain,239,85,7,0,0.0
NA Rock,115,38,7,0,0.0
ADR Campbell,112,28,7,0,0.0
D Prins,65,21,7,0,0.0
S Dhakal,43,19,7,0,0.0
NA Statham,75,22,7,0,0.0
CR Foggo,1,1,6,0,0.0
SO Dowrich,71,27,6,0,0.0
MJ Humphreys,143,50,6,0,0.0
MT Chinouya,234,57,6,0,0.0
M Commins,94,30,6,0,0.0
SR Thadani,30,14,6,0,0.0
TJG Pringle,41,14,6,0,0.0
J Logtenberg,384,234,6,0,0.0
JE Dunford,4,1,6,0,0.0
MJ North,392,280,6,0,0.0
MQ Sheikh,25,16,6,0,0.0
AK Peters,390,152,6,0,0.0
Joginder Sharma,304,174,5,0,0.0
RT Lyons,27,17,5,0,0.0
Naumanullah,306,154,5,0,0.0
MKDI Amerasinghe,427,200,5,0,0.0
RT Crandon,355,138,5,0,0.0
Jubair Hossain,281,101,5,0,0.0
NA Moodley,103,67,5,0,0.0
Aijaz Ali,58,27,5,0,0.0
RK Whelan,128,43,5,0,0.0
MJ Fourie,128,43,5,0,0.0
N Fernandes,74,26,5,0,0.0
SG Whittingham,96,51,5,0,0.0
W O'Rourke,401,208,5,0,0.0
JN Hamilton,218,79,5,0,0.0
Tanbir Hayder,207,76,5,0,0.0
N Kruger,69,22,5,0,0.0
K Sonavale,29,15,5,0,0.0
P Roy,231,133,5,0,0.0
CK Hooper,46,15,4,0,0.0
A van der Merwe,140,47,4,0,0.0
H Graham,491,343,4,0,0.0
Nahid Rana,167,60,4,0,0.0
Kaynat Hafeez,5,4,4,0,0.0
T Gwandu,242,58,4,0,0.0
Talha Jubair,95,32,4,0,0.0
S Immadi,57,27,4,0,0.0
HAPW Jayawardene,267,125,4,0,0.0
SD Heazlett,260,191,4,0,0.0
Sania Khan,416,205,4,0,0.0
RW Staple,58,27,4,0,0.0
A Munisar,282,108,4,0,0.0
BB Seebaran,40,10,4,0,0.0
H Durham,5,2,4,0,0.0
Rony Talukdar,145,51,4,0,0.0
Sufyan Mehmood,46,25,4,0,0.0
MWA van Nierop,50,16,4,0,0.0
Muhammad Farooq,55,22,4,0,0.0
Z Groenewald,52,25,4,0,0.0
VAB Tewarie,69,22,4,0,0.0
PLS Gamage,454,212,4,0,0.0
HL Baker,490,282,3,0,0.0
Pankaj Singh,67,38,3,0,0.0
S Sriram,304,174,3,0,0.0
A le Breton,207,128,3,0,0.0
DOD Rikhi,9,4,3,0,0.0
J Yadav,343,202,3,0,0.0
PT Collins,424,164,3,0,0.0
D Soraine,32,9,3,0,0.0
B Siddharth,29,15,3,0,0.0
KA Blackwell,409,291,3,0,0.0
D Gamage,331,158,3,0,0.0
HML Madushani,481,222,3,0,0.0
KHRK Fernando,467,217,3,0,0.0
O Chare,237,57,3,0,0.0
Ebadat Hossain,282,102,3,0,0.0
Sagar Pun,58,29,3,0,0.0
CK Kruger,11,3,3,0,0.0
A Shamshudeen,15,2,3,0,0.0
K Kamyuka,36,9,2,0,0.0
K Gowtham,75,41,2,0,0.0
C Prathyusha,52,32,2,0,0.0
RJ Rolls,329,170,2,0,0.0
LJ Hamilton,291,149,2,0,0.0
KR Sen,285,162,2,0,0.0
JA Turner,495,284,2,0,0.0
KC Hodsoll,8,2,2,0,0.0
JN Rhodes,184,118,2,0,0.0
U Thimashini,158,72,2,0,0.0
GH O'Brien,1,1,2,0,0.0
Z Mali,464,285,2,0,0.0
JNK Shannon,21,7,2,0,0.0
BR Dorey,489,341,2,0,0.0
D Lakshan,204,92,2,0,0.0
Fahad Nawaz,93,31,2,0,0.0
JM Willathgamuwa,30,14,2,0,0.0
Umran Malik,551,339,2,0,0.0
PG Gillespie,149,53,2,0,0.0
Akhil Kumar,27,7,2,0,0.0
Tareq Aziz,48,14,2,0,0.0
PA Desai,46,15,2,0,0.0
KL Rolton,416,296,2,0,0.0
RA Lewis,139,47,2,0,0.0
Hussain Talat,315,159,2,0,0.0
HE Whelan,61,20,2,0,0.0
J Pashley,65,21,2,0,0.0
SC Meaker,292,173,2,0,0.0
Nasir Javed,58,27,2,0,0.0
HWR Cartwright,376,270,2,0,0.0
GJ McCarter,120,39,1,0,0.0
G Onions,496,284,1,0,0.0
JW Wilson,291,149,1,0,0.0
LE Milliken,329,170,1,0,0.0
Alawi Shukri,74,26,1,0,0.0
G Fontenla,59,33,1,0,0.0
Tharika Sewwandi,263,124,1,0,0.0
Khaled Ahmed,327,127,1,0,0.0
Zakir Hasan,327,127,1,0,0.0
LC Romero,58,27,1,0,0.0
EJB Miles,4,1,1,0,0.0
Omid Shafi Rahman,55,22,1,0,0.0
RR Ramdass,203,74,1,0,0.0
NV Ojha,67,38,1,0,0.0
K Mahato,40,18,1,0,0.0
W Mwayenga,131,32,1,0,0.0
Jannatul Ferdus,162,58,1,0,0.0
AD Janakanthymala,340,160,1,0,0.0
CM Beggs,61,20,1,0,0.0
Moniruzzaman,168,60,1,0,0.0
MT Herbert,61,20,1,0,0.0
SD Udal,503,288,0,0,0.0
RA Rolfe,160,56,0,0,0.0
PHT Kaushal,486,226,0,0,0.0
D Foxcroft,416,219,0,0,0.0
Fazle Mahmud,319,121,0,0,0.0
V Buruka,56,10,0,0,0.0
Fariha Trisna,314,118,0,0,0.0
R Walters,51,24,0,0,0.0
DL Blake,58,27,0,0,0.0
F Hand,143,50,0,0,0.0
JS Ababu,35,11,0,0,0.0
TJ Bishop,377,147,0,0,0.0
AG Puttick,406,252,0,0,0.0
VCE Wattenberg,65,21,0,0,0.0
LM Hoitink,65,21,0,0,0.0
K Phillip,53,24,0,0,0.0
MF Fahey,329,170,0,0,0.0
AL Watkins,329,170,0,0,0.0
SI Galagedara,340,160,0,0,0.0
OC McCoy,260,102,0,0,0.0
GA Guy,270,136,0,0,0.0
APS Lakshika,273,128,0,0,0.0
Melanie Ani,33,6,0,0,0.0
Shahbaz Ahmed,285,162,0,0,0.0
Raza Hasan,199,99,0,0,0.0
A Chopra,231,133,0,0,0.0
SK Naidu,231,133,0,0,0.0
JA Whelan,61,20,0,0,0.0
JC Carroll,61,20,0,0,0.0
Sumaiya Akter,115,38,0,0,0.0
KL Tucker,2,1,0,0,0.0
Pooja Ganesh,20,11,0,0,0.0
CK Holder,79,28,0,0,0.0
S Lackay,94,59,0,0,0.0
Sufiyan Muqeem,68,38,0,0,0.0
Simandeep Singh,2,0,0,0,0.0
Shathira Jakir,46,14,0,0,0.0
Sultana Yesmin,46,14,0,0,0.0
C Sakariya,75,41,0,0,0.0
Shahriar Hossain,40,11,0,0,0.0
Salman Faris,8,3,0,0,0.0
Haseebullah Khan,12,6,0,0,0.0
Syeda Aroob Shah,5,4,0,0,0.0
