player_name,Total_Runs,Total_Balls_Faced,Strike_Rate,RUNS_PER_BALL
V Kohli,13784,15031,91.7,0.9170381212161532
KC Sangakkara,11618,14634,79.39,0.7939046057127238
RG Sharma,10646,11782,90.36,0.9035817348497709
MS Dhoni,10274,12090,84.98,0.849793217535153
AB de Villiers,9435,9488,99.44,0.9944139966273187
TM Dilshan,9212,10777,85.48,0.8547833348798367
LRPL Taylor,8126,10040,80.94,0.8093625498007968
DPMD Jayawardene,8040,10232,78.58,0.7857701329163409
HM Amla,7834,9058,86.49,0.8648708324133363
Tamim Iqbal,7648,9979,76.64,0.766409459865718
MJ Guptill,7125,8358,85.25,0.8524766690595836
Mushfiqur Rahim,7094,8986,78.95,0.7894502559537058
MJ Clarke,6988,9095,76.83,0.7683342495876856
RT Ponting,6979,8658,80.61,0.8060753060753061
EJG Morgan,6953,7767,89.52,0.8951976310029612
Yuvraj Singh,6868,8037,85.45,0.8545477168097548
S Dhawan,6733,7524,89.49,0.894869750132908
Q de Kock,6661,7024,94.83,0.9483200455580866
DA Warner,6623,6974,94.97,0.9496702036134212
WU Tharanga,6482,8845,73.28,0.7328434143583946
CH Gayle,6433,7434,86.53,0.8653483992467044
SR Tendulkar,6432,7607,84.55,0.8455370053897726
Mohammad Hafeez,6351,8347,76.09,0.7608721696417875
V Sehwag,5692,5584,101.93,1.0193409742120343
Babar Azam,5659,6513,86.89,0.8688776293566712
AD Mathews,5646,6934,81.42,0.8142486299394289
SK Raina,5585,6147,90.86,0.9085732877826582
SPD Smith,5549,6499,85.38,0.8538236651792583
F du Plessis,5445,6288,86.59,0.8659351145038168
SR Watson,5357,5949,90.05,0.9004874768868717
IR Bell,5289,6997,75.59,0.7558953837358868
AJ Finch,5188,6135,84.56,0.845639771801141
BB McCullum,5157,5457,94.5,0.9450247388675096
BRM Taylor,5130,6929,74.04,0.7403665752633858
Mahmudullah,5127,6795,75.45,0.7545253863134658
MEK Hussey,5076,6012,84.43,0.844311377245509
JC Buttler,5018,4370,114.83,1.148283752860412
SD Hope,4989,6384,78.15,0.7814849624060151
G Gambhir,4981,5933,83.95,0.839541547277937
JP Duminy,4928,5986,82.33,0.8232542599398597
Younis Khan,4777,6411,74.51,0.7451255654344096
Misbah-ul-Haq,4752,6549,72.56,0.7256069628950985
DA Miller,4466,4441,100.56,1.005629362756136
ST Jayasuriya,4402,4778,92.13,0.9213059857681039
AC Gilchrist,4355,4260,102.23,1.022300469483568
JJ Roy,4237,4116,102.94,1.0293974732750244
MN Samuels,4205,5654,74.37,0.7437212592854616
KP Pietersen,4202,4990,84.21,0.8420841683366733
PD Collingwood,4132,5497,75.17,0.7516827360378389
TWM Latham,4019,4819,83.4,0.833990454451131
L Wolvaardt,3992,5606,71.21,0.7120941848019978
H Masakadza,3955,5646,70.05,0.7004959263195183
ML Hayden,3939,4956,79.48,0.7947941888619855
TT Beaumont,3936,5272,74.66,0.7465857359635811
BKG Mendis,3838,4515,85.01,0.8500553709856036
S Chanderpaul,3804,5605,67.87,0.6786797502230152
HH Gibbs,3766,4434,84.93,0.8493459630130807
AJ Strauss,3729,4732,78.8,0.7880388841927304
RR Sarwan,3717,5143,72.27,0.7227299241687731
JM Bairstow,3671,3682,99.7,0.9970124932102118
LD Chandimal,3657,5072,72.1,0.7210173501577287
GJ Maxwell,3655,3031,120.59,1.205872649290663
R Dravid,3650,5133,71.11,0.7110851353984025
MM Lanning,3555,3985,89.21,0.8920953575909661
S Mandhana,3526,4007,88.0,0.879960069877714
Fakhar Zaman,3434,3721,92.29,0.9228701961838216
EA Perry,3356,4290,78.23,0.7822843822843822
PR Stirling,3338,3911,85.35,0.8534901559703401
E Chigumbura,3266,4235,77.12,0.7711924439197166
SW Bates,3245,4278,75.85,0.7585320243104254
AN Cook,3204,4238,75.6,0.7560169891458235
HDRL Thirimanne,3164,4444,71.2,0.711971197119712
HC Knight,3158,4205,75.1,0.7510107015457789
MDKJ Perera,3077,3375,91.17,0.9117037037037037
Umar Akmal,3032,3626,83.62,0.8361831218974076
GJ Bailey,3011,3672,82.0,0.8199891067538126
DM Bravo,3007,4475,67.2,0.6719553072625698
BJ Haddin,3003,3648,82.32,0.8231907894736842
M Raj,2949,4320,68.26,0.6826388888888889
AM Rahane,2906,3812,76.23,0.7623294858342078
AE Satterthwaite,2895,3618,80.02,0.8001658374792703
Imam-ul-Haq,2840,3492,81.33,0.8132875143184422
T Taibu,2837,4237,66.96,0.6695775312721265
IJL Trott,2819,3732,75.54,0.7553590568060021
SFM Devine,2796,3194,87.54,0.8753913587977458
Mohammad Yousuf,2783,3741,74.39,0.743918738305266
CR Ervine,2770,3631,76.29,0.7628752409804461
MR Marsh,2762,2953,93.53,0.935320013545547
KL Rahul,2761,3197,86.36,0.8636221457616515
DJ Bravo,2760,3506,78.72,0.7872219053051911
AC Jayangani,2760,3539,77.99,0.7798813224074598
AJ Healy,2759,2897,95.24,0.9523645150155333
Kamran Akmal,2746,3374,81.39,0.8138707765263782
RS Bopara,2689,3520,76.39,0.7639204545454545
WTS Porterfield,2670,3962,67.39,0.673902069661787
TM Head,2645,2588,102.2,1.0220247295208655
SE Marsh,2622,3318,79.02,0.7902350813743219
MV Boucher,2617,2961,88.38,0.8838230327592029
KA Pollard,2608,2877,90.65,0.9064998262078554
Ahmed Shehzad,2555,3623,70.52,0.7052166712669059
L Lee,2516,3044,82.65,0.8265440210249672
A Balbirnie,2438,3285,74.22,0.7421613394216134
BL Mooney,2433,2872,84.71,0.8471448467966574
SC Ganguly,2409,3429,70.25,0.7025371828521435
SS Iyer,2396,2444,98.04,0.9803600654664485
HE van der Dussen,2388,2806,85.1,0.8510334996436208
AD Hales,2330,2483,93.84,0.9383809907370116
Shubman Gill,2328,2351,99.02,0.9902169289663972
Abdul Razzaq,2327,2689,86.54,0.8653774637411678
HK Matthews,2327,3096,75.16,0.7516149870801033
RD Berrington,2292,3082,74.37,0.7436729396495781
Sarfraz Ahmed,2289,2673,85.63,0.856341189674523
KJ Coetzer,2280,2826,80.68,0.8067940552016986
MM Ali,2278,2418,94.21,0.9421009098428453
Mohammad Rizwan,2254,2580,87.36,0.8736434108527131
Imrul Kayes,2242,3268,68.6,0.686046511627907
DR Martyn,2239,2970,75.39,0.7538720538720539
M du Preez,2223,3194,69.6,0.6959924859110833
M Kapp,2195,2573,85.31,0.8530897784687136
Salman Butt,2186,2932,74.56,0.7455661664392906
Liton Das,2178,2583,84.32,0.8432055749128919
JO Holder,2144,2431,88.19,0.8819415878239407
SP Fleming,2133,3036,70.26,0.7025691699604744
V Sibanda,2125,3467,61.29,0.6129218344389963
HM Nicholls,2116,2679,78.98,0.7898469578200821
A Flintoff,2096,2366,88.59,0.885883347421809
S Luus,2080,3186,65.29,0.6528562460765851
D Ramdin,2072,2636,78.6,0.7860394537177542
AE Jones,2071,2480,83.51,0.8350806451612903
CL White,2053,2583,79.48,0.794812233836624
Soumya Sarkar,2044,2145,95.29,0.9529137529137529
CS MacLeod,2015,2570,78.4,0.7840466926070039
ME Trescothick,1997,2480,80.52,0.805241935483871
KJ O'Brien,1990,2151,92.52,0.9251510925151093
CJ Chibhabha,1987,3130,63.48,0.6348242811501598
AT Carey,1978,2257,87.64,0.8763845813026141
MS Atapattu,1978,2960,66.82,0.6682432432432432
H Klaasen,1977,1719,115.01,1.150087260034904
RL Haynes,1966,2485,79.11,0.7911468812877264
LMP Simmons,1958,2741,71.43,0.7143378329076979
Bismah Maroof,1938,3063,63.27,0.6327130264446621
Inzamam-ul-Haq,1916,2482,77.2,0.7719580983078163
E Lewis,1903,2219,85.76,0.857593510590356
BC Lara,1878,2455,76.5,0.764969450101833
AC Kerr,1854,2473,74.97,0.7496967246259604
DJG Sammy,1853,1926,96.21,0.9620976116303219
EC Joyce,1845,2666,69.2,0.6920480120030007
V Aravind,1843,2741,67.24,0.6723823422108719
N Pooran,1829,1913,95.61,0.9560899111343439
KIC Asalanka,1810,2090,86.6,0.8660287081339713
P Nissanka,1810,2152,84.11,0.8410780669144982
MG Erasmus,1810,2308,78.42,0.7842287694974004
Azhar Ali,1806,2478,72.88,0.7288135593220338
MS Wade,1792,2226,80.5,0.8050314465408805
MD Patel,1792,2239,80.04,0.8003573023671282
A Vala,1783,2594,68.74,0.687355435620663
M Labuschagne,1764,2130,82.82,0.828169014084507
HH Pandya,1762,1636,107.7,1.0770171149144254
Yousuf Youhana,1740,2208,78.8,0.7880434782608695
Haris Sohail,1709,2010,85.02,0.8502487562189055
NJ O'Brien,1692,2394,70.68,0.706766917293233
MP O'Dowd,1682,2441,68.91,0.6890618598934862
DN Wyatt,1680,1851,90.76,0.9076175040518638
DJS Dottin,1679,2070,81.11,0.8111111111111111
HG Munsey,1675,1967,85.16,0.8515505846466701
MH Cross,1675,2464,67.98,0.679788961038961
DJ Hussey,1672,1912,87.45,0.8744769874476988
SJ Taylor,1651,1932,85.46,0.8545548654244306
AT Rayudu,1637,2143,76.39,0.7638824078394774
RK Paudel,1629,2224,73.25,0.7324640287769785
KD Karthik,1624,2275,71.38,0.7138461538461538
HT Tector,1622,1931,84.0,0.8399792853443812
DJ Mitchell,1616,1673,96.59,0.9659294680215182
N Dickwella,1604,1758,91.24,0.9124004550625711
Sidra Ameen,1595,2530,63.04,0.6304347826086957
MD Gunathilaka,1592,1899,83.83,0.8383359662980516
OA Shah,1579,1963,80.44,0.804381049414162
NJ Astle,1571,2078,75.6,0.7560153994225216
T Bavuma,1548,1774,87.26,0.8726042841037204
J Charles,1544,1840,83.91,0.8391304347826087
UT Khawaja,1539,1865,82.52,0.825201072386059
JDS Neesham,1508,1538,98.05,0.9804941482444733
CK Kapugedera,1505,2157,69.77,0.6977283263792304
SA Edwards,1504,1659,90.66,0.9065702230259193
MP Stoinis,1489,1622,91.8,0.9180024660912454
Yasir Hameed,1459,2225,65.57,0.6557303370786517
NE Bolton,1443,2069,69.74,0.6974383760270663
CL Tryon,1440,1344,107.14,1.0714285714285714
PG Raut,1436,2350,61.11,0.6110638297872341
WA Young,1426,1655,86.16,0.861631419939577
Aasif Sheikh,1423,1943,73.24,0.7323726196603191
DJ Malan,1418,1504,94.28,0.9428191489361702
Nasir Jamshed,1418,1931,73.43,0.7343345416882444
T Chetty,1414,2064,68.51,0.685077519379845
SO Hetmyer,1410,1335,105.62,1.0561797752808988
Javeria Khan,1408,2289,61.51,0.6151157710790738
ML Green,1407,2078,67.71,0.6770933589990376
WIA Fernando,1404,1653,84.94,0.8493647912885662
Rohan Mustafa,1401,2261,61.96,0.6196373286156568
Waseem Muhammad,1398,1628,85.87,0.8587223587223587
L Ronchi,1397,1241,112.57,1.1257050765511685
MP Vaughan,1382,2118,65.25,0.6525023607176582
Jatinder Singh,1356,1900,71.37,0.7136842105263158
GH Lewis,1348,2043,65.98,0.6598139990210474
JR Hopes,1326,1436,92.34,0.9233983286908078
Anamul Haque,1322,1785,74.06,0.7406162464985995
KM Jadhav,1318,1307,100.84,1.008416220351951
M Kaif,1314,2062,63.72,0.6372453928225025
Asad Shafiq,1312,1986,66.06,0.6606243705941591
S Matsikenyeri,1309,1968,66.51,0.6651422764227642
MA Leask,1306,1173,111.34,1.113384484228474
BA King,1306,1576,82.87,0.8286802030456852
Mashrafe Mortaza,1304,1609,81.04,0.8104412678682411
M van Lingen,1300,1442,90.15,0.9015256588072122
HH Dippenaar,1283,1903,67.42,0.674198633736206
LPC Silva,1279,1805,70.86,0.7085872576177286
Fargana Hoque,1275,2581,49.4,0.49399457574583494
DR Smith,1261,1430,88.18,0.8818181818181818
Sabbir Rahman,1259,1395,90.25,0.9025089605734767
C Munro,1249,1207,103.48,1.0347970173985086
JD Ryder,1242,1294,95.98,0.9598145285935085
RR Rossouw,1239,1341,92.39,0.9239373601789709
GC Wilson,1232,1653,74.53,0.7453115547489413
Imran Farhat,1232,1909,64.54,0.645364064955474
MJ Prior,1229,1652,74.39,0.7439467312348669
DP Conway,1226,1410,86.95,0.8695035460992908
IK Pathan,1226,1548,79.2,0.7919896640826873
PG Fulton,1216,1726,70.45,0.7045191193511008
Shahriar Nafees,1216,1817,66.92,0.6692350027517887
Aliya Riaz,1207,1896,63.66,0.6366033755274262
RS Morton,1205,1872,64.37,0.6436965811965812
TP Ura,1196,1526,78.37,0.783748361730013
Vikramjit Singh,1190,1692,70.33,0.7033096926713948
Mehedi Hasan Miraz,1188,1516,78.36,0.783641160949868
K Bhurtel,1182,1498,78.91,0.7890520694259012
Raqibul Hasan,1177,1910,61.62,0.6162303664921466
A Gardner,1175,1168,100.6,1.0059931506849316
Nida Dar,1171,1784,65.64,0.656390134529148
SA Campbelle,1167,1948,59.91,0.5990759753593429
Nazmul Hossain Shanto,1165,1457,79.96,0.7995881949210707
KJ Martin,1161,1536,75.59,0.755859375
Asif Khan,1155,1426,81.0,0.8099579242636746
MD Shanaka,1153,1317,87.55,0.8754745634016705
Nahida Khan,1121,1760,63.69,0.6369318181818182
RW Chakabva,1106,1650,67.03,0.6703030303030303
L Vincent,1089,1593,68.36,0.6836158192090396
F Behardien,1074,1114,96.41,0.9640933572710951
S Samarawickrama,1073,1184,90.62,0.90625
WW Hinds,1066,1626,65.56,0.6555965559655597
Aftab Ahmed,1061,1451,73.12,0.7312198483804273
CM Edwards,1054,1464,71.99,0.7199453551912568
JI Rodrigues,1051,1299,80.91,0.8090839107005389
FDM Karunaratne,1044,1363,76.6,0.7659574468085106
SM Katich,1041,1517,68.62,0.6862228081740277
MN Waller,1039,1383,75.13,0.7512653651482285
RP Arnold,1039,1491,69.68,0.6968477531857814
AD Russell,1034,805,128.45,1.284472049689441
Aarif Sheikh,1032,1648,62.62,0.6262135922330098
Junaid Siddique,1021,1531,66.69,0.666884389288047
KU Carty,1000,1317,75.93,0.7593014426727411
KH Prajapati,996,1351,73.72,0.7372316802368616
C Kieswetter,985,1130,87.17,0.8716814159292036
DS Smith,973,1379,70.56,0.7055837563451777
JN Malan,958,1177,81.39,0.8139337298215803
AJ Blackwell,953,1258,75.76,0.7575516693163752
CJA Amini,952,1545,61.62,0.6161812297734628
Muneeba Ali,948,1609,58.92,0.5891858297078931
Shaiman Anwar,947,1162,81.5,0.814974182444062
JM How,939,1449,64.8,0.6480331262939959
G Singh,938,1155,81.21,0.8121212121212121
Imad Wasim,937,860,108.95,1.0895348837209302
MG Johnson,934,1002,93.21,0.9321357285429142
RV Uthappa,934,1070,87.29,0.8728971962616823
KOA Powell,934,1191,78.42,0.7842149454240135
RR Hendricks,930,1211,76.8,0.7679603633360859
Nigar Sultana,927,1899,48.82,0.4881516587677725
Habibul Bashar,926,1671,55.42,0.5541591861160982
Chirag Suri,924,1472,62.77,0.6277173913043478
NT Broom,919,1168,78.68,0.7868150684931506
R Powell,915,1054,86.81,0.8681214421252372
CP Rizwan,901,1573,57.28,0.5727908455181182
SJ Modani,898,1460,61.51,0.6150684931506849
P Litchfield,895,1142,78.37,0.7837127845884413
BJ McMullen,888,1058,83.93,0.8393194706994329
Muhammad Usman,888,1212,73.27,0.7326732673267327
Ishan Kishan,886,890,99.55,0.9955056179775281
JWA Taylor,879,1105,79.55,0.7954751131221719
S Bau,874,1483,58.93,0.5893459204315576
RR Pant,871,846,102.96,1.029550827423168
TT Bresnan,871,984,88.52,0.8851626016260162
PD Salt,866,770,112.47,1.1246753246753247
DS Airee,861,1217,70.75,0.7074774034511093
TD Paine,861,1250,68.88,0.6888
PWH de Silva,859,836,102.75,1.027511961722488
Rameez Shahzad,848,1118,75.85,0.7584973166368515
Shoaib Khan,843,1025,82.24,0.8224390243902439
SSJ Brooks,842,1150,73.22,0.7321739130434782
JJ Smit,839,1167,71.89,0.7189374464438731
CN Nation,831,1526,54.46,0.5445609436435125
TM Odoyo,830,1201,69.11,0.6910907577019151
VS Solanki,829,1194,69.43,0.6943048576214406
VVS Laxman,828,1142,72.5,0.7250437828371279
BM Halliday,828,1172,70.65,0.7064846416382252
AL Phehlukwayo,827,996,83.03,0.8303212851405622
SHT Kandamby,827,1198,69.03,0.6903171953255426
PJ Hughes,826,1118,73.88,0.738819320214669
O Prendergast,821,1104,74.37,0.7436594202898551
W Barresi,820,1076,76.21,0.7620817843866171
JA Rudolph,820,1228,66.78,0.6677524429967426
L Goodall,817,1364,59.9,0.5989736070381232
YK Pathan,810,736,110.05,1.1005434782608696
MF Maharoof,799,991,80.63,0.8062563067608476
AC Voges,798,956,83.47,0.8347280334728033
JN Loftie-Eaton,796,1072,74.25,0.7425373134328358
SIR Dunkley,789,993,79.46,0.7945619335347432
Sharjeel Khan,787,692,113.73,1.1372832369942196
T Brits,786,1137,69.13,0.6912928759894459
A Steyn,781,1278,61.11,0.6111111111111112
A Hunter,776,950,81.68,0.8168421052631579
SA Yadav,773,751,102.93,1.0292942743009321
N Vanua,769,974,78.95,0.7895277207392197
CA Ingram,761,935,81.39,0.813903743315508
AG Prince,761,1126,67.58,0.6758436944937833
Towhid Hridoy,759,888,85.47,0.8547297297297297
Kushal Malla,756,870,86.9,0.8689655172413793
MG Bevan,755,1177,64.15,0.6414613423959218
G Malla,753,1145,65.76,0.6576419213973799
L Siaka,749,1013,73.94,0.7393879565646594
LS Greenway,732,1112,65.83,0.658273381294964
SF Mire,729,944,77.22,0.7722457627118644
H Madavi,729,1093,66.7,0.666971637694419
Pargat Singh,722,930,77.63,0.7763440860215054
GO Jones,715,883,80.97,0.8097395243488109
AT Nidamanuru,713,781,91.29,0.912932138284251
SR Mukkamalla,711,858,82.87,0.8286713286713286
Mohammad Mithun,711,948,75.0,0.75
GD Phillips,710,749,94.79,0.9479305740987984
R Ashwin,707,831,85.08,0.8507821901323707
LJ Wright,707,838,84.37,0.8436754176610979
JA Morkel,705,727,96.97,0.9697386519944979
SO Tikolo,705,1097,64.27,0.6426618049225159
NND de Silva,703,1064,66.07,0.6607142857142857
B Sharki,703,1081,65.03,0.6503237742830712
BM Duckett,700,713,98.18,0.9817671809256662
Kycia A Knight,699,1350,51.78,0.5177777777777778
PA Patel,693,884,78.39,0.7839366515837104
RM Ghosh,690,765,90.2,0.9019607843137255
SW Billings,690,768,89.84,0.8984375
ZE Green,686,872,78.67,0.786697247706422
MS Chapman,684,665,102.86,1.0285714285714285
HASD Siriwardene,679,1213,55.98,0.5597691673536686
Umaima Sohail,670,1086,61.69,0.6169429097605893
TT Samaraweera,669,914,73.19,0.7319474835886215
GWHM Perera,668,1177,56.75,0.5675446049277825
YH Bhatia,666,953,69.88,0.6988457502623295
CJ Ferguson,663,795,83.4,0.8339622641509434
RH Priest,661,816,81.0,0.8100490196078431
HJH Marshall,661,980,67.45,0.6744897959183673
L Tucker,657,856,76.75,0.7675233644859814
HC Brook,653,619,105.49,1.0549273021001615
CA Soper,653,1179,55.39,0.5538592027141646
CK Coventry,645,737,87.52,0.8751696065128901
Shafali Verma,644,813,79.21,0.7921279212792128
Sharmin Akhter,643,1140,56.4,0.5640350877192982
MADD Surangika,642,1210,53.06,0.5305785123966942
PM Weerakkody,638,1172,54.44,0.5443686006825939
Agha Salman,637,652,97.7,0.9769938650306749
PSP Handscomb,632,656,96.34,0.9634146341463414
C Green,626,770,81.3,0.812987012987013
Gulsan Jha,625,827,75.57,0.7557436517533253
Sompal Kami,621,866,71.71,0.7170900692840647
JN Mohammed,621,929,66.85,0.6684607104413348
KT Perkins,618,838,73.75,0.7374701670644391
JN Frylinck,615,835,73.65,0.7365269461077845
A Bagai,614,995,61.71,0.6170854271356784
H Thaker,612,916,66.81,0.6681222707423581
JF Mooney,610,746,81.77,0.8176943699731903
Khaled Mashud,605,1139,53.12,0.5311676909569798
PL Mommsen,601,786,76.46,0.7646310432569975
Kyshona A Knight,597,1244,47.99,0.47990353697749194
RN ten Doeschate,594,682,87.1,0.8709677419354839
J Botha,594,718,82.73,0.8272980501392758
BMAJ Mendis,593,741,80.03,0.8002699055330634
JM Vince,590,682,86.51,0.8651026392961877
N de Klerk,589,817,72.09,0.7209302325581395
Aayan Afzal Khan,585,791,73.96,0.7395701643489254
FH Allen,582,637,91.37,0.9136577708006279
P Vastrakar,579,671,86.29,0.8628912071535022
TLW Cooper,576,776,74.23,0.7422680412371134
WD Parnell,574,743,77.25,0.7725437415881561
BJ Watling,573,860,66.63,0.6662790697674419
WPUJC Vaas,569,845,67.34,0.6733727810650888
AR Patel,568,631,90.02,0.9001584786053882
L Winfield,564,797,70.77,0.7076537013801757
H Deol,561,733,76.53,0.7653478854024557
MK Pandey,558,624,89.42,0.8942307692307693
DD Ebrahim,555,1050,52.86,0.5285714285714286
Abdullah Shafique,554,689,80.41,0.8040638606676342
Afif Hossain,548,631,86.85,0.8684627575277337
N Deonarine,546,873,62.54,0.6254295532646048
Babar Hayat,539,749,71.96,0.719626168224299
CA Henry,537,703,76.39,0.7638691322901849
Sandeep Goud,535,766,69.84,0.6984334203655352
L Louwrens,535,918,58.28,0.5827886710239651
JL Jonassen,533,632,84.34,0.8433544303797469
Imran Nazir,531,604,87.91,0.8791390728476821
J Mubarak,531,833,63.75,0.6374549819927972
CR Brathwaite,527,613,85.97,0.8597063621533442
Mosaddek Hossain,524,655,80.0,0.8
RJ Peterson,523,636,82.23,0.8223270440251572
JP Inglis,521,525,99.24,0.9923809523809524
Nain Abidi,521,955,54.55,0.5455497382198953
PJ Moor,520,781,66.58,0.6658130601792573
K Doriga,520,927,56.09,0.5609492988133765
MA Vermeulen,517,796,64.95,0.6494974874371859
BJ Hodge,516,583,88.51,0.8850771869639794
CD Wallace,515,598,86.12,0.8612040133779264
SV Samson,510,527,96.77,0.967741935483871
Nizakat Khan,508,628,80.89,0.8089171974522293
SL Malinga,508,701,72.47,0.724679029957204
LV van Beek,505,610,82.79,0.8278688524590164
AN Petersen,498,610,81.64,0.8163934426229508
SE Rutherford,497,450,110.44,1.1044444444444443
Shayan Jahangir,497,583,85.25,0.8524871355060034
Mominul Haque,495,671,73.77,0.7377049180327869
SM Sharif,492,705,69.79,0.6978723404255319
JWM Dalrymple,487,677,71.94,0.7193500738552437
AA Obanda,487,704,69.18,0.6917613636363636
LR Down,486,799,60.83,0.6082603254067585
Fatima Sana,484,696,69.54,0.6954022988505747
NR Kirton,483,651,74.19,0.7419354838709677
ME Bouchier,482,466,103.43,1.0343347639484979
RS Williams,477,1032,46.22,0.4622093023255814
K Verreynne,476,546,87.18,0.8717948717948718
SW Ambris,473,505,93.66,0.9366336633663367
N Chantam,473,689,68.65,0.6865021770682148
WG Jacks,468,477,98.11,0.9811320754716981
EJ Villani,468,606,77.23,0.7722772277227723
MA Ouma,468,855,54.74,0.5473684210526316
Javed Omar,468,967,48.4,0.483971044467425
Karan KC,457,549,83.24,0.8324225865209471
AR Nurse,454,464,97.84,0.978448275862069
GS Ballance,454,647,70.17,0.7017001545595054
JE Cameron,452,601,75.21,0.7520798668885191
JL Denly,446,645,69.15,0.6914728682170542
Pratika Rawal,444,496,89.52,0.8951612903225806
Ghulam Shabber,444,716,62.01,0.6201117318435754
JM Davison,443,393,112.72,1.1272264631043256
S Lamichhane,440,500,88.0,0.88
A Johnson,438,460,95.22,0.9521739130434783
H Hiri,435,794,54.79,0.5478589420654912
Murshida Khatun,429,780,55.0,0.55
A Ndiraya,428,624,68.59,0.6858974358974359
CG Williams,427,550,77.64,0.7763636363636364
MN van Wyk,425,631,67.35,0.6735340729001584
S Prasanna,421,460,91.52,0.9152173913043479
SMA Priyanjan,420,533,78.8,0.7879924953095685
PW Borren,413,463,89.2,0.8920086393088553
FC Wilson,412,441,93.42,0.9342403628117913
V Krishnamurthy,410,475,86.32,0.8631578947368421
RD Shah,407,647,62.91,0.6290571870170015
Ayesha Zafar,407,764,53.27,0.5327225130890052
Simi Singh,406,517,78.53,0.7852998065764023
RMVD Gunaratne,401,573,69.98,0.699825479930192
Ali Naseer,396,399,99.25,0.9924812030075187
EL Lamb,396,473,83.72,0.8372093023255814
T Mishra,395,564,70.04,0.700354609929078
MAA Sanjeewani,395,699,56.51,0.5650929899856938
AB Barath,394,629,62.64,0.6263910969793323
MW Machan,393,497,79.07,0.7907444668008048
Suraj Kumar,392,524,74.81,0.7480916030534351
PA de Silva,390,487,80.08,0.8008213552361396
CM McBride,386,548,70.44,0.7043795620437956
MA Jones,385,582,66.15,0.6615120274914089
CS Baugh,382,563,67.85,0.6785079928952042
T de Zorzi,381,399,95.49,0.9548872180451128
J Gumbie,379,581,65.23,0.6523235800344234
XM Marshall,379,677,55.98,0.5598227474150664
M Mupachikwa,376,675,55.7,0.557037037037037
Asif Ali,375,317,118.3,1.1829652996845426
PJ Forrest,368,577,63.78,0.6377816291161178
MS Sinclair,367,566,64.84,0.6484098939929329
DW Steyn,365,592,61.66,0.6165540540540541
Tanzid Hasan,364,360,101.11,1.011111111111111
KM Dabengwa,364,631,57.69,0.5768621236133122
SP Narine,363,455,79.78,0.7978021978021979
DT Johnston,361,473,76.32,0.7632135306553911
CB Wishart,361,496,72.78,0.7278225806451613
DG Brownlie,361,500,72.2,0.722
Naseem Khushi,360,335,107.46,1.0746268656716418
MDN Hansika,357,748,47.73,0.4772727272727273
A Bosch,355,481,73.8,0.738045738045738
J Nkomo,354,553,64.01,0.6401446654611211
MDT Kamini,353,556,63.49,0.6348920863309353
R Trumpelmann,350,441,79.37,0.7936507936507936
SJ Myburgh,347,466,74.46,0.7446351931330472
Rumana Ahmed,346,683,50.66,0.5065885797950219
AA Alleyne,341,568,60.04,0.6003521126760564
LMM Tahuhu,340,395,86.08,0.8607594936708861
NV Knight,339,483,70.19,0.7018633540372671
M Vijay,339,516,65.7,0.6569767441860465
B Cooper,339,581,58.35,0.5834767641996558
R Rampaul,338,450,75.11,0.7511111111111111
Rashid Latif,335,408,82.11,0.821078431372549
SS Pathirana,332,399,83.21,0.8320802005012531
A Flower,332,472,70.34,0.7033898305084746
HM Rowe,332,501,66.27,0.6626746506986028
I Kaia,332,520,63.85,0.6384615384615384
HP Tillakaratne,332,562,59.07,0.5907473309608541
KA Edwards,331,510,64.9,0.6490196078431373
D Khanal,329,482,68.26,0.6825726141078838
Adnan Mufti,328,413,79.42,0.7941888619854721
SS Weerakkody,328,521,62.96,0.6295585412667947
SA Engelbrecht,327,519,63.01,0.630057803468208
CN Ackermann,326,434,75.12,0.7511520737327189
MH Yardy,326,490,66.53,0.6653061224489796
SJ Baard,326,567,57.5,0.5749559082892416
Sidra Nawaz,325,666,48.8,0.487987987987988
MO Odumbe,324,363,89.26,0.8925619834710744
S Movva,324,482,67.22,0.6721991701244814
A Sharma,323,468,69.02,0.6901709401709402
MR Aguilleira,323,598,54.01,0.540133779264214
AC Agar,322,400,80.5,0.805
MR Meshram,322,571,56.39,0.563922942206655
DA Gunawardene,322,591,54.48,0.544839255499154
AK Sah,320,365,87.67,0.8767123287671232
R Mutumbami,319,447,71.36,0.7136465324384788
JP Kotze,316,449,70.38,0.7037861915367484
Washington Sundar,315,386,81.61,0.8160621761658031
LM Jongwe,315,398,79.15,0.7914572864321608
D la Cock,313,475,65.89,0.6589473684210526
KAJ Roach,308,610,50.49,0.5049180327868853
A Athanaze,306,378,80.95,0.8095238095238095
ADS Fletcher,305,503,60.64,0.6063618290258449
Shamima Sultana,304,540,56.3,0.562962962962963
TK Curran,303,332,91.27,0.9126506024096386
DO Obuya,302,583,51.8,0.5180102915951973
LE Bosman,301,318,94.65,0.9465408805031447
KE Bryce,301,358,84.08,0.840782122905028
AR White,301,498,60.44,0.6044176706827309
PA Nixon,297,351,84.62,0.8461538461538461
NS Dhaliwal,295,523,56.41,0.5640535372848948
L Winfield-Hill,294,474,62.03,0.620253164556962
DLS van Bunge,293,519,56.45,0.5645472061657033
C Brits,292,421,69.36,0.6935866983372921
SMSM Senanayake,290,321,90.34,0.9034267912772586
MV Waldron,290,639,45.38,0.4538341158059468
B de Leede,289,435,66.44,0.664367816091954
AJ Stewart,287,409,70.17,0.7017114914425427
MK Tiwary,287,412,69.66,0.6966019417475728
AF Giles,286,390,73.33,0.7333333333333333
DN Wellalage,285,380,75.0,0.75
Saud Shakeel,283,328,86.28,0.8628048780487805
A Capsey,283,395,71.65,0.7164556962025317
PRCS Kumarihami,283,764,37.04,0.3704188481675393
Kashif Daud,282,318,88.68,0.8867924528301887
ASS Fletcher,282,434,64.98,0.6497695852534562
S Dhaniram,281,316,88.92,0.8892405063291139
S Chattergoon,281,441,63.72,0.63718820861678
ES Szwarczynski,281,482,58.3,0.58298755186722
CS Mugeri-Tiripano,280,378,74.07,0.7407407407407407
S Randiv,280,390,71.79,0.717948717948718
Hannan Sarkar,280,537,52.14,0.521415270018622
SK Patel,278,379,73.35,0.7335092348284961
MD Dai,277,367,75.48,0.7547683923705722
S Horley,276,356,77.53,0.7752808988764045
Moin Khan,274,318,86.16,0.8616352201257862
DT Christian,273,313,87.22,0.8722044728434505
PS Punia,273,503,54.27,0.5427435387673957
S Ismail,273,551,49.55,0.4954627949183303
GH Worker,272,389,69.92,0.699228791773779
Umar Amin,271,408,66.42,0.6642156862745098
MJ Henry,268,294,91.16,0.9115646258503401
G Toka,268,496,54.03,0.5403225806451613
TA Blundell,266,309,86.08,0.86084142394822
Shamsur Rahman,266,357,74.51,0.7450980392156863
B Bezuidenhout,266,370,71.89,0.7189189189189189
AJ Hosein,266,375,70.93,0.7093333333333334
AC Botha,265,419,63.25,0.6324582338902148
B Bhandari,265,443,59.82,0.5981941309255079
AR Cusack,264,422,62.56,0.6255924170616114
LA Marsh,264,465,56.77,0.567741935483871
Diana Baig,262,380,68.95,0.6894736842105263
M Musonda,262,405,64.69,0.6469135802469136
Sadaf Shamas,262,496,52.82,0.5282258064516129
Taufeeq Umar,262,504,51.98,0.5198412698412699
R Chopra,260,377,68.97,0.6896551724137931
UDU Chandana,260,393,66.16,0.6615776081424937
IDR Bradshaw,259,423,61.23,0.6122931442080378
A Sharafu,257,385,66.75,0.6675324675324675
GE Plimmer,256,410,62.44,0.624390243902439
R Gunasekera,255,463,55.08,0.550755939524838
P Khadka,252,317,79.5,0.7949526813880127
C Madande,251,353,71.1,0.7110481586402266
BM Scholtz,251,380,66.05,0.6605263157894737
Tushar Imran,250,477,52.41,0.5241090146750524
KO Otieno,250,595,42.02,0.42016806722689076
Amjad Ali,249,387,64.34,0.6434108527131783
JD Campbell,248,218,113.76,1.1376146788990826
R Stokell,247,421,58.67,0.5866983372921615
SM Davies,244,239,102.09,1.0209205020920502
N Chaiwai,244,398,61.31,0.6130653266331658
ML Udawatte,243,367,66.21,0.662125340599455
R Rijke,238,339,70.21,0.7020648967551623
DC Thomas,238,379,62.8,0.6279683377308707
Musa Ahmed,238,379,62.8,0.6279683377308707
HN Ya France,237,293,80.89,0.8088737201365188
DE Budge,237,311,76.21,0.7620578778135049
C Tear,237,354,66.95,0.6694915254237288
D Dhingra,237,362,65.47,0.6546961325966851
GJ Hopkins,236,317,74.45,0.7444794952681388
Abid Ali,234,257,91.05,0.9105058365758755
JP Bray,234,371,63.07,0.6307277628032345
AM Tribe,233,310,75.16,0.7516129032258064
NFI McCallum,233,366,63.66,0.6366120218579235
K Birkenstock,233,438,53.2,0.5319634703196348
JM Kerr,232,219,105.94,1.0593607305936072
T Ruma,232,368,63.04,0.6304347826086957
HMD Rasangika,232,400,58.0,0.58
A Mohammed,232,568,40.85,0.4084507042253521
NY McLean,231,362,63.81,0.638121546961326
STR Binny,230,252,91.27,0.9126984126984127
TM Dowlin,228,362,62.98,0.6298342541436464
CNIM Joyce,228,493,46.25,0.46247464503042596
I Udana,227,236,96.19,0.961864406779661
Jahurul Islam,226,325,69.54,0.6953846153846154
AM Samad,226,382,59.16,0.5916230366492147
Asmavia Iqbal,225,430,52.33,0.5232558139534884
S Mostary,224,391,57.29,0.5728900255754475
F Overdijk,224,471,47.56,0.47558386411889597
T Duffin,224,492,45.53,0.45528455284552843
BR McDermott,223,280,79.64,0.7964285714285714
IS Billcliff,223,389,57.33,0.5732647814910026
P Mustard,219,244,89.75,0.8975409836065574
DR Chumney,219,336,65.18,0.6517857142857143
T Stubbs,218,232,93.97,0.9396551724137931
Saeed Anwar,218,318,68.55,0.6855345911949685
GJ Delany,217,228,95.18,0.9517543859649122
Saad Bin Zafar,217,299,72.58,0.725752508361204
Iram Javed,216,380,56.84,0.5684210526315789
JM Fields,215,333,64.56,0.6456456456456456
T Marumani,214,338,63.31,0.6331360946745562
DJM Short,211,274,77.01,0.7700729927007299
TK Musakanda,210,240,87.5,0.875
NRJ Croes,207,305,67.87,0.6786885245901639
Khurram Manzoor,206,323,63.78,0.6377708978328174
HS Modi,205,457,44.86,0.4485776805251641
WP Masakadza,204,345,59.13,0.591304347826087
Khushdil Shah,200,214,93.46,0.9345794392523364
DEM Carter,200,281,71.17,0.7117437722419929
S Sriharsha,200,295,67.8,0.6779661016949152
Z Crawley,199,208,95.67,0.9567307692307693
Saleem Elahi,199,307,64.82,0.6482084690553745
IA Karim,196,237,82.7,0.8270042194092827
M Levitt,196,247,79.35,0.7935222672064778
MW Short,195,197,98.98,0.9898477157360406
Kuldeep Yadav,195,411,47.45,0.4744525547445255
V Sukumaran,194,314,61.78,0.6178343949044586
Mohammad Nawaz (3),193,221,87.33,0.8733031674208145
PJ Ingram,193,239,80.75,0.8075313807531381
JH Davey,193,312,61.86,0.6185897435897436
AJ Turner,192,165,116.36,1.1636363636363636
GB Brent,192,305,62.95,0.6295081967213115
SA Wijeratne,191,275,69.45,0.6945454545454546
H Karunaratne,190,420,45.24,0.4523809523809524
PP Shaw,189,174,108.62,1.0862068965517242
A Saud,189,401,47.13,0.4713216957605985
RD Rickelton,188,213,88.26,0.8826291079812206
G Kirsten,186,228,81.58,0.8157894736842105
BB Chari,186,412,45.15,0.45145631067961167
CJ Jordan,184,218,84.4,0.8440366972477065
S Rana,184,226,81.42,0.8141592920353983
F Mutizwa,183,282,64.89,0.648936170212766
Sohag Gazi,182,207,87.92,0.8792270531400966
ND McKenzie,182,260,70.0,0.7
RM Haq,181,354,51.13,0.5112994350282486
CMA Shillington,179,199,89.95,0.8994974874371859
Q Joseph,179,255,70.2,0.7019607843137254
DM Richards,179,260,68.85,0.6884615384615385
I Ranaweera,179,468,38.25,0.38247863247863245
SR Thompson,178,198,89.9,0.898989898989899
JA McCollum,178,246,72.36,0.7235772357723578
B Zuiderent,178,368,48.37,0.483695652173913
JAD Lawrenson,177,215,82.33,0.8232558139534883
NR Kumar,177,306,57.84,0.5784313725490197
H Patel,176,198,88.89,0.8888888888888888
IC Gaze,176,295,59.66,0.5966101694915255
S Forbes,175,342,51.17,0.5116959064327485
IH Romaine,175,360,48.61,0.4861111111111111
Raza-ur-Rehman,174,215,80.93,0.8093023255813954
NW Bracken,174,265,65.66,0.6566037735849056
G Voll,173,164,105.49,1.0548780487804879
Mohammad Nawaz,173,219,79.0,0.7899543378995434
Mohammad Boota,173,240,72.08,0.7208333333333333
GM Hamilton,173,305,56.72,0.5672131147540984
SJ Bryce,171,257,66.54,0.6653696498054474
Najiha Alvi,170,271,62.73,0.6273062730627307
Lata Mondal,170,349,48.71,0.4871060171919771
TSS Mackintosh,169,203,83.25,0.8325123152709359
AM Peterson,167,211,79.15,0.7914691943127962
JG Bethell,167,212,78.77,0.7877358490566038
AR Adams,165,154,107.14,1.0714285714285714
Nurul Hasan,165,181,91.16,0.9116022099447514
MJ Lumb,165,206,80.1,0.8009708737864077
ST Doheny,165,275,60.0,0.6
KS Lokuarachchi,164,217,75.58,0.7557603686635944
D Bishoo,164,265,61.89,0.6188679245283019
L Klusener,163,156,104.49,1.044871794871795
Shan Masood,163,242,67.36,0.6735537190082644
KP Meiyappan,163,342,47.66,0.4766081871345029
Y Venugopal Rao,161,257,62.65,0.6264591439688716
FRJ Coleman,160,220,72.73,0.7272727272727273
SJ McGlashan,160,234,68.38,0.6837606837606838
P Siaka,160,235,68.09,0.6808510638297872
Akshay Homraj,159,230,69.13,0.691304347826087
J Kila,159,249,63.86,0.6385542168674698
Shariz Ahmad,159,291,54.64,0.5463917525773195
AGS Gous,157,142,110.56,1.1056338028169015
Imran Tahir,157,233,67.38,0.6738197424892703
CJO Smith,157,240,65.42,0.6541666666666667
T Kaitano,157,264,59.47,0.5946969696969697
Nasum Ahmed,156,178,87.64,0.8764044943820225
CMW Read,156,221,70.59,0.7058823529411765
SRH Curtis,156,234,66.67,0.6666666666666666
A Kolan,155,297,52.19,0.5218855218855218
C Zhuwao,154,137,112.41,1.1240875912408759
MB Kruger,154,217,70.97,0.7096774193548387
A Rawat,153,188,81.38,0.8138297872340425
SP Patil,153,295,51.86,0.5186440677966102
K Fraser,152,199,76.38,0.7638190954773869
MDK Perera,152,207,73.43,0.7342995169082126
AJ Redmond,152,266,57.14,0.5714285714285714
D Ganga,152,302,50.33,0.5033112582781457
AA Mulla,150,160,93.75,0.9375
PJ Ongondo,150,250,60.0,0.6
JF Kloppenburg,149,240,62.08,0.6208333333333333
BN Cooper,148,175,84.57,0.8457142857142858
BOP Fernando,148,238,62.18,0.6218487394957983
LM Kasperek,148,276,53.62,0.5362318840579711
Khalid Latif,147,233,63.09,0.630901287553648
Shorna Akter,147,245,60.0,0.6
Nazimuddin,147,246,59.76,0.5975609756097561
BYA Mendis,147,252,58.33,0.5833333333333334
JA Burns,146,189,77.25,0.7724867724867724
ID Blackwell,146,213,68.54,0.6854460093896714
K Zondo,146,235,62.13,0.6212765957446809
NC Dodd,145,299,48.49,0.48494983277591974
D Devnarain,145,302,48.01,0.48013245033112584
IJR Zwilling,145,351,41.31,0.4131054131054131
CO Browne,144,171,84.21,0.8421052631578947
S Jafta,144,278,51.8,0.5179856115107914
Zahoor Khan,143,259,55.21,0.5521235521235521
MB Loye,142,190,74.74,0.7473684210526316
HJW Gardiner,142,220,64.55,0.6454545454545455
RD Jacobs,142,225,63.11,0.6311111111111111
VV Morea,142,228,62.28,0.6228070175438597
KJJ van Noortwijk,141,143,98.6,0.986013986013986
KNA Bandara,141,217,64.98,0.6497695852534562
SF Daley,141,240,58.75,0.5875
TS Hasabnis,140,184,76.09,0.7608695652173914
M Bhanuka,140,199,70.35,0.7035175879396985
CT Dhururu,140,325,43.08,0.4307692307692308
ARI Umeed,138,139,99.28,0.9928057553956835
D Myers,138,194,71.13,0.711340206185567
KA Hope,138,201,68.66,0.6865671641791045
T Bhatia,138,205,67.32,0.6731707317073171
N Vare,138,323,42.72,0.42724458204334365
D Gough,137,198,69.19,0.6919191919191919
Marina Iqbal,137,312,43.91,0.4391025641025641
NJ Carey,136,145,93.79,0.9379310344827586
CR Pagydyala,136,170,80.0,0.8
HK Badani,135,175,77.14,0.7714285714285715
S Verma,135,217,62.21,0.6221198156682027
P Molkenboer,135,279,48.39,0.4838709677419355
RP Singh,135,304,44.41,0.4440789473684211
T Banton,134,145,92.41,0.9241379310344827
AM Hardie,134,159,84.28,0.8427672955974843
PA Browne,134,183,73.22,0.73224043715847
Faisal Iqbal,134,260,51.54,0.5153846153846153
JL Smith,133,147,90.48,0.9047619047619048
CR Seneviratna,133,277,48.01,0.48014440433212996
TJ Friend,132,175,75.43,0.7542857142857143
D Keulder,132,221,59.73,0.5972850678733032
TS Kamunhukamwe,131,169,77.51,0.7751479289940828
KH Pandya,130,131,99.24,0.9923664122137404
D Bau,130,222,58.56,0.5855855855855856
DF Watts,130,240,54.17,0.5416666666666666
HDPK Dharmasena,129,155,83.23,0.832258064516129
D Ravu,128,193,66.32,0.6632124352331606
Nafees Iqbal,128,270,47.41,0.4740740740740741
B Sai Sudharsan,127,144,88.19,0.8819444444444444
N Hussain,127,198,64.14,0.6414141414141414
ZE Surkari,127,299,42.47,0.42474916387959866
Azhar Mahmood,126,164,76.83,0.7682926829268293
Mudassar Bukhari,126,182,69.23,0.6923076923076923
CE Coulter Reilly,126,208,60.58,0.6057692307692307
SACA King,126,233,54.08,0.5407725321888412
SM Kavanagh,126,239,52.72,0.5271966527196653
AR Odedara,126,287,43.9,0.43902439024390244
KDU Prabodhani,126,353,35.69,0.35694050991501414
H Carlyon,125,149,83.89,0.8389261744966443
P Marange,125,153,81.7,0.8169934640522876
ML Nkala,125,178,70.22,0.702247191011236
FL Mackay,125,196,63.78,0.6377551020408163
RS Kaluwitharana,124,180,68.89,0.6888888888888889
Dhiman Ghosh,124,205,60.49,0.6048780487804878
PA Jaques,123,170,72.35,0.7235294117647059
Usman Limbada,123,193,63.73,0.6373056994818653
B Tau,123,235,52.34,0.5234042553191489
PA Chatterji,123,239,51.46,0.5146443514644351
CT Mutombodzi,122,149,81.88,0.8187919463087249
JP Maher,122,187,65.24,0.6524064171122995
Mahedi Hasan,122,195,62.56,0.6256410256410256
Ayasha Rahman,122,209,58.37,0.583732057416268
T Maruma,122,225,54.22,0.5422222222222223
B Evans,121,154,78.57,0.7857142857142857
AL Hodgkinson,121,169,71.6,0.7159763313609467
U Bhatti,120,131,91.6,0.916030534351145
K Weeraratne,120,139,86.33,0.8633093525179856
N Koncharoenkai,120,153,78.43,0.7843137254901961
JW Jenner,119,176,67.61,0.6761363636363636
J Edness,119,218,54.59,0.5458715596330275
R Malhotra,118,185,63.78,0.6378378378378379
S Jimmy,118,198,59.6,0.5959595959595959
J Anderson,118,205,57.56,0.5756097560975609
BJ Patel,118,253,46.64,0.466403162055336
Khalid Kail,117,158,74.05,0.740506329113924
MC Henriques,117,192,60.94,0.609375
SL Quintyne,117,204,57.35,0.5735294117647058
CMG Atkins,117,211,55.45,0.5545023696682464
RD Gaikwad,115,159,72.33,0.7232704402515723
EN Lynch,115,229,50.22,0.5021834061135371
Kainat Imtiaz,115,264,43.56,0.4356060606060606
S Meghana,114,111,102.7,1.027027027027027
MA Carberry,114,181,62.98,0.6298342541436464
B Muzarabani,114,211,54.03,0.5402843601895735
Jaker Ali,113,107,105.61,1.0560747663551402
L Jack,113,109,103.67,1.036697247706422
TBM de Leede,113,210,53.81,0.5380952380952381
LP van Troost,112,164,68.29,0.6829268292682927
DP Hyatt,112,189,59.26,0.5925925925925926
KD Shah,112,192,58.33,0.5833333333333334
JDF Vandersay,112,241,46.47,0.46473029045643155
C Carter,111,176,63.07,0.6306818181818182
AN Kervezee,110,204,53.92,0.5392156862745098
SV Carlisle,110,249,44.18,0.44176706827309237
D Hazell,109,140,77.86,0.7785714285714286
TS Chisoro,109,155,70.32,0.7032258064516129
R Murray,108,180,60.0,0.6
A Maregwede,108,182,59.34,0.5934065934065934
A Khaka,108,233,46.35,0.463519313304721
KNM Fernando,107,99,108.08,1.0808080808080809
MM English,107,124,86.29,0.8629032258064516
BA Parchment,107,198,54.04,0.5404040404040404
SR Hain,106,100,106.0,1.06
A Minny,106,130,81.54,0.8153846153846154
SL Kalis,106,240,44.17,0.44166666666666665
HDJ Siegers,105,124,84.68,0.8467741935483871
RML Taylor,105,128,82.03,0.8203125
RK Kleinveldt,105,129,81.4,0.813953488372093
AA Jangoo,104,85,122.35,1.223529411764706
L Balaji,104,132,78.79,0.7878787878787878
DA Minors,104,176,59.09,0.5909090909090909
D Elgar,104,181,57.46,0.574585635359116
KV Jain,104,219,47.49,0.4748858447488584
PS Athavale,103,176,58.52,0.5852272727272727
C de Lange,103,226,45.58,0.4557522123893805
M Klaas,103,265,38.87,0.3886792452830189
M Kartik,102,137,74.45,0.7445255474452555
AM Bacher,102,181,56.35,0.56353591160221
Yasir Ali Chowdhury,101,106,95.28,0.9528301886792453
WK McCallan,101,176,57.39,0.5738636363636364
Shahzaib Hasan,100,118,84.75,0.847457627118644
SM Benade,100,128,78.12,0.78125
R Kanoh,100,149,67.11,0.6711409395973155
CJ Bowes,99,121,81.82,0.8181818181818182
Hamza Tariq,99,144,68.75,0.6875
BMSM Kumari,99,243,40.74,0.4074074074074074
I Maraj,98,273,35.9,0.358974358974359
JL Ontong,97,136,71.32,0.7132352941176471
AL Kandappah,97,159,61.01,0.610062893081761
RA Jones,96,187,51.34,0.5133689839572193
Tanzim Hasan Sakib,95,122,77.87,0.7786885245901639
GEF Barnett,95,185,51.35,0.5135135135135135
RJ Trott,95,194,48.97,0.4896907216494845
RS Gavaskar,93,164,56.71,0.5670731707317073
Sanjida Islam,93,226,41.15,0.41150442477876104
T Munyonga,92,137,67.15,0.6715328467153284
Shoriful Islam,91,106,85.85,0.8584905660377359
JV Harris,91,207,43.96,0.4396135265700483
GB Murgatroyd,90,148,60.81,0.6081081081081081
A Nehra,90,174,51.72,0.5172413793103449
SK Atai,90,184,48.91,0.4891304347826087
Bilawal Bhatti,89,77,115.58,1.155844155844156
PBB Rajapaksa,89,87,102.3,1.0229885057471264
SSD Arachchige,89,134,66.42,0.664179104477612
TC Bastiampillai,89,163,54.6,0.5460122699386503
S Tippoch,89,226,39.38,0.3938053097345133
Z James,89,242,36.78,0.3677685950413223
Nashra Sandhu,89,323,27.55,0.2755417956656347
N Davin,88,105,83.81,0.8380952380952381
SE Findlay,88,140,62.86,0.6285714285714286
J Fraser-McGurk,87,59,147.46,1.4745762711864407
T Mupariwa,87,208,41.83,0.4182692307692308
P Mujaji,86,166,51.81,0.5180722891566265
FL Reifer,86,190,45.26,0.45263157894736844
NE Bonner,85,140,60.71,0.6071428571428571
J Sumerauer,84,74,113.51,1.135135135135135
SI Mahmood,84,99,84.85,0.8484848484848485
JJ Atkinson,84,152,55.26,0.5526315789473685
CJ Nevin,83,151,54.97,0.5496688741721855
GT Main,82,89,92.13,0.9213483146067416
C Hemraj,82,101,81.19,0.8118811881188119
GC Bhogle,82,166,49.4,0.4939759036144578
S Nitschke,81,84,96.43,0.9642857142857143
Mohammad Wasim,80,87,91.95,0.9195402298850575
A Lister,80,112,71.43,0.7142857142857143
M McColl,80,116,68.97,0.6896551724137931
GR Codrington,80,123,65.04,0.6504065040650406
Rabiya Shah,80,127,62.99,0.6299212598425197
M Terblanche,80,137,58.39,0.583941605839416
M Spoors,80,146,54.79,0.547945205479452
D Langford-Smith,79,84,94.05,0.9404761904761905
E Claridge,79,103,76.7,0.7669902912621359
AI Chudasama,79,106,74.53,0.7452830188679245
UT Yadav,79,136,58.09,0.5808823529411765
JP Greaves,79,137,57.66,0.5766423357664233
E Schiferli,79,140,56.43,0.5642857142857143
S Badrinath,79,173,45.66,0.45664739884393063
MJ Cosgrove,78,81,96.3,0.9629629629629629
HJ Armitage,78,95,82.11,0.8210526315789474
T Suri,78,106,73.58,0.7358490566037735
Sami Aslam,78,123,63.41,0.6341463414634146
SP Khakurel,78,166,46.99,0.46987951807228917
WB Rankin,78,183,42.62,0.4262295081967213
SC Taylor,77,73,105.48,1.0547945205479452
SP Krishnamurthi,77,99,77.78,0.7777777777777778
Ravinderpal Singh,77,107,71.96,0.719626168224299
GM Ewing,77,115,66.96,0.6695652173913044
SC Joseph,77,153,50.33,0.5032679738562091
S Gajnabi,77,185,41.62,0.41621621621621624
Syed Rasel,76,168,45.24,0.4523809523809524
KW Richardson,75,70,107.14,1.0714285714285714
Utkarsh Srivastava,75,75,100.0,1.0
KDK Vithanage,75,92,81.52,0.8152173913043478
CA Lynn,75,92,81.52,0.8152173913043478
MNK Fernando,75,107,70.09,0.7009345794392523
SW Poynter,74,102,72.55,0.7254901960784313
N Gwanzura,74,108,68.52,0.6851851851851852
MM Patel,74,114,64.91,0.6491228070175439
DS Bajwa,74,123,60.16,0.6016260162601627
U Raymond-Hoey,74,124,59.68,0.5967741935483871
DS Weerakkody,73,67,108.96,1.0895522388059702
Kaleem Sana,73,97,75.26,0.7525773195876289
Waheed Ahmed,73,131,55.73,0.5572519083969466
C Sutthiruang,73,133,54.89,0.5488721804511278
SS McKechnie,73,142,51.41,0.5140845070422535
TP Visee,72,66,109.09,1.0909090909090908
TL Best,72,114,63.16,0.631578947368421
DR Brown,72,115,62.61,0.6260869565217392
SD Outerbridge,72,147,48.98,0.4897959183673469
J Smits,72,195,36.92,0.36923076923076925
Wasim Akram,71,72,98.61,0.9861111111111112
BJ Bennett,71,75,94.67,0.9466666666666667
TK Patel,71,149,47.65,0.47651006711409394
V Araa,71,179,39.66,0.39664804469273746
Mohammad Aadil Alam,70,82,85.37,0.8536585365853658
Shuvagata Hom,70,88,79.55,0.7954545454545454
Haris Rauf,70,93,75.27,0.7526881720430108
Natalia Pervaiz,70,106,66.04,0.660377358490566
N Dutta,70,122,57.38,0.5737704918032787
K Frank,70,130,53.85,0.5384615384615384
TN de Grooth,70,150,46.67,0.4666666666666667
DR Mousley,69,88,78.41,0.7840909090909091
B Ward,69,106,65.09,0.6509433962264151
Shakeel Ahmed,69,132,52.27,0.5227272727272727
Tilak Varma,68,125,54.4,0.544
Sana Javed,68,136,50.0,0.5
AS van Beuge,68,196,34.69,0.3469387755102041
RC Irani,67,125,53.6,0.536
GM Strydom,67,133,50.38,0.5037593984962406
SR Waters,67,147,45.58,0.4557823129251701
Sharmin Sultana,67,198,33.84,0.3383838383838384
Mehran Khan,66,70,94.29,0.9428571428571428
JR Philippe,65,91,71.43,0.7142857142857143
CD de Lange,65,94,69.15,0.6914893617021277
AD Poynter,65,134,48.51,0.48507462686567165
S Molineux,64,77,83.12,0.8311688311688312
Yasir Arafat,64,103,62.14,0.6213592233009708
Batool Fatima,64,105,60.95,0.6095238095238096
AR Caddick,64,118,54.24,0.5423728813559322
N Boochatham,64,153,41.83,0.41830065359477125
PD McGlashan,63,53,118.87,1.1886792452830188
AAP Atkinson,63,55,114.55,1.1454545454545455
L Tshuma,63,163,38.65,0.38650306748466257
Adnan Akmal,62,92,67.39,0.6739130434782609
J Gray,62,113,54.87,0.5486725663716814
CS Fraser,62,134,46.27,0.4626865671641791
BT Foakes,61,78,78.21,0.782051282051282
K Klein,61,88,69.32,0.6931818181818182
S Laomi,61,111,54.95,0.5495495495495496
G Sultana,61,165,36.97,0.3696969696969697
Shahid Wasif,60,138,43.48,0.43478260869565216
TG Norris,59,58,101.72,1.0172413793103448
PJ Scholfield,59,61,96.72,0.9672131147540983
BAM Heath,59,61,96.72,0.9672131147540983
MJ Hay,59,72,81.94,0.8194444444444444
MR Swart,59,78,75.64,0.7564102564102564
Abdul Jabbar,59,86,68.6,0.686046511627907
Shaila Sharmin,59,98,60.2,0.6020408163265306
HJ Thomas,59,122,48.36,0.48360655737704916
D Parashar,58,89,65.17,0.651685393258427
Mohammad Naim,58,99,58.59,0.5858585858585859
Hammad Mirza,58,106,54.72,0.5471698113207547
M van Schoor,58,111,52.25,0.5225225225225225
LL Tsotsobe,58,113,51.33,0.5132743362831859
TMK Mawoyo,58,166,34.94,0.3493975903614458
Tayyab Tahir,57,46,123.91,1.2391304347826086
AJ Tye,57,48,118.75,1.1875
L Sreekumar,57,69,82.61,0.8260869565217391
Akram Khan,57,102,55.88,0.5588235294117647
S Jora,56,68,82.35,0.8235294117647058
Zubayr Hamza,56,82,68.29,0.6829268292682927
RK Singh,55,43,127.91,1.2790697674418605
FY Fazal,55,65,84.62,0.8461538461538461
J Figy John,55,75,73.33,0.7333333333333333
AB Kaur,55,109,50.46,0.5045871559633027
DES Maxwell,54,45,120.0,1.2
Kabir Ali,54,58,93.1,0.9310344827586207
A Nao,54,71,76.06,0.7605633802816901
A Mazvishaya,54,121,44.63,0.4462809917355372
Mohammad Hasnain,53,34,155.88,1.5588235294117647
BCJ Cutting,53,67,79.1,0.7910447761194029
CAK Walton,53,88,60.23,0.6022727272727273
P Maya,53,105,50.48,0.5047619047619047
AR Berenger,53,115,46.09,0.4608695652173913
K Thomson,52,69,75.36,0.7536231884057971
AK Perera,52,83,62.65,0.6265060240963856
KE Ebrahim,52,95,54.74,0.5473684210526316
Waqas Khan,52,106,49.06,0.49056603773584906
IR James,51,64,79.69,0.796875
AA Paradkar,51,85,60.0,0.6
RN Bhatia,51,114,44.74,0.4473684210526316
CA Pujara,51,136,37.5,0.375
WA Agar,50,43,116.28,1.1627906976744187
RTM Mendis,50,50,100.0,1.0
VR Vanitha,50,64,78.12,0.78125
MJ Bulow,50,74,67.57,0.6756756756756757
EL Watson,50,125,40.0,0.4
SS Tiwary,49,57,85.96,0.8596491228070176
LHD Dilhara,49,60,81.67,0.8166666666666667
KO Meth,49,93,52.69,0.5268817204301075
TB Robinson,48,49,97.96,0.9795918367346939
Zulqarnain Haider,48,70,68.57,0.6857142857142857
Irfan Khan,48,74,64.86,0.6486486486486487
Tasqeen Qadeer,48,144,33.33,0.3333333333333333
G Kodali,46,76,60.53,0.6052631578947368
Steven Ryan Taylor,46,81,56.79,0.5679012345679012
KK Nair,46,89,51.69,0.5168539325842697
OV Anderson,46,97,47.42,0.4742268041237113
SZ Thakor,46,102,45.1,0.45098039215686275
PP Ojha,46,114,40.35,0.40350877192982454
AE Smith,45,30,150.0,1.5
TH David,45,56,80.36,0.8035714285714286
M Karg,45,66,68.18,0.6818181818181818
TV Mufambisi,45,71,63.38,0.6338028169014085
M De Ridder,45,74,60.81,0.6081081081081081
IM Vaghela,45,91,49.45,0.4945054945054945
Tabarak Dar,45,95,47.37,0.47368421052631576
M Dillon,44,52,84.62,0.8461538461538461
Al Sahariar,44,102,43.14,0.43137254901960786
S Sreesanth,44,125,35.2,0.352
NA de Groot,44,130,33.85,0.3384615384615385
RP Lefebvre,43,68,63.24,0.6323529411764706
SJ Swanepoel,43,99,43.43,0.43434343434343436
Haider Ali,42,33,127.27,1.2727272727272727
CD Cumming,42,101,41.58,0.4158415841584158
WP Saha,41,59,69.49,0.6949152542372882
NE Farrant,41,64,64.06,0.640625
KY Ottley,41,76,53.95,0.5394736842105263
JL Pattinson,41,80,51.25,0.5125
Fayyaz Ahmed,41,98,41.84,0.41836734693877553
I Toua,41,100,41.0,0.41
TD Smartt,40,65,61.54,0.6153846153846154
N Mlaba,40,68,58.82,0.5882352941176471
M Shumba,40,83,48.19,0.4819277108433735
NB Mahwire,40,108,37.04,0.37037037037037035
SJ Tsukigawa,39,70,55.71,0.5571428571428572
Usama Mir,38,30,126.67,1.2666666666666666
TB Sole,38,37,102.7,1.027027027027027
N M'shangwe,38,44,86.36,0.8636363636363636
T Granger,38,58,65.52,0.6551724137931034
PP Chawla,38,60,63.33,0.6333333333333333
CS Terblanche,38,65,58.46,0.5846153846153846
CKB Kulasekara,38,73,52.05,0.5205479452054794
TMM Newton,38,79,48.1,0.4810126582278481
R Klein,38,81,46.91,0.4691358024691358
N Shangase,38,98,38.78,0.3877551020408163
Qaiser Ali,38,98,38.78,0.3877551020408163
Arshdeep Singh,37,34,108.82,1.088235294117647
TS Roland-Jones,37,38,97.37,0.9736842105263158
DM Kimmince,37,52,71.15,0.7115384615384616
Hasan Mahmud,37,77,48.05,0.4805194805194805
LN Rajbanshi,37,156,23.72,0.23717948717948717
DNT Zoysa,36,55,65.45,0.6545454545454545
Aaditya Varadarajan,36,66,54.55,0.5454545454545454
JO Troughton,36,77,46.75,0.4675324675324675
RWT Key,36,105,34.29,0.34285714285714286
Zulfiqar Babar,35,40,87.5,0.875
O Kamchomphu,35,61,57.38,0.5737704918032787
NA Greenwood,35,69,50.72,0.5072463768115942
JNT Vare,35,71,49.3,0.49295774647887325
C McAuslan,35,74,47.3,0.47297297297297297
J van Vliet,35,84,41.67,0.4166666666666667
Abdul Shakoor,34,66,51.52,0.5151515151515151
LDVV Silva,34,76,44.74,0.4473684210526316
RP Alexander,34,81,41.98,0.41975308641975306
TL Seifert,33,28,117.86,1.1785714285714286
Ayesha Naseem,33,40,82.5,0.825
HM Tiffen,33,41,80.49,0.8048780487804879
A Aitken-Drummond,33,48,68.75,0.6875
Mohammad Iqbal,33,56,58.93,0.5892857142857143
PRP Boissevain,33,57,57.89,0.5789473684210527
PARP Perera,33,61,54.1,0.5409836065573771
A Codrington,33,79,41.77,0.4177215189873418
JAH Marshall,33,84,39.29,0.39285714285714285
J Overton,32,22,145.45,1.4545454545454546
DO Leicher,32,31,103.23,1.032258064516129
MK Villiers,32,32,100.0,1.0
D Cleaver,32,37,86.49,0.8648648648648649
GA Rogers,32,50,64.0,0.64
MHW Papps,32,63,50.79,0.5079365079365079
Qanita Jalil,32,64,50.0,0.5
AA Deshpande,32,69,46.38,0.463768115942029
O Bell,32,77,41.56,0.4155844155844156
C Jonker,31,34,91.18,0.9117647058823529
CW Perchard,31,35,88.57,0.8857142857142857
JB Nero,31,56,55.36,0.5535714285714286
D Daesrath,31,59,52.54,0.5254237288135594
EC Rainsford,31,103,30.1,0.30097087378640774
T Putthawong,31,125,24.8,0.248
PJC Hoffmann,30,23,130.43,1.3043478260869565
Mohammad Haris,30,36,83.33,0.8333333333333334
Saqlain Haider,30,40,75.0,0.75
RM Jariwala,30,53,56.6,0.5660377358490566
AR Pitcher,30,55,54.55,0.5454545454545454
SM Warnapura,30,64,46.88,0.46875
B Leephatthana,30,66,45.45,0.45454545454545453
M Mangru,30,70,42.86,0.42857142857142855
MF Kendal,30,87,34.48,0.3448275862068966
R Boyce,30,100,30.0,0.3
A Neill,29,43,67.44,0.6744186046511628
M van Jaarsveld,29,57,50.88,0.5087719298245614
DI Joyce,29,61,47.54,0.47540983606557374
KED Carroll,28,42,66.67,0.6666666666666666
SA Fritz,28,52,53.85,0.5384615384615384
SP de Alwis,28,53,52.83,0.5283018867924528
Sadia Iqbal,28,56,50.0,0.5
J Jarvis,28,59,47.46,0.4745762711864407
JJ Celestine,28,64,43.75,0.4375
Ehsanul Haque,28,76,36.84,0.3684210526315789
OL Pitcher,28,83,33.73,0.3373493975903614
PM Liyanagamage,28,84,33.33,0.3333333333333333
GF Linde,27,31,87.1,0.8709677419354839
Ehsan Adil,27,43,62.79,0.627906976744186
CJ Smith,27,48,56.25,0.5625
AF Buurman,26,34,76.47,0.7647058823529411
B Fernando,26,37,70.27,0.7027027027027027
Shahid Ahmadzai,26,39,66.67,0.6666666666666666
NG Smith,26,40,65.0,0.65
S Thuraisingam,26,47,55.32,0.5531914893617021
Khurram Nawaz,26,49,53.06,0.5306122448979592
M Faisal,26,53,49.06,0.49056603773584906
Faisal Hossain,26,54,48.15,0.48148148148148145
Wasim Ali,26,57,45.61,0.45614035087719296
SL Stewart,26,59,44.07,0.4406779661016949
MS Panesar,26,92,28.26,0.2826086956521739
SW Tait,25,29,86.21,0.8620689655172413
A Patel,25,30,83.33,0.8333333333333334
S Naik,25,39,64.1,0.6410256410256411
HDRS Silva,25,46,54.35,0.5434782608695652
Waqas Barkat,25,54,46.3,0.46296296296296297
T Kamungozi,25,56,44.64,0.44642857142857145
CH van Koolwijk,25,66,37.88,0.3787878787878788
LJ Poulton,25,69,36.23,0.36231884057971014
VR Iyer,24,41,58.54,0.5853658536585366
N Niranjana,24,60,40.0,0.4
RW Sims,24,64,37.5,0.375
TS Sekhukhune,24,85,28.24,0.2823529411764706
J Louw,23,7,328.57,3.2857142857142856
LK Ebsary,23,24,95.83,0.9583333333333334
Avesh Khan,23,30,76.67,0.7666666666666667
Y van der Westhuizen,23,39,58.97,0.5897435897435898
J Blackwood,23,43,53.49,0.5348837209302325
SJ Massiah,23,47,48.94,0.48936170212765956
Nestor Dhamba,23,52,44.23,0.4423076923076923
RD McCann,23,57,40.35,0.40350877192982454
TJ Heggelman,23,71,32.39,0.323943661971831
RL Bhudia,22,15,146.67,1.4666666666666666
RM Patidar,22,18,122.22,1.2222222222222223
PKD Chase,22,33,66.67,0.6666666666666666
Shamim Hossain,22,38,57.89,0.5789473684210527
Mohammad Salman,22,40,55.0,0.55
S Bhari,22,52,42.31,0.4230769230769231
E Mbofana,22,56,39.29,0.39285714285714285
JM Cox,22,57,38.6,0.38596491228070173
Mosharraf Hossain,22,64,34.38,0.34375
O Thomas,22,78,28.21,0.28205128205128205
BP Nash,21,21,100.0,1.0
BA Langston,21,22,95.45,0.9545454545454546
JP Behrendorff,21,23,91.3,0.9130434782608695
AC Cummins,21,23,91.3,0.9130434782608695
EC Perry,21,28,75.0,0.75
AB Dinda,21,38,55.26,0.5526315789473685
J Patraj,21,48,43.75,0.4375
CJ Metcalfe,21,54,38.89,0.3888888888888889
E Otieno,21,57,36.84,0.3684210526315789
LR Naylor,20,21,95.24,0.9523809523809523
S Nisansala,20,22,90.91,0.9090909090909091
MR Johnson,20,23,86.96,0.8695652173913043
HGV Vare,20,31,64.52,0.6451612903225806
JA Simpson,20,32,62.5,0.625
L Rajadurai,20,53,37.74,0.37735849056603776
AF Sattaur,20,63,31.75,0.31746031746031744
C Viljoen,19,23,82.61,0.8260869565217391
AG Wharf,19,29,65.52,0.6551724137931034
GP Tom,19,34,55.88,0.5588235294117647
S Jyoti,19,43,44.19,0.4418604651162791
LR Johnson,19,65,29.23,0.2923076923076923
Tanvir Ahmed,18,12,150.0,1.5
SG Borthwick,18,16,112.5,1.125
TL Chivanga,18,21,85.71,0.8571428571428571
S Khiaoto,18,24,75.0,0.75
SSB Magala,18,25,72.0,0.72
CC Dalton,18,27,66.67,0.6666666666666666
Jamaluddin Ahmed,18,31,58.06,0.5806451612903226
I Wardlaw,18,33,54.55,0.5454545454545454
W Sutherland,18,33,54.55,0.5454545454545454
TCB Fernando,18,39,46.15,0.46153846153846156
K Whatham,18,43,41.86,0.4186046511627907
Sultan Ahmed,18,44,40.91,0.4090909090909091
DI Allan,18,48,37.5,0.375
SI Kamea,18,55,32.73,0.32727272727272727
Skhawat Ali,18,60,30.0,0.3
R MacDonald-Gay,17,14,121.43,1.2142857142857142
SDNS Karunaratne,17,14,121.43,1.2142857142857142
JA Clarkson,17,24,70.83,0.7083333333333334
Waqar Younis,17,25,68.0,0.68
CP Jack,17,26,65.38,0.6538461538461539
J Sharma,17,33,51.52,0.5151515151515151
Saqlain Mushtaq,17,39,43.59,0.4358974358974359
OO Bascome,17,47,36.17,0.3617021276595745
B Shikongo,17,54,31.48,0.3148148148148148
SP Terry,16,18,88.89,0.8888888888888888
Ankur Sharma,16,31,51.61,0.5161290322580645
SJ Andrews,16,36,44.44,0.4444444444444444
JH Desai,16,38,42.11,0.42105263157894735
Nuzhat Tasnia,16,43,37.21,0.37209302325581395
N Ifill,16,44,36.36,0.36363636363636365
F Walters,16,48,33.33,0.3333333333333333
SK Dolawatte,16,56,28.57,0.2857142857142857
MM Iqbal,16,58,27.59,0.27586206896551724
SE Aley,15,8,187.5,1.875
IECM Wong,15,9,166.67,1.6666666666666667
Zafar Gohar,15,15,100.0,1.0
SA Millanta,15,19,78.95,0.7894736842105263
F Tunnicliffe,15,21,71.43,0.7142857142857143
RD Steede,15,22,68.18,0.6818181818181818
HM Watson,15,26,57.69,0.5769230769230769
JB Reva,15,27,55.56,0.5555555555555556
EMDY Munaweera,15,29,51.72,0.5172413793103449
I Dulani,15,35,42.86,0.42857142857142855
RM van Oosterom,15,38,39.47,0.39473684210526316
AM McCarthy,15,41,36.59,0.36585365853658536
J Post,15,52,28.85,0.28846153846153844
HD Rutherford,15,56,26.79,0.26785714285714285
ML Patel,15,61,24.59,0.2459016393442623
G Chapple,14,7,200.0,2.0
Muhammad Jawadullah,14,15,93.33,0.9333333333333333
A Valthapa,14,22,63.64,0.6363636363636364
O Davidson,14,33,42.42,0.42424242424242425
J Da Silva,14,35,40.0,0.4
MD du Preez,14,45,31.11,0.3111111111111111
IPP Batuwitarachchi,14,51,27.45,0.27450980392156865
FC Jonas,14,57,24.56,0.24561403508771928
L Cheatle,13,13,100.0,1.0
NK Crafton,13,17,76.47,0.7647058823529411
HHC Gunaratne,13,20,65.0,0.65
GM Harris,13,22,59.09,0.5909090909090909
OEG Baartman,13,24,54.17,0.5416666666666666
RD Chahar,13,26,50.0,0.5
Usman Salahuddin,13,28,46.43,0.4642857142857143
D Joseph,13,32,40.62,0.40625
AA Shafique,13,33,39.39,0.3939393939393939
I van der Woning,13,35,37.14,0.37142857142857144
MC Patel,13,35,37.14,0.37142857142857144
MMA Jonkman,13,38,34.21,0.34210526315789475
FR Davies,13,42,30.95,0.30952380952380953
HIS Mendis,13,50,26.0,0.26
TW Hartley,12,9,133.33,1.3333333333333333
TS Nethula,12,11,109.09,1.0909090909090908
GI Maiden,12,14,85.71,0.8571428571428571
S Daniel,12,29,41.38,0.41379310344827586
HRA Rainey,12,35,34.29,0.34285714285714286
AH Maqsood,12,36,33.33,0.3333333333333333
S Dhamala,12,40,30.0,0.3
NS Poonia,12,42,28.57,0.2857142857142857
MM Penfold,12,52,23.08,0.23076923076923078
AJ Ireland,12,64,18.75,0.1875
SC Kuggeleijn,11,6,183.33,1.8333333333333333
SV Bahutule,11,13,84.62,0.8461538461538461
Javeria Rauf,11,16,68.75,0.6875
S Siegers,11,19,57.89,0.5789473684210527
Saad Ali,11,23,47.83,0.4782608695652174
MG Neser,11,29,37.93,0.3793103448275862
L Wood,10,10,100.0,1.0
A Ashok,10,12,83.33,0.8333333333333334
GC Tonge,10,16,62.5,0.625
Mukesh Kumar,10,17,58.82,0.5882352941176471
RS Vandort,10,17,58.82,0.5882352941176471
JW Ogle-Thomas,10,17,58.82,0.5882352941176471
Ansh Tandon,10,18,55.56,0.5555555555555556
SW Currie,10,19,52.63,0.5263157894736842
RO Hussain,10,20,50.0,0.5
W Jaffer,10,23,43.48,0.43478260869565216
A Martin,10,29,34.48,0.3448275862068966
T Muzarabani,10,32,31.25,0.3125
TR Ambrose,10,34,29.41,0.29411764705882354
MA Aponso,10,45,22.22,0.2222222222222222
R Slater,9,10,90.0,0.9
Zahid Mahmood,9,12,75.0,0.75
VB van Jaarsveld,9,16,56.25,0.5625
HR Johnson,9,21,42.86,0.42857142857142855
Ethan D'Souza,9,21,42.86,0.42857142857142855
BJ Currie,9,22,40.91,0.4090909090909091
F Kasteni,9,24,37.5,0.375
H Shah,9,25,36.0,0.36
Lovepreet Singh,9,26,34.62,0.34615384615384615
D Murphy,9,28,32.14,0.32142857142857145
KE Broadmore,9,34,26.47,0.2647058823529412
Faisal Athar,9,39,23.08,0.23076923076923078
C Abel,9,47,19.15,0.19148936170212766
Rashid Zia,9,58,15.52,0.15517241379310345
Mrittunjoy Chowdhury,8,11,72.73,0.7272727272727273
ADJ Pitcher,8,12,66.67,0.6666666666666666
BP Kruger,8,12,66.67,0.6666666666666666
JI de Villiers,8,16,50.0,0.5
SJ Elliott,8,16,50.0,0.5
KK Ahmed,8,17,47.06,0.47058823529411764
CA Reid,8,18,44.44,0.4444444444444444
RO Hinds,8,19,42.11,0.42105263157894735
SB Bangar,8,19,42.11,0.42105263157894735
Dilara Akter,8,19,42.11,0.42105263157894735
NJ Coffey,8,20,40.0,0.4
H Davids,8,25,32.0,0.32
PY Lavine,8,26,30.77,0.3076923076923077
KH Butt,8,29,27.59,0.27586206896551724
R Ntozakhe,8,30,26.67,0.26666666666666666
RH Scholte,8,31,25.81,0.25806451612903225
SKW Kelly,7,5,140.0,1.4
DSK Madushanka,7,6,116.67,1.1666666666666667
GA Manou,7,6,116.67,1.1666666666666667
DG Blampied,7,13,53.85,0.5384615384615384
N Rana,7,14,50.0,0.5
Shawaal Zulfiqar,7,15,46.67,0.4666666666666667
J Glasgow,7,17,41.18,0.4117647058823529
Naved Latif,7,17,41.18,0.4117647058823529
V Shetty,7,17,41.18,0.4117647058823529
Zeeshan Siddiqi,7,21,33.33,0.3333333333333333
Hasibul Hossain,7,23,30.43,0.30434782608695654
NA Rock,7,25,28.0,0.28
ADR Campbell,7,25,28.0,0.28
D Prins,7,40,17.5,0.175
S Dhakal,7,44,15.91,0.1590909090909091
NA Statham,7,45,15.56,0.15555555555555556
CR Foggo,6,5,120.0,1.2
SO Dowrich,6,8,75.0,0.75
MJ Humphreys,6,9,66.67,0.6666666666666666
MT Chinouya,6,9,66.67,0.6666666666666666
M Commins,6,13,46.15,0.46153846153846156
SR Thadani,6,13,46.15,0.46153846153846156
TJG Pringle,6,14,42.86,0.42857142857142855
J Logtenberg,6,15,40.0,0.4
JE Dunford,6,17,35.29,0.35294117647058826
MJ North,6,19,31.58,0.3157894736842105
MQ Sheikh,6,21,28.57,0.2857142857142857
AK Peters,6,29,20.69,0.20689655172413793
Joginder Sharma,5,2,250.0,2.5
RT Lyons,5,3,166.67,1.6666666666666667
Naumanullah,5,4,125.0,1.25
MKDI Amerasinghe,5,7,71.43,0.7142857142857143
RT Crandon,5,9,55.56,0.5555555555555556
Jubair Hossain,5,10,50.0,0.5
NA Moodley,5,10,50.0,0.5
Aijaz Ali,5,11,45.45,0.45454545454545453
RK Whelan,5,12,41.67,0.4166666666666667
MJ Fourie,5,13,38.46,0.38461538461538464
N Fernandes,5,13,38.46,0.38461538461538464
SG Whittingham,5,15,33.33,0.3333333333333333
W O'Rourke,5,15,33.33,0.3333333333333333
JN Hamilton,5,16,31.25,0.3125
Tanbir Hayder,5,17,29.41,0.29411764705882354
N Kruger,5,20,25.0,0.25
K Sonavale,5,29,17.24,0.1724137931034483
P Roy,5,34,14.71,0.14705882352941177
CK Hooper,4,3,133.33,1.3333333333333333
A van der Merwe,4,4,100.0,1.0
H Graham,4,5,80.0,0.8
Nahid Rana,4,5,80.0,0.8
Kaynat Hafeez,4,6,66.67,0.6666666666666666
T Gwandu,4,8,50.0,0.5
Talha Jubair,4,8,50.0,0.5
S Immadi,4,9,44.44,0.4444444444444444
HAPW Jayawardene,4,10,40.0,0.4
SD Heazlett,4,11,36.36,0.36363636363636365
Sania Khan,4,12,33.33,0.3333333333333333
RW Staple,4,13,30.77,0.3076923076923077
A Munisar,4,13,30.77,0.3076923076923077
BB Seebaran,4,14,28.57,0.2857142857142857
H Durham,4,14,28.57,0.2857142857142857
Rony Talukdar,4,15,26.67,0.26666666666666666
Sufyan Mehmood,4,16,25.0,0.25
MWA van Nierop,4,16,25.0,0.25
Muhammad Farooq,4,16,25.0,0.25
Z Groenewald,4,19,21.05,0.21052631578947367
VAB Tewarie,4,22,18.18,0.18181818181818182
PLS Gamage,4,27,14.81,0.14814814814814814
HL Baker,3,3,100.0,1.0
Pankaj Singh,3,3,100.0,1.0
S Sriram,3,5,60.0,0.6
A le Breton,3,6,50.0,0.5
DOD Rikhi,3,6,50.0,0.5
J Yadav,3,7,42.86,0.42857142857142855
PT Collins,3,10,30.0,0.3
D Soraine,3,10,30.0,0.3
B Siddharth,3,10,30.0,0.3
KA Blackwell,3,11,27.27,0.2727272727272727
D Gamage,3,11,27.27,0.2727272727272727
HML Madushani,3,15,20.0,0.2
KHRK Fernando,3,15,20.0,0.2
O Chare,3,18,16.67,0.16666666666666666
Ebadat Hossain,3,18,16.67,0.16666666666666666
Sagar Pun,3,20,15.0,0.15
CK Kruger,3,21,14.29,0.14285714285714285
A Shamshudeen,3,30,10.0,0.1
K Kamyuka,2,2,100.0,1.0
K Gowtham,2,3,66.67,0.6666666666666666
C Prathyusha,2,3,66.67,0.6666666666666666
RJ Rolls,2,4,50.0,0.5
LJ Hamilton,2,4,50.0,0.5
KR Sen,2,4,50.0,0.5
JA Turner,2,5,40.0,0.4
KC Hodsoll,2,6,33.33,0.3333333333333333
JN Rhodes,2,6,33.33,0.3333333333333333
U Thimashini,2,6,33.33,0.3333333333333333
GH O'Brien,2,6,33.33,0.3333333333333333
Z Mali,2,7,28.57,0.2857142857142857
JNK Shannon,2,8,25.0,0.25
BR Dorey,2,9,22.22,0.2222222222222222
D Lakshan,2,9,22.22,0.2222222222222222
Fahad Nawaz,2,10,20.0,0.2
JM Willathgamuwa,2,10,20.0,0.2
Umran Malik,2,11,18.18,0.18181818181818182
PG Gillespie,2,11,18.18,0.18181818181818182
Akhil Kumar,2,11,18.18,0.18181818181818182
Tareq Aziz,2,11,18.18,0.18181818181818182
PA Desai,2,12,16.67,0.16666666666666666
KL Rolton,2,12,16.67,0.16666666666666666
RA Lewis,2,13,15.38,0.15384615384615385
Hussain Talat,2,14,14.29,0.14285714285714285
HE Whelan,2,16,12.5,0.125
J Pashley,2,17,11.76,0.11764705882352941
M Prasidh Krishna,2,18,11.11,0.1111111111111111
SC Meaker,2,18,11.11,0.1111111111111111
Nasir Javed,2,20,10.0,0.1
HWR Cartwright,2,23,8.7,0.08695652173913043
GJ McCarter,1,1,100.0,1.0
G Onions,1,2,50.0,0.5
JW Wilson,1,2,50.0,0.5
LE Milliken,1,3,33.33,0.3333333333333333
Alawi Shukri,1,3,33.33,0.3333333333333333
G Fontenla,1,3,33.33,0.3333333333333333
Tharika Sewwandi,1,3,33.33,0.3333333333333333
Khaled Ahmed,1,4,25.0,0.25
Zakir Hasan,1,5,20.0,0.2
LC Romero,1,7,14.29,0.14285714285714285
EJB Miles,1,7,14.29,0.14285714285714285
Omid Shafi Rahman,1,7,14.29,0.14285714285714285
RR Ramdass,1,9,11.11,0.1111111111111111
NV Ojha,1,9,11.11,0.1111111111111111
K Mahato,1,10,10.0,0.1
W Mwayenga,1,11,9.09,0.09090909090909091
Jannatul Ferdus,1,13,7.69,0.07692307692307693
AD Janakanthymala,1,15,6.67,0.06666666666666667
CM Beggs,1,16,6.25,0.0625
Moniruzzaman,1,20,5.0,0.05
MT Herbert,1,22,4.55,0.045454545454545456
SD Udal,0,2,0.0,0.0
RA Rolfe,0,3,0.0,0.0
PHT Kaushal,0,1,0.0,0.0
D Foxcroft,0,1,0.0,0.0
Fazle Mahmud,0,9,0.0,0.0
V Buruka,0,8,0.0,0.0
Fariha Trisna,0,14,0.0,0.0
R Walters,0,6,0.0,0.0
DL Blake,0,2,0.0,0.0
F Hand,0,1,0.0,0.0
JS Ababu,0,9,0.0,0.0
TJ Bishop,0,6,0.0,0.0
AG Puttick,0,5,0.0,0.0
VCE Wattenberg,0,3,0.0,0.0
LM Hoitink,0,17,0.0,0.0
K Phillip,0,2,0.0,0.0
MF Fahey,0,7,0.0,0.0
AL Watkins,0,1,0.0,0.0
SI Galagedara,0,11,0.0,0.0
OC McCoy,0,1,0.0,0.0
GA Guy,0,4,0.0,0.0
APS Lakshika,0,4,0.0,0.0
Melanie Ani,0,2,0.0,0.0
Shahbaz Ahmed,0,4,0.0,0.0
Raza Hasan,0,3,0.0,0.0
A Chopra,0,8,0.0,0.0
SK Naidu,0,3,0.0,0.0
JA Whelan,0,2,0.0,0.0
JC Carroll,0,7,0.0,0.0
Sumaiya Akter,0,4,0.0,0.0
KL Tucker,0,4,0.0,0.0
Pooja Ganesh,0,9,0.0,0.0
CK Holder,0,3,0.0,0.0
S Lackay,0,2,0.0,0.0
Sufiyan Muqeem,0,1,0.0,0.0
Simandeep Singh,0,7,0.0,0.0
Shathira Jakir,0,2,0.0,0.0
Sultana Yesmin,0,1,0.0,0.0
C Sakariya,0,1,0.0,0.0
Shahriar Hossain,0,3,0.0,0.0
Salman Faris,0,2,0.0,0.0
Haseebullah Khan,0,2,0.0,0.0
Syeda Aroob Shah,0,1,0.0,0.0
