player_name,Total_Wickets,Total_Overs,Total_Runs,Wickets_Per_Over,Runs_Per_Wicket
Mohammad Yousuf,1,1,0,1.0,0.0
SIR Dunkley,1,4,1,0.25,1.0
DC Thomas,2,9,11,0.222,5.5
RK Singh,1,6,2,0.167,2.0
HE van der Dussen,1,6,3,0.167,3.0
SD Outerbridge,1,6,11,0.167,11.0
K Sonavale,2,15,4,0.133,2.0
JI Rodrigues,5,39,13,0.128,2.6
K Kamyuka,5,47,48,0.106,9.6
J Logtenberg,3,36,18,0.083,6.0
RL Haynes,2,24,34,0.083,17.0
TH David,1,12,20,0.083,20.0
Sufiyan Muqeem,4,49,53,0.082,13.25
DSK Madushanka,3,39,26,0.077,8.67
DJ Malan,1,15,17,0.067,17.0
NE Bolton,2,30,37,0.067,18.5
S Horley,9,136,80,0.066,8.89
IR Bell,6,92,89,0.065,14.83
KD Shah,7,110,79,0.064,11.29
C Viljoen,2,32,14,0.062,7.0
KR Sen,2,33,37,0.061,18.5
SC Kuggeleijn,5,87,62,0.057,12.4
CD de Lange,15,264,211,0.057,14.07
L Vincent,1,18,22,0.056,22.0
M du Preez,1,18,22,0.056,22.0
JL Ontong,1,18,24,0.056,24.0
S Laomi,16,295,176,0.054,11.0
S Sriram,3,56,43,0.054,14.33
MK Villiers,5,93,83,0.054,16.6
P Molkenboer,1,19,10,0.053,10.0
G Singh,6,113,97,0.053,16.17
G Malla,1,19,18,0.053,18.0
JA Clarkson,4,75,73,0.053,18.25
AH Maqsood,20,383,257,0.052,12.85
HRA Rainey,9,172,145,0.052,16.11
RTM Mendis,4,77,74,0.052,18.5
GH O'Brien,3,62,32,0.048,10.67
DM Kimmince,7,146,96,0.048,13.71
K Klein,17,351,266,0.048,15.65
TJ Heggelman,2,42,34,0.048,17.0
RD Chahar,3,62,58,0.048,19.33
RJ Trott,9,193,158,0.047,17.56
GT Main,33,695,609,0.047,18.45
OC McCoy,4,87,110,0.046,27.5
A Patel,3,66,73,0.045,24.33
BJ Currie,18,411,266,0.044,14.78
T Ruma,2,45,30,0.044,15.0
AS van Beuge,8,183,159,0.044,19.88
O Kamchomphu,15,349,162,0.043,10.8
S Tippoch,9,211,100,0.043,11.11
S Jimmy,17,394,230,0.043,13.53
Pargat Singh,5,116,84,0.043,16.8
Z James,13,304,235,0.043,18.08
Shaiman Anwar,5,117,136,0.043,27.2
SJ Tsukigawa,2,48,20,0.042,10.0
Shakeel Ahmed,17,402,193,0.042,11.35
Saeed Anwar,1,24,15,0.042,15.0
S Dhaniram,23,552,408,0.042,17.74
STR Binny,21,503,440,0.042,20.95
Ebadat Hossain,21,505,453,0.042,21.57
RR Sarwan,16,383,393,0.042,24.56
CM Edwards,2,48,51,0.042,25.5
A Balbirnie,1,24,31,0.042,31.0
S Mandhana,1,24,36,0.042,36.0
S Lamichhane,120,2942,2185,0.041,18.21
J Sumerauer,10,246,213,0.041,21.3
DJ Mitchell,13,315,293,0.041,22.54
JN Loftie-Eaton,22,542,498,0.041,22.64
SSB Magala,15,362,384,0.041,25.6
SA Fritz,5,125,38,0.04,7.6
IJR Zwilling,29,722,415,0.04,14.31
P Maya,9,226,165,0.04,18.33
Z Groenewald,6,151,110,0.04,18.33
DS Bajwa,1,25,27,0.04,27.0
AA Paradkar,9,224,245,0.04,27.22
T Putthawong,18,462,230,0.039,12.78
C Sakariya,2,51,34,0.039,17.0
OEG Baartman,6,154,103,0.039,17.17
HHC Gunaratne,8,205,169,0.039,21.12
Imran Farhat,2,51,44,0.039,22.0
Mohammad Wasim,36,927,858,0.039,23.83
DLS van Bunge,6,154,181,0.039,30.17
S Molineux,23,613,339,0.038,14.74
A Ndiraya,1,26,16,0.038,16.0
J Overton,1,26,17,0.038,17.0
JL Jonassen,136,3541,2375,0.038,17.46
Tareq Aziz,2,53,35,0.038,17.5
W Sutherland,2,53,35,0.038,17.5
Wasim Akram,12,314,216,0.038,18.0
SK Dolawatte,3,78,56,0.038,18.67
A Athanaze,1,26,19,0.038,19.0
Akhil Kumar,4,106,84,0.038,21.0
MMA Jonkman,1,26,21,0.038,21.0
Arshdeep Singh,14,365,296,0.038,21.14
Mominul Haque,6,157,137,0.038,22.83
Khaled Ahmed,3,80,72,0.038,24.0
AJ Tye,15,400,396,0.038,26.4
LC Romero,1,26,52,0.038,52.0
K Fraser,9,245,145,0.037,16.11
S Bhari,15,402,246,0.037,16.4
P Siaka,5,136,83,0.037,16.6
BJ McMullen,39,1048,724,0.037,18.56
TBM de Leede,18,484,413,0.037,22.94
M Prasidh Krishna,30,819,756,0.037,25.2
Haris Rauf,79,2113,2029,0.037,25.68
Waqar Younis,7,189,181,0.037,25.86
Soumya Sarkar,20,543,545,0.037,27.25
NA de Groot,3,81,88,0.037,29.33
MK Tiwary,5,136,150,0.037,30.0
Pratika Rawal,2,54,63,0.037,31.5
SM Benade,4,111,43,0.036,10.75
R Rijke,6,167,110,0.036,18.33
Nestor Dhamba,11,308,210,0.036,19.09
JF Kloppenburg,7,192,138,0.036,19.71
KE Ebrahim,4,110,83,0.036,20.75
SW Tait,66,1833,1533,0.036,23.23
AE Smith,4,115,51,0.035,12.75
B Siddharth,2,57,26,0.035,13.0
KE Bryce,6,173,101,0.035,16.83
J Nkomo,25,714,431,0.035,17.24
LM Kasperek,57,1622,1091,0.035,19.14
NR Kirton,4,114,77,0.035,19.25
SL Quintyne,9,260,176,0.035,19.56
A Flintoff,132,3784,2682,0.035,20.32
DJS Dottin,53,1496,1209,0.035,22.81
WW Hinds,22,626,515,0.035,23.41
F Overdijk,11,318,262,0.035,23.82
Karan KC,81,2323,1972,0.035,24.35
MJ Henry,155,4452,3810,0.035,24.58
OA Shah,7,199,184,0.035,26.29
J Jarvis,7,202,192,0.035,27.43
Jubair Hossain,4,115,115,0.035,28.75
AB de Villiers,7,201,205,0.035,29.29
CL White,11,318,331,0.035,30.09
A Gardner,103,3018,2068,0.034,20.08
V Araa,11,322,221,0.034,20.09
JJ Smit,39,1134,794,0.034,20.36
HC Knight,48,1392,1020,0.034,21.25
LL Tsotsobe,102,2988,2360,0.034,23.14
JH Davey,26,769,618,0.034,23.77
MJ Guptill,4,116,100,0.034,25.0
PWH de Silva,85,2482,2164,0.034,25.46
AR Cusack,34,1009,866,0.034,25.47
S Gajnabi,5,148,130,0.034,26.0
AR Adams,28,834,730,0.034,26.07
KW Richardson,45,1338,1251,0.034,27.8
N Pooran,6,178,174,0.034,29.0
IECM Wong,4,118,122,0.034,30.5
Wasim Ali,1,29,31,0.034,31.0
Umran Malik,13,381,408,0.034,31.38
Mohammad Aadil Alam,9,272,166,0.033,18.44
Ehsanul Haque,2,61,37,0.033,18.5
PA Desai,6,181,115,0.033,19.17
S Ismail,142,4242,2821,0.033,19.87
Kaleem Sana,27,813,561,0.033,20.78
JM Kerr,55,1662,1194,0.033,21.71
NW Bracken,168,5095,3792,0.033,22.57
A Neill,15,448,345,0.033,23.0
Q Joseph,16,480,380,0.033,23.75
KIC Asalanka,16,486,388,0.033,24.25
GF Linde,3,91,73,0.033,24.33
K Bhurtel,12,361,292,0.033,24.33
DW Steyn,212,6388,5202,0.033,24.54
Zahoor Khan,95,2888,2407,0.033,25.34
Kuldeep Yadav,173,5236,4400,0.033,25.43
JDF Vandersay,40,1206,1091,0.033,27.28
Fatima Sana,59,1772,1626,0.033,27.56
KC Hodsoll,1,30,28,0.033,28.0
Zafar Gohar,2,61,56,0.033,28.0
WD Parnell,110,3340,3090,0.033,28.09
Ali Naseer,23,701,667,0.033,29.0
EJB Miles,4,120,117,0.033,29.25
S Sreesanth,81,2481,2388,0.033,29.48
Hasan Mahmud,29,886,873,0.033,30.1
Kabir Ali,21,640,648,0.033,30.86
TT Samaraweera,1,30,33,0.033,33.0
RW Staple,2,61,78,0.033,39.0
SE Aley,2,63,29,0.032,14.5
GM Harris,8,249,144,0.032,18.0
C Abel,5,156,96,0.032,19.2
AM Peterson,19,593,371,0.032,19.53
JM Willathgamuwa,3,94,63,0.032,21.0
AG Wharf,18,562,403,0.032,22.39
N Niranjana,15,476,340,0.032,22.67
R Trumpelmann,56,1773,1324,0.032,23.64
S Luus,84,2630,2006,0.032,23.88
H Durham,2,62,48,0.032,24.0
Imran Tahir,180,5556,4325,0.032,24.03
Shorna Akter,7,216,171,0.032,24.43
MG Johnson,243,7537,5977,0.032,24.6
CW Perchard,7,216,174,0.032,24.86
UDU Chandana,38,1194,978,0.032,25.74
HK Badani,2,63,53,0.032,26.5
S Siegers,9,283,243,0.032,27.0
GA Rogers,5,154,138,0.032,27.6
DJ Bravo,193,6052,5330,0.032,27.62
SL Malinga,343,10803,9518,0.032,27.75
A Codrington,6,187,169,0.032,28.17
Shoriful Islam,46,1445,1379,0.032,29.98
KK Ahmed,14,435,423,0.032,30.21
RA Lewis,1,31,31,0.032,31.0
Gulsan Jha,30,951,937,0.032,31.23
Shariz Ahmad,19,595,596,0.032,31.37
E Otieno,15,463,479,0.032,31.93
O Thomas,30,931,998,0.032,33.27
Raza Hasan,2,62,68,0.032,34.0
JG Bethell,4,124,145,0.032,36.25
CR Seneviratna,12,392,234,0.031,19.5
M van Jaarsveld,1,32,20,0.031,20.0
Simi Singh,30,958,615,0.031,20.5
DNT Zoysa,23,750,560,0.031,24.35
T Muzarabani,8,256,195,0.031,24.38
RM Haq,27,871,673,0.031,24.93
FL Mackay,19,614,475,0.031,25.0
N de Klerk,53,1702,1362,0.031,25.7
S Thuraisingam,6,191,162,0.031,27.0
R Rampaul,115,3703,3136,0.031,27.27
Sompal Kami,79,2511,2168,0.031,27.44
JB Reva,6,192,165,0.031,27.5
TL Best,36,1175,994,0.031,27.61
IK Pathan,156,5050,4419,0.031,28.33
A Nehra,115,3745,3363,0.031,29.24
KP Meiyappan,38,1228,1123,0.031,29.55
Tanzim Hasan Sakib,14,445,417,0.031,29.79
BM Halliday,7,223,209,0.031,29.86
SI Mahmood,38,1238,1145,0.031,30.13
B Shikongo,25,796,755,0.031,30.2
B Evans,17,542,525,0.031,30.88
UT Yadav,116,3701,3659,0.031,31.54
JD Ryder,11,359,357,0.031,32.45
LN Rajbanshi,42,1388,893,0.03,21.26
AR Caddick,18,604,389,0.03,21.61
AD Janakanthymala,2,67,47,0.03,23.5
ASS Fletcher,61,2041,1526,0.03,25.02
AR White,10,328,253,0.03,25.3
LMM Tahuhu,98,3276,2511,0.03,25.62
S Nisansala,8,269,209,0.03,26.12
MF Maharoof,118,3911,3113,0.03,26.38
JM Davison,19,630,513,0.03,27.0
Junaid Siddique,77,2575,2137,0.03,27.75
KAJ Roach,132,4472,3775,0.03,28.6
JF Mooney,37,1242,1119,0.03,30.24
AD Russell,72,2362,2235,0.03,31.04
AL Phehlukwayo,96,3189,3003,0.03,31.28
NR Kumar,2,67,67,0.03,33.5
Z Mali,4,139,81,0.029,20.25
G Fontenla,3,102,65,0.029,21.67
A Martin,13,447,300,0.029,23.08
EN Lynch,15,510,355,0.029,23.67
A Khaka,129,4389,3067,0.029,23.78
RK Paudel,10,346,238,0.029,23.8
Fariha Trisna,6,208,144,0.029,24.0
D Gough,58,2004,1504,0.029,25.93
A Mohammed,58,2015,1533,0.029,26.43
Washington Sundar,23,807,631,0.029,27.43
AA Alleyne,30,1021,834,0.029,27.8
MA Leask,64,2184,1789,0.029,27.95
P Roy,1,34,28,0.029,28.0
SM Sharif,89,3099,2497,0.029,28.06
MM Patel,93,3188,2614,0.029,28.11
SI Kamea,28,950,797,0.029,28.46
GR Codrington,9,307,267,0.029,29.67
I Wardlaw,18,622,596,0.029,33.11
Usama Mir,15,521,507,0.029,33.8
JA Turner,2,70,70,0.029,35.0
Mohammad Hasnain,20,695,705,0.029,35.25
Afif Hossain,3,105,108,0.029,36.0
G Toka,3,102,111,0.029,37.0
H Hiri,3,103,114,0.029,38.0
NG Smith,6,208,230,0.029,38.33
Iram Javed,1,34,41,0.029,41.0
AM Samad,2,69,93,0.029,46.5
N Boochatham,10,356,165,0.028,16.5
C Sutthiruang,7,246,149,0.028,21.29
Sadia Iqbal,31,1105,671,0.028,21.65
AM Bacher,3,108,66,0.028,22.0
M Kapp,133,4729,3154,0.028,23.71
TK Patel,5,176,120,0.028,24.0
SP Narine,99,3554,2445,0.028,24.7
CM McBride,4,145,102,0.028,25.5
TM Odoyo,45,1635,1172,0.028,26.04
JN Frylinck,36,1298,938,0.028,26.06
I Toua,11,395,288,0.028,26.18
CA Soper,67,2380,1774,0.028,26.48
A Capsey,8,289,218,0.028,27.25
HM Rowe,58,2075,1603,0.028,27.64
AJ Hosein,60,2132,1709,0.028,28.48
DT Christian,21,739,605,0.028,28.81
Mahedi Hasan,15,534,441,0.028,29.4
SR Watson,162,5690,4780,0.028,29.51
M Klaas,77,2771,2277,0.028,29.57
RP Singh,80,2817,2487,0.028,31.09
HDRL Thirimanne,3,107,94,0.028,31.33
T Mupariwa,39,1417,1225,0.028,31.41
DPMD Jayawardene,2,72,63,0.028,31.5
MDK Perera,13,466,413,0.028,31.77
W O'Rourke,8,287,258,0.028,32.25
TT Bresnan,120,4300,3879,0.028,32.33
LV van Beek,50,1759,1619,0.028,32.38
RN ten Doeschate,20,711,654,0.028,32.7
L Balaji,28,1005,928,0.028,33.14
SR Thompson,10,357,333,0.028,33.3
T Maruma,6,217,204,0.028,34.0
TK Curran,38,1340,1315,0.028,34.61
AAP Atkinson,11,399,395,0.028,35.91
JDS Neesham,71,2512,2573,0.028,36.24
Khushdil Shah,3,109,122,0.028,40.67
PKD Chase,19,668,776,0.028,40.84
V Krishnamurthy,3,113,58,0.027,19.33
BM Scholtz,70,2619,1479,0.027,21.13
NJ Carey,20,754,511,0.027,25.55
Rumana Ahmed,26,951,669,0.027,25.73
IDR Bradshaw,69,2537,1777,0.027,25.75
AC Botha,16,597,424,0.027,26.5
HK Matthews,83,3025,2210,0.027,26.63
Nashra Sandhu,87,3282,2413,0.027,27.74
KS Lokuarachchi,18,666,503,0.027,27.94
AE Satterthwaite,29,1060,839,0.027,28.93
PT Collins,12,442,354,0.027,29.5
Nizakat Khan,3,110,89,0.027,29.67
WB Rankin,67,2489,1996,0.027,29.79
CN Ackermann,15,553,448,0.027,29.87
RJ Peterson,76,2798,2280,0.027,30.0
EL Lamb,3,110,96,0.027,32.0
SG Whittingham,6,226,192,0.027,32.0
AB Kaur,6,226,197,0.027,32.83
Javeria Khan,8,299,271,0.027,33.88
SPD Smith,29,1081,985,0.027,33.97
KA Pollard,59,2226,2086,0.027,35.36
CR Brathwaite,46,1725,1647,0.027,35.8
EJ Villani,6,222,216,0.027,36.0
CJ Jordan,47,1728,1708,0.027,36.34
Vikramjit Singh,7,257,261,0.027,37.29
SF Mire,11,408,420,0.027,38.18
Tanvir Ahmed,1,37,45,0.027,45.0
D Parashar,5,192,93,0.026,18.6
LA Marsh,53,2048,1414,0.026,26.68
MG Erasmus,34,1286,921,0.026,27.09
TG Norris,7,268,191,0.026,27.29
EA Perry,83,3198,2352,0.026,28.34
DT Johnston,39,1508,1133,0.026,29.05
PJ Ongondo,34,1313,995,0.026,29.26
M Dillon,25,980,737,0.026,29.48
AD Mathews,137,5205,4068,0.026,29.69
AC Kerr,97,3719,2891,0.026,29.8
O Chare,3,116,91,0.026,30.33
ST Jayasuriya,105,4004,3194,0.026,30.42
Sohag Gazi,24,939,736,0.026,30.67
R Ashwin,166,6358,5228,0.026,31.49
DN Wyatt,14,537,447,0.026,31.93
MS Dhoni,1,38,32,0.026,32.0
Mudassar Bukhari,16,606,515,0.026,32.19
M van Lingen,2,76,65,0.026,32.5
S Randiv,38,1447,1240,0.026,32.63
Mashrafe Mortaza,227,8756,7441,0.026,32.78
SO Tikolo,28,1089,919,0.026,32.82
DN Wellalage,27,1040,909,0.026,33.67
SMA Priyanjan,7,270,236,0.026,33.71
MKDI Amerasinghe,10,391,339,0.026,33.9
JA Morkel,50,1900,1736,0.026,34.72
JO Holder,162,6205,5712,0.026,35.26
M Vijay,1,38,38,0.026,38.0
SE Rutherford,3,115,161,0.026,53.67
AI Chudasama,10,405,250,0.025,25.0
D Hazell,34,1375,904,0.025,26.59
V Sukumaran,3,122,83,0.025,27.67
H Thaker,22,882,617,0.025,28.05
WPUJC Vaas,118,4806,3317,0.025,28.11
FR Davies,11,439,316,0.025,28.73
Kashif Daud,17,676,495,0.025,29.12
SS Weerakkody,28,1122,826,0.025,29.5
Rohan Mustafa,87,3508,2654,0.025,30.51
Syed Rasel,53,2095,1634,0.025,30.83
SMSM Senanayake,60,2384,1892,0.025,31.53
S Rana,26,1030,820,0.025,31.54
CH Gayle,112,4517,3569,0.025,31.87
TS Chisoro,12,488,383,0.025,31.92
Umaima Sohail,18,711,584,0.025,32.44
Mehedi Hasan Miraz,107,4240,3511,0.025,32.81
B Muzarabani,54,2131,1794,0.025,33.22
MJ Clarke,56,2264,1868,0.025,33.36
N Vanua,56,2223,1880,0.025,33.57
L Klusener,12,476,403,0.025,33.58
J Kila,6,239,203,0.025,33.83
O Prendergast,18,733,616,0.025,34.22
PP Chawla,33,1330,1131,0.025,34.27
RK Kleinveldt,12,481,415,0.025,34.58
Yuvraj Singh,99,4028,3438,0.025,34.73
D Joseph,5,202,174,0.025,34.8
Mohammad Nawaz (3),17,690,595,0.025,35.0
RML Taylor,11,437,386,0.025,35.09
MC Henriques,10,408,354,0.025,35.4
MR Marsh,57,2257,2047,0.025,35.91
HH Pandya,81,3218,2919,0.025,36.04
P Vastrakar,29,1155,1049,0.025,36.17
KJ O'Brien,60,2392,2221,0.025,37.02
C Green,21,841,788,0.025,37.52
LM Jongwe,28,1126,1083,0.025,38.68
HDRS Silva,2,80,83,0.025,41.5
KO Meth,10,400,416,0.025,41.6
Javeria Rauf,1,40,47,0.025,47.0
TD Smartt,12,508,319,0.024,26.58
Aayan Afzal Khan,43,1801,1202,0.024,27.95
DS Airee,46,1919,1287,0.024,27.98
SSD Arachchige,1,42,28,0.024,28.0
SD Udal,1,42,29,0.024,29.0
SW Currie,3,126,87,0.024,29.0
A Mazvishaya,12,491,350,0.024,29.17
Kushal Malla,26,1068,766,0.024,29.46
MD Dai,13,545,387,0.024,29.77
Saad Bin Zafar,25,1063,760,0.024,30.4
PP Ojha,21,882,660,0.024,31.43
AR Patel,67,2804,2117,0.024,31.6
I Ranaweera,62,2569,1975,0.024,31.85
Saqlain Mushtaq,4,166,132,0.024,33.0
CA Henry,33,1354,1105,0.024,33.48
Abdul Razzaq,110,4518,3694,0.024,33.58
LHD Dilhara,3,126,101,0.024,33.67
TS Roland-Jones,1,42,34,0.024,34.0
PA de Silva,14,572,487,0.024,34.79
M Kartik,30,1227,1048,0.024,34.93
KM Jadhav,28,1173,1005,0.024,35.89
JP Behrendorff,16,656,581,0.024,36.31
DJ Hussey,19,791,694,0.024,36.53
Avesh Khan,9,371,330,0.024,36.67
SKW Kelly,2,84,74,0.024,37.0
YK Pathan,37,1517,1379,0.024,37.27
AC Jayangani,34,1421,1295,0.024,38.09
AJ Ireland,16,674,612,0.024,38.25
K Mahato,2,85,77,0.024,38.5
PLS Gamage,10,418,397,0.024,39.7
AC Voges,6,247,240,0.024,40.0
GD Phillips,13,547,541,0.024,41.62
I Udana,22,908,928,0.024,42.18
AT Rayudu,3,124,128,0.024,42.67
Muhammad Jawadullah,7,288,316,0.024,45.14
JI de Villiers,3,126,140,0.024,46.67
RR Hendricks,1,42,47,0.024,47.0
M Labuschagne,6,254,284,0.024,47.33
HJ Thomas,9,392,246,0.023,27.33
R Ntozakhe,21,912,582,0.023,27.71
L Lee,2,86,56,0.023,28.0
A Vala,47,2017,1320,0.023,28.09
G Sultana,12,518,338,0.023,28.17
U Bhatti,12,516,350,0.023,29.17
AJ Turner,2,86,60,0.023,30.0
AF Giles,38,1628,1144,0.023,30.11
WK McCallan,14,612,425,0.023,30.36
BCJ Cutting,5,220,160,0.023,32.0
TS Sekhukhune,27,1150,875,0.023,32.41
JR Hopes,73,3132,2414,0.023,33.07
MS Panesar,30,1314,1000,0.023,33.33
LPC Silva,1,44,34,0.023,34.0
H Deol,2,87,69,0.023,34.5
PA Chatterji,8,351,284,0.023,35.5
DR Smith,53,2257,1888,0.023,35.62
PD Collingwood,96,4250,3444,0.023,35.88
V Sehwag,58,2475,2083,0.023,35.91
RC Irani,8,355,288,0.023,36.0
A Nao,20,871,724,0.023,36.2
Jatinder Singh,1,43,37,0.023,37.0
Asmavia Iqbal,27,1165,1019,0.023,37.74
SZ Thakor,10,442,378,0.023,37.8
JM Vince,1,43,38,0.023,38.0
Shafali Verma,2,87,76,0.023,38.0
MA Aponso,10,431,381,0.023,38.1
MD Shanaka,22,938,844,0.023,38.36
AM Hardie,7,301,269,0.023,38.43
G Kodali,7,306,275,0.023,39.29
E Chigumbura,88,3753,3551,0.023,40.35
RP Arnold,8,352,326,0.023,40.75
Agha Salman,15,662,622,0.023,41.47
MP Stoinis,48,2073,2067,0.023,43.06
AB Dinda,14,613,618,0.023,44.14
LP van Troost,1,43,82,0.023,82.0
Tushar Imran,2,90,59,0.022,29.5
P Marange,10,457,307,0.022,30.7
GM Ewing,6,273,186,0.022,31.0
GP Tom,4,184,127,0.022,31.75
TB Sole,9,412,291,0.022,32.33
SFM Devine,55,2489,1914,0.022,34.8
GB Brent,25,1140,900,0.022,36.0
S Matsikenyeri,15,687,563,0.022,37.53
RS Bopara,41,1858,1546,0.022,37.71
J Patraj,2,92,76,0.022,38.0
BMAJ Mendis,31,1394,1199,0.022,38.68
SC Ganguly,22,1015,864,0.022,39.27
CS Fraser,9,409,358,0.022,39.78
TM Head,25,1117,1062,0.022,42.48
MM Lanning,1,45,44,0.022,44.0
RR Rossouw,1,46,44,0.022,44.0
B Ward,4,183,186,0.022,46.5
PM Liyanagamage,5,229,271,0.022,54.2
RL Bhudia,1,48,23,0.021,23.0
H Graham,1,48,30,0.021,30.0
SA Campbelle,4,195,130,0.021,32.5
L Tshuma,10,466,328,0.021,32.8
DEM Carter,8,380,268,0.021,33.5
V Buruka,3,143,106,0.021,35.33
Nida Dar,62,2917,2224,0.021,35.87
CL Tryon,40,1914,1445,0.021,36.12
J Botha,77,3673,2839,0.021,36.87
Saud Shakeel,1,47,37,0.021,37.0
NB Mahwire,8,389,297,0.021,37.12
S Bau,13,613,492,0.021,37.85
Mohammad Nawaz,21,982,843,0.021,40.14
E Schiferli,8,388,331,0.021,41.38
T Kamungozi,12,580,500,0.021,41.67
JP Duminy,74,3460,3094,0.021,41.81
KM Dabengwa,15,715,647,0.021,43.13
SS Pathirana,16,776,724,0.021,45.25
Haris Sohail,13,613,593,0.021,45.62
WG Jacks,5,240,229,0.021,45.8
CJ Chibhabha,30,1417,1379,0.021,45.97
K Birkenstock,5,236,230,0.021,46.0
GH Lewis,8,390,373,0.021,46.62
TL Chivanga,4,189,187,0.021,46.75
RK Whelan,2,95,105,0.021,52.5
DR Brown,3,140,163,0.021,54.33
RP Lefebvre,4,199,126,0.02,31.5
C de Lange,12,611,416,0.02,34.67
R Slater,1,51,35,0.02,35.0
D Langford-Smith,10,489,362,0.02,36.2
D Elgar,2,98,74,0.02,37.0
LE Milliken,1,49,37,0.02,37.0
GC Tonge,6,307,229,0.02,38.17
Diana Baig,43,2121,1683,0.02,39.14
CJA Amini,33,1620,1298,0.02,39.33
R Klein,12,615,496,0.02,41.33
RD Berrington,15,762,647,0.02,43.13
NJ Astle,8,404,346,0.02,43.25
Mahmudullah,83,4086,3605,0.02,43.43
SK Raina,42,2147,1832,0.02,43.62
J Mubarak,1,51,44,0.02,44.0
AC Agar,22,1107,970,0.02,44.09
GJ Maxwell,78,3812,3441,0.02,44.12
Mukesh Kumar,5,249,221,0.02,44.2
MM Ali,119,5935,5303,0.02,44.56
F Hand,1,49,45,0.02,45.0
AC Cummins,4,203,181,0.02,45.25
AR Nurse,44,2187,2009,0.02,45.66
SR Tendulkar,31,1545,1420,0.02,45.81
KP Pietersen,8,403,368,0.02,46.0
MD Gunathilaka,8,405,375,0.02,46.88
K Gowtham,1,50,51,0.02,51.0
H Karunaratne,2,101,103,0.02,51.5
SA Millanta,3,153,164,0.02,54.67
Marina Iqbal,1,49,62,0.02,62.0
Qanita Jalil,6,323,171,0.019,28.5
Mohammad Hafeez,142,7303,5081,0.019,35.78
HN Ya France,14,726,556,0.019,39.71
CG Williams,5,264,201,0.019,40.2
HASD Siriwardene,32,1695,1341,0.019,41.91
Nahid Rana,2,104,86,0.019,43.0
Shahbaz Ahmed,3,156,129,0.019,43.0
TM Dilshan,97,5141,4197,0.019,43.27
MO Odumbe,7,364,307,0.019,43.86
SW Bates,25,1326,1098,0.019,43.92
MM Penfold,10,540,447,0.019,44.7
TLW Cooper,6,315,282,0.019,47.0
G Onions,4,215,189,0.019,47.25
E Mbofana,5,269,250,0.019,50.0
TS Nethula,5,268,250,0.019,50.0
H Patel,2,107,102,0.019,51.0
T Granger,2,108,112,0.019,56.0
JW Wilson,1,54,68,0.019,68.0
SG Borthwick,1,54,72,0.019,72.0
ID Blackwell,15,846,567,0.018,37.8
D Soraine,1,55,38,0.018,38.0
Sania Khan,2,111,76,0.018,38.0
Bismah Maroof,12,666,498,0.018,41.5
KDU Prabodhani,27,1485,1130,0.018,41.85
JN Mohammed,8,442,342,0.018,42.75
Nasum Ahmed,14,778,613,0.018,43.79
Imad Wasim,44,2388,1936,0.018,44.0
D Bishoo,38,2056,1675,0.018,44.08
DJG Sammy,87,4891,3842,0.018,44.16
MN Samuels,66,3692,2952,0.018,44.73
NE Farrant,4,218,179,0.018,44.75
N Mlaba,24,1365,1083,0.018,45.12
SF Daley,9,507,411,0.018,45.67
WP Masakadza,22,1200,1030,0.018,46.82
PR Stirling,26,1485,1227,0.018,47.19
BMSM Kumari,18,1024,872,0.018,48.44
RG Sharma,11,614,538,0.018,48.91
JL Pattinson,13,705,652,0.018,50.15
K Phillip,3,171,159,0.018,53.0
H Masakadza,22,1249,1174,0.018,53.36
CT Mutombodzi,5,282,271,0.018,54.2
Zahid Mahmood,4,218,221,0.018,55.25
MW Machan,4,226,223,0.018,55.75
DO Leicher,1,57,56,0.018,56.0
C Prathyusha,1,56,60,0.018,60.0
TJ Friend,1,57,69,0.018,69.0
S Dhakal,4,229,149,0.017,37.25
TMM Newton,6,354,251,0.017,41.83
FC Jonas,18,1077,820,0.017,45.56
JWM Dalrymple,15,868,686,0.017,45.73
MP Vaughan,9,522,429,0.017,47.67
AJ Finch,5,287,259,0.017,51.8
S Prasanna,33,1936,1742,0.017,52.79
SC Meaker,2,117,113,0.017,56.5
Ehsan Adil,4,229,229,0.017,57.25
F Behardien,12,716,694,0.017,57.83
GJ Delany,6,351,374,0.017,62.33
Bilawal Bhatti,7,420,448,0.017,64.0
Ahmed Shehzad,2,116,140,0.017,70.0
A van der Merwe,2,126,79,0.016,39.5
RT Lyons,1,62,41,0.016,41.0
EC Rainsford,17,1070,805,0.016,47.35
D Ravu,10,608,503,0.016,50.3
CP Rizwan,1,61,51,0.016,51.0
MH Yardy,20,1289,1052,0.016,52.6
LJ Wright,17,1050,910,0.016,53.53
C Munro,9,563,483,0.016,53.67
MN Waller,9,580,497,0.016,55.22
Mosaddek Hossain,16,1016,904,0.016,56.5
IJL Trott,3,185,174,0.016,58.0
MEK Hussey,4,249,237,0.016,59.25
ML Nkala,5,311,315,0.016,63.0
A Ashok,1,61,65,0.016,65.0
Kainat Imtiaz,7,451,465,0.016,66.43
IH Romaine,1,64,75,0.016,75.0
S Immadi,4,272,156,0.015,39.0
KHRK Fernando,1,68,41,0.015,41.0
A Sharma,4,273,183,0.015,45.75
Joginder Sharma,1,68,50,0.015,50.0
MT Chinouya,1,68,50,0.015,50.0
BJ Hodge,1,66,51,0.015,51.0
L Siaka,3,202,153,0.015,51.0
Azhar Mahmood,6,407,324,0.015,54.0
NE Bonner,1,67,56,0.015,56.0
Aliya Riaz,13,894,806,0.015,62.0
Azhar Ali,4,264,262,0.015,65.5
BRM Taylor,4,262,279,0.015,69.75
HR Johnson,1,67,70,0.015,70.0
BA Langston,2,138,70,0.014,35.0
HDPK Dharmasena,6,425,277,0.014,46.17
P Khadka,4,279,194,0.014,48.5
CJ Metcalfe,5,358,268,0.014,53.6
Faisal Hossain,1,73,54,0.014,54.0
R MacDonald-Gay,1,69,55,0.014,55.0
IM Vaghela,4,280,221,0.014,55.25
MR Swart,2,144,116,0.014,58.0
D Gamage,1,70,59,0.014,59.0
Nazmul Hossain Shanto,1,72,59,0.014,59.0
KE Broadmore,1,74,61,0.014,61.0
Shoaib Khan,2,146,131,0.014,65.5
V Sibanda,4,276,267,0.014,66.75
I van der Woning,2,142,140,0.014,70.0
RS Gavaskar,1,73,74,0.014,74.0
HT Tector,2,148,149,0.014,74.5
W Mwayenga,1,74,86,0.014,86.0
CK Hooper,1,72,89,0.014,89.0
SM Kavanagh,1,74,92,0.014,92.0
Zulfiqar Babar,4,297,247,0.013,61.75
Lata Mondal,2,159,129,0.013,64.5
N Shangase,6,467,404,0.013,67.33
B Fernando,2,159,140,0.013,70.0
L Cheatle,2,154,142,0.013,71.0
ME Trescothick,2,155,149,0.013,74.5
MG Neser,3,224,239,0.013,79.67
CS Terblanche,1,81,35,0.012,35.0
RD Steede,1,84,54,0.012,54.0
J Yadav,1,86,61,0.012,61.0
CA Reid,1,81,64,0.012,64.0
BR Dorey,2,169,147,0.012,73.5
PW Borren,6,494,442,0.012,73.67
JS Ababu,1,81,75,0.012,75.0
HL Baker,1,82,78,0.012,78.0
VS Solanki,1,84,80,0.012,80.0
R Malhotra,1,85,82,0.012,82.0
R Powell,3,256,261,0.012,87.0
JP Greaves,1,86,95,0.012,95.0
Qaiser Ali,1,89,55,0.011,55.0
H Carlyon,2,183,141,0.011,70.5
AK Peters,1,88,72,0.011,72.0
S Nitschke,1,93,73,0.011,73.0
NND de Silva,3,270,228,0.011,76.0
DR Martyn,1,90,78,0.011,78.0
SHT Kandamby,2,177,175,0.011,87.5
O Bell,3,288,164,0.01,54.67
Aarif Sheikh,8,762,589,0.01,73.62
Shaila Sharmin,1,97,79,0.01,79.0
CS MacLeod,8,774,635,0.01,79.38
D Devnarain,1,97,91,0.01,91.0
N Deonarine,4,399,368,0.01,92.0
Aftab Ahmed,4,411,379,0.01,94.75
F du Plessis,2,197,191,0.01,95.5
V Kohli,7,671,681,0.01,97.29
JL Denly,1,104,101,0.01,101.0
TJG Pringle,2,200,222,0.01,111.0
Sabbir Rahman,3,289,337,0.01,112.33
N M'shangwe,2,219,165,0.009,82.5
PRCS Kumarihami,3,347,255,0.009,85.0
SP de Alwis,1,110,93,0.009,93.0
KH Pandya,2,234,224,0.009,112.0
RN Bhatia,3,348,337,0.009,112.33
MJ Humphreys,1,109,113,0.009,113.0
Raza-ur-Rehman,1,113,114,0.009,114.0
Hasibul Hossain,1,107,121,0.009,121.0
BB Seebaran,1,108,132,0.009,132.0
M Levitt,1,120,83,0.008,83.0
N Dutta,2,236,177,0.008,88.5
Waheed Ahmed,1,125,94,0.008,94.0
MP O'Dowd,1,127,129,0.008,129.0
PRP Boissevain,1,133,192,0.008,192.0
SACA King,2,286,204,0.007,102.0
DE Budge,1,153,112,0.007,112.0
Fakhar Zaman,1,135,112,0.007,112.0
CK Kapugedera,2,271,226,0.007,113.0
Mosharraf Hossain,1,153,124,0.007,124.0
Shahid Ahmadzai,1,169,94,0.006,94.0
KJ Coetzer,1,169,132,0.006,132.0
A Bosch,1,159,134,0.006,134.0
MW Short,1,167,162,0.006,162.0
Yasir Arafat,2,355,327,0.006,163.5
LMP Simmons,1,163,172,0.006,172.0
PJC Hoffmann,1,196,177,0.005,177.0
TCB Fernando,1,220,182,0.005,182.0
Younis Khan,1,222,217,0.005,217.0
A Johnson,0,24,14,0.0,
A Munisar,0,7,9,0.0,
A Shamshudeen,0,18,24,0.0,
ADJ Pitcher,0,38,38,0.0,
ADS Fletcher,0,28,26,0.0,
AG Prince,0,12,3,0.0,
AJ Strauss,0,6,3,0.0,
AK Perera,0,36,33,0.0,
AL Kandappah,0,1,4,0.0,
AL Watkins,0,13,21,0.0,
AM McCarthy,0,12,10,0.0,
AM Tribe,0,13,20,0.0,
AN Petersen,0,9,7,0.0,
AT Nidamanuru,0,6,8,0.0,
Asad Shafiq,0,12,18,0.0,
Asif Ali,0,5,9,0.0,
Ayesha Zafar,0,27,18,0.0,
B Sai Sudharsan,0,4,8,0.0,
B Sharki,0,6,8,0.0,
BJ Bennett,0,12,27,0.0,
BJ Patel,0,18,21,0.0,
BKG Mendis,0,20,28,0.0,
BOP Fernando,0,12,16,0.0,
BP Kruger,0,21,23,0.0,
BP Nash,0,30,33,0.0,
Babar Hayat,0,6,9,0.0,
C Brits,0,9,5,0.0,
C Hemraj,0,7,9,0.0,
C Zhuwao,0,19,21,0.0,
CA Ingram,0,6,17,0.0,
CK Holder,0,20,26,0.0,
CKB Kulasekara,0,79,82,0.0,
CN Nation,0,6,9,0.0,
CNIM Joyce,0,19,31,0.0,
CP Jack,0,24,21,0.0,
D Khanal,0,18,20,0.0,
D Lakshan,0,12,12,0.0,
D la Cock,0,12,9,0.0,
DA Warner,0,6,8,0.0,
DD Ebrahim,0,2,5,0.0,
DG Blampied,0,79,78,0.0,
DI Allan,0,18,13,0.0,
DJM Short,0,90,117,0.0,
DL Blake,0,6,8,0.0,
DR Mousley,0,13,17,0.0,
DS Smith,0,18,17,0.0,
FDM Karunaratne,0,16,18,0.0,
Fayyaz Ahmed,0,102,69,0.0,
Fazle Mahmud,0,20,16,0.0,
G Chapple,0,24,14,0.0,
G Gambhir,0,8,13,0.0,
GA Guy,0,19,20,0.0,
GH Worker,0,6,5,0.0,
GJ McCarter,0,48,38,0.0,
GM Strydom,0,30,24,0.0,
H Klaasen,0,30,33,0.0,
H Madavi,0,25,33,0.0,
H Shah,0,60,55,0.0,
HE Whelan,0,42,25,0.0,
HM Watson,0,43,25,0.0,
HMD Rasangika,0,12,20,0.0,
Hannan Sarkar,0,3,13,0.0,
Hussain Talat,0,13,17,0.0,
I Kaia,0,28,22,0.0,
I Maraj,0,27,23,0.0,
J Anderson,0,30,20,0.0,
J Blackwood,0,18,16,0.0,
J Charles,0,7,12,0.0,
J Glasgow,0,12,9,0.0,
J Louw,0,44,50,0.0,
JA Whelan,0,15,7,0.0,
JD Campbell,0,6,13,0.0,
Jamaluddin Ahmed,0,24,28,0.0,
K Thomson,0,21,39,0.0,
K Weeraratne,0,96,102,0.0,
KDK Vithanage,0,12,17,0.0,
KED Carroll,0,6,8,0.0,
KH Prajapati,0,2,1,0.0,
KNA Bandara,0,6,9,0.0,
KU Carty,0,27,28,0.0,
Kyshona A Knight,0,26,32,0.0,
L Wood,0,61,63,0.0,
LJ Hamilton,0,52,67,0.0,
LJ Poulton,0,13,18,0.0,
LRPL Taylor,0,45,35,0.0,
M Mangru,0,18,9,0.0,
M Shumba,0,29,27,0.0,
M Terblanche,0,12,0,0.0,
MA Carberry,0,6,12,0.0,
MC Patel,0,82,54,0.0,
MDT Kamini,0,31,31,0.0,
MF Kendal,0,21,22,0.0,
MJ Cosgrove,0,24,12,0.0,
MJ Fourie,0,81,52,0.0,
MJ North,0,18,16,0.0,
ML Green,0,79,81,0.0,
MM Iqbal,0,36,45,0.0,
MNK Fernando,0,12,22,0.0,
MR Meshram,0,86,51,0.0,
MT Herbert,0,18,15,0.0,
Mehran Khan,0,61,89,0.0,
Misbah-ul-Haq,0,24,30,0.0,
Mohammad Boota,0,12,11,0.0,
Mohammad Mithun,0,13,12,0.0,
Mrittunjoy Chowdhury,0,51,68,0.0,
Muhammad Farooq,0,81,68,0.0,
Musa Ahmed,0,6,5,0.0,
N Chaiwai,0,12,5,0.0,
N Ifill,0,79,90,0.0,
N Rana,0,18,10,0.0,
NS Dhaliwal,0,6,20,0.0,
Nahida Khan,0,12,12,0.0,
Natalia Pervaiz,0,18,16,0.0,
O Davidson,0,54,30,0.0,
Omid Shafi Rahman,0,80,104,0.0,
PHT Kaushal,0,36,25,0.0,
PY Lavine,0,12,14,0.0,
Pankaj Singh,0,44,45,0.0,
RO Hinds,0,68,37,0.0,
RS Morton,0,6,2,0.0,
RV Uthappa,0,2,0,0.0,
RW Sims,0,18,21,0.0,
Rameez Shahzad,0,34,34,0.0,
Rashid Zia,0,59,75,0.0,
S Chanderpaul,0,26,20,0.0,
S Chattergoon,0,42,30,0.0,
S Forbes,0,15,17,0.0,
S Mostary,0,44,56,0.0,
SA Engelbrecht,0,12,17,0.0,
SA Yadav,0,12,17,0.0,
SB Bangar,0,68,60,0.0,
SJ Andrews,0,24,13,0.0,
SJ Modani,0,12,6,0.0,
SK Atai,0,48,35,0.0,
SK Naidu,0,18,22,0.0,
SP Krishnamurthi,0,36,26,0.0,
SR Thadani,0,19,21,0.0,
SS Iyer,0,39,39,0.0,
SV Bahutule,0,19,24,0.0,
Salman Butt,0,72,90,0.0,
Sandeep Goud,0,91,80,0.0,
Sanjida Islam,0,8,12,0.0,
Sarfraz Ahmed,0,12,15,0.0,
Shamim Hossain,0,6,8,0.0,
Shamsur Rahman,0,6,13,0.0,
Shathira Jakir,0,19,22,0.0,
Shubman Gill,0,18,25,0.0,
Shuvagata Hom,0,12,9,0.0,
Skhawat Ali,0,49,71,0.0,
Steven Ryan Taylor,0,21,23,0.0,
Sufyan Mehmood,0,9,10,0.0,
Sultan Ahmed,0,72,58,0.0,
T Bavuma,0,37,22,0.0,
T Gwandu,0,24,38,0.0,
T Munyonga,0,6,10,0.0,
T Stubbs,0,12,15,0.0,
T Taibu,0,25,20,0.0,
TC Bastiampillai,0,6,12,0.0,
TP Ura,0,6,12,0.0,
TW Hartley,0,60,48,0.0,
Talha Jubair,0,77,73,0.0,
Tamim Iqbal,0,7,13,0.0,
Tanbir Hayder,0,60,67,0.0,
Tharika Sewwandi,0,13,14,0.0,
Tilak Varma,0,42,39,0.0,
Towhid Hridoy,0,1,2,0.0,
Umar Amin,0,42,24,0.0,
Utkarsh Srivastava,0,24,17,0.0,
VR Iyer,0,30,28,0.0,
W Barresi,0,6,13,0.0,
WA Agar,0,70,44,0.0,
Waqas Barkat,0,12,19,0.0,
Waseem Muhammad,0,75,96,0.0,
XM Marshall,0,4,5,0.0,
Yousuf Youhana,0,1,1,0.0,
A Aitken-Drummond,0,0,0,,
A Bagai,0,0,0,,
A Chopra,0,0,0,,
A Flower,0,0,0,,
A Hunter,0,0,0,,
A Kolan,0,0,0,,
A Lister,0,0,0,,
A Maregwede,0,0,0,,
A Minny,0,0,0,,
A Rawat,0,0,0,,
A Saud,0,0,0,,
A Sharafu,0,0,0,,
A Steyn,0,0,0,,
A Valthapa,0,0,0,,
A le Breton,0,0,0,,
AA Deshpande,0,0,0,,
AA Jangoo,0,0,0,,
AA Mulla,0,0,0,,
AA Obanda,0,0,0,,
AA Shafique,0,0,0,,
AB Barath,0,0,0,,
AC Gilchrist,0,0,0,,
AD Hales,0,0,0,,
AD Poynter,0,0,0,,
ADR Campbell,0,0,0,,
AE Jones,0,0,0,,
AF Buurman,0,0,0,,
AF Sattaur,0,0,0,,
AG Puttick,0,0,0,,
AGS Gous,0,0,0,,
AJ Blackwell,0,0,0,,
AJ Healy,0,0,0,,
AJ Redmond,0,0,0,,
AJ Stewart,0,0,0,,
AK Sah,0,0,0,,
AL Hodgkinson,0,0,0,,
AM Rahane,0,0,0,,
AN Cook,0,0,0,,
AN Kervezee,0,0,0,,
APS Lakshika,0,0,0,,
AR Berenger,0,0,0,,
AR Odedara,0,0,0,,
AR Pitcher,0,0,0,,
ARI Umeed,0,0,0,,
AT Carey,0,0,0,,
Aaditya Varadarajan,0,0,0,,
Aasif Sheikh,0,0,0,,
Abdul Jabbar,0,0,0,,
Abdul Shakoor,0,0,0,,
Abdullah Shafique,0,0,0,,
Abid Ali,0,0,0,,
Adnan Akmal,0,0,0,,
Adnan Mufti,0,0,0,,
Aijaz Ali,0,0,0,,
Akram Khan,0,0,0,,
Akshay Homraj,0,0,0,,
Al Sahariar,0,0,0,,
Alawi Shukri,0,0,0,,
Amjad Ali,0,0,0,,
Anamul Haque,0,0,0,,
Ankur Sharma,0,0,0,,
Ansh Tandon,0,0,0,,
Asif Khan,0,0,0,,
Ayasha Rahman,0,0,0,,
Ayesha Naseem,0,0,0,,
B Bezuidenhout,0,0,0,,
B Bhandari,0,0,0,,
B Cooper,0,0,0,,
B Leephatthana,0,0,0,,
B Tau,0,0,0,,
B Zuiderent,0,0,0,,
B de Leede,0,0,0,,
BA King,0,0,0,,
BA Parchment,0,0,0,,
BAM Heath,0,0,0,,
BB Chari,0,0,0,,
BB McCullum,0,0,0,,
BC Lara,0,0,0,,
BJ Haddin,0,0,0,,
BJ Watling,0,0,0,,
BL Mooney,0,0,0,,
BM Duckett,0,0,0,,
BN Cooper,0,0,0,,
BR McDermott,0,0,0,,
BT Foakes,0,0,0,,
BYA Mendis,0,0,0,,
Babar Azam,0,0,0,,
Batool Fatima,0,0,0,,
C Carter,0,0,0,,
C Jonker,0,0,0,,
C Kieswetter,0,0,0,,
C Madande,0,0,0,,
C McAuslan,0,0,0,,
C Tear,0,0,0,,
CA Lynn,0,0,0,,
CA Pujara,0,0,0,,
CAK Walton,0,0,0,,
CB Wishart,0,0,0,,
CC Dalton,0,0,0,,
CD Cumming,0,0,0,,
CD Wallace,0,0,0,,
CE Coulter Reilly,0,0,0,,
CH van Koolwijk,0,0,0,,
CJ Bowes,0,0,0,,
CJ Ferguson,0,0,0,,
CJ Nevin,0,0,0,,
CJ Smith,0,0,0,,
CJO Smith,0,0,0,,
CK Coventry,0,0,0,,
CK Kruger,0,0,0,,
CM Beggs,0,0,0,,
CMA Shillington,0,0,0,,
CMG Atkins,0,0,0,,
CMW Read,0,0,0,,
CO Browne,0,0,0,,
CR Ervine,0,0,0,,
CR Foggo,0,0,0,,
CR Pagydyala,0,0,0,,
CS Baugh,0,0,0,,
CS Mugeri-Tiripano,0,0,0,,
CT Dhururu,0,0,0,,
Chirag Suri,0,0,0,,
D Bau,0,0,0,,
D Cleaver,0,0,0,,
D Daesrath,0,0,0,,
D Dhingra,0,0,0,,
D Foxcroft,0,0,0,,
D Ganga,0,0,0,,
D Keulder,0,0,0,,
D Murphy,0,0,0,,
D Myers,0,0,0,,
D Prins,0,0,0,,
D Ramdin,0,0,0,,
DA Gunawardene,0,0,0,,
DA Miller,0,0,0,,
DA Minors,0,0,0,,
DES Maxwell,0,0,0,,
DF Watts,0,0,0,,
DG Brownlie,0,0,0,,
DI Joyce,0,0,0,,
DM Bravo,0,0,0,,
DM Richards,0,0,0,,
DO Obuya,0,0,0,,
DOD Rikhi,0,0,0,,
DP Conway,0,0,0,,
DP Hyatt,0,0,0,,
DR Chumney,0,0,0,,
DS Weerakkody,0,0,0,,
Dhiman Ghosh,0,0,0,,
Dilara Akter,0,0,0,,
E Claridge,0,0,0,,
E Lewis,0,0,0,,
EC Joyce,0,0,0,,
EC Perry,0,0,0,,
EJG Morgan,0,0,0,,
EL Watson,0,0,0,,
EMDY Munaweera,0,0,0,,
ES Szwarczynski,0,0,0,,
Ethan D'Souza,0,0,0,,
F Kasteni,0,0,0,,
F Mutizwa,0,0,0,,
F Tunnicliffe,0,0,0,,
F Walters,0,0,0,,
FC Wilson,0,0,0,,
FH Allen,0,0,0,,
FL Reifer,0,0,0,,
FRJ Coleman,0,0,0,,
FY Fazal,0,0,0,,
Fahad Nawaz,0,0,0,,
Faisal Athar,0,0,0,,
Faisal Iqbal,0,0,0,,
Fargana Hoque,0,0,0,,
G Kirsten,0,0,0,,
G Voll,0,0,0,,
GA Manou,0,0,0,,
GB Murgatroyd,0,0,0,,
GC Bhogle,0,0,0,,
GC Wilson,0,0,0,,
GE Plimmer,0,0,0,,
GEF Barnett,0,0,0,,
GI Maiden,0,0,0,,
GJ Bailey,0,0,0,,
GJ Hopkins,0,0,0,,
GM Hamilton,0,0,0,,
GO Jones,0,0,0,,
GS Ballance,0,0,0,,
GWHM Perera,0,0,0,,
Ghulam Shabber,0,0,0,,
H Davids,0,0,0,,
HAPW Jayawardene,0,0,0,,
HC Brook,0,0,0,,
HD Rutherford,0,0,0,,
HDJ Siegers,0,0,0,,
HG Munsey,0,0,0,,
HGV Vare,0,0,0,,
HH Dippenaar,0,0,0,,
HH Gibbs,0,0,0,,
HIS Mendis,0,0,0,,
HJ Armitage,0,0,0,,
HJH Marshall,0,0,0,,
HJW Gardiner,0,0,0,,
HM Amla,0,0,0,,
HM Nicholls,0,0,0,,
HM Tiffen,0,0,0,,
HML Madushani,0,0,0,,
HP Tillakaratne,0,0,0,,
HS Modi,0,0,0,,
HWR Cartwright,0,0,0,,
Habibul Bashar,0,0,0,,
Haider Ali,0,0,0,,
Hammad Mirza,0,0,0,,
Hamza Tariq,0,0,0,,
Haseebullah Khan,0,0,0,,
I Dulani,0,0,0,,
IA Karim,0,0,0,,
IC Gaze,0,0,0,,
IPP Batuwitarachchi,0,0,0,,
IR James,0,0,0,,
IS Billcliff,0,0,0,,
Imam-ul-Haq,0,0,0,,
Imran Nazir,0,0,0,,
Imrul Kayes,0,0,0,,
Inzamam-ul-Haq,0,0,0,,
Irfan Khan,0,0,0,,
Ishan Kishan,0,0,0,,
J Da Silva,0,0,0,,
J Edness,0,0,0,,
J Figy John,0,0,0,,
J Fraser-McGurk,0,0,0,,
J Gray,0,0,0,,
J Gumbie,0,0,0,,
J Pashley,0,0,0,,
J Post,0,0,0,,
J Sharma,0,0,0,,
J Smits,0,0,0,,
J van Vliet,0,0,0,,
JA Burns,0,0,0,,
JA McCollum,0,0,0,,
JA Rudolph,0,0,0,,
JA Simpson,0,0,0,,
JAD Lawrenson,0,0,0,,
JAH Marshall,0,0,0,,
JB Nero,0,0,0,,
JC Buttler,0,0,0,,
JC Carroll,0,0,0,,
JE Cameron,0,0,0,,
JE Dunford,0,0,0,,
JH Desai,0,0,0,,
JJ Atkinson,0,0,0,,
JJ Celestine,0,0,0,,
JJ Roy,0,0,0,,
JL Smith,0,0,0,,
JM Bairstow,0,0,0,,
JM Cox,0,0,0,,
JM Fields,0,0,0,,
JM How,0,0,0,,
JN Hamilton,0,0,0,,
JN Malan,0,0,0,,
JN Rhodes,0,0,0,,
JNK Shannon,0,0,0,,
JNT Vare,0,0,0,,
JO Troughton,0,0,0,,
JP Bray,0,0,0,,
JP Inglis,0,0,0,,
JP Kotze,0,0,0,,
JP Maher,0,0,0,,
JR Philippe,0,0,0,,
JV Harris,0,0,0,,
JW Jenner,0,0,0,,
JW Ogle-Thomas,0,0,0,,
JWA Taylor,0,0,0,,
Jahurul Islam,0,0,0,,
Jaker Ali,0,0,0,,
Jannatul Ferdus,0,0,0,,
Javed Omar,0,0,0,,
K Doriga,0,0,0,,
K Frank,0,0,0,,
K Verreynne,0,0,0,,
K Whatham,0,0,0,,
K Zondo,0,0,0,,
KA Blackwell,0,0,0,,
KA Edwards,0,0,0,,
KA Hope,0,0,0,,
KC Sangakkara,0,0,0,,
KD Karthik,0,0,0,,
KH Butt,0,0,0,,
KJ Martin,0,0,0,,
KJJ van Noortwijk,0,0,0,,
KK Nair,0,0,0,,
KL Rahul,0,0,0,,
KL Rolton,0,0,0,,
KL Tucker,0,0,0,,
KNM Fernando,0,0,0,,
KO Otieno,0,0,0,,
KOA Powell,0,0,0,,
KT Perkins,0,0,0,,
KV Jain,0,0,0,,
KY Ottley,0,0,0,,
Kamran Akmal,0,0,0,,
Kaynat Hafeez,0,0,0,,
Khaled Mashud,0,0,0,,
Khalid Kail,0,0,0,,
Khalid Latif,0,0,0,,
Khurram Manzoor,0,0,0,,
Khurram Nawaz,0,0,0,,
Kycia A Knight,0,0,0,,
L Goodall,0,0,0,,
L Jack,0,0,0,,
L Louwrens,0,0,0,,
L Rajadurai,0,0,0,,
L Ronchi,0,0,0,,
L Sreekumar,0,0,0,,
L Tucker,0,0,0,,
L Winfield,0,0,0,,
L Winfield-Hill,0,0,0,,
L Wolvaardt,0,0,0,,
LD Chandimal,0,0,0,,
LDVV Silva,0,0,0,,
LE Bosman,0,0,0,,
LK Ebsary,0,0,0,,
LM Hoitink,0,0,0,,
LR Down,0,0,0,,
LR Johnson,0,0,0,,
LR Naylor,0,0,0,,
LS Greenway,0,0,0,,
Liton Das,0,0,0,,
Lovepreet Singh,0,0,0,,
M Bhanuka,0,0,0,,
M Commins,0,0,0,,
M De Ridder,0,0,0,,
M Faisal,0,0,0,,
M Kaif,0,0,0,,
M Karg,0,0,0,,
M McColl,0,0,0,,
M Mupachikwa,0,0,0,,
M Musonda,0,0,0,,
M Raj,0,0,0,,
M Spoors,0,0,0,,
M van Schoor,0,0,0,,
MA Jones,0,0,0,,
MA Ouma,0,0,0,,
MA Vermeulen,0,0,0,,
MAA Sanjeewani,0,0,0,,
MADD Surangika,0,0,0,,
MB Kruger,0,0,0,,
MB Loye,0,0,0,,
MD Patel,0,0,0,,
MD du Preez,0,0,0,,
MDKJ Perera,0,0,0,,
MDN Hansika,0,0,0,,
ME Bouchier,0,0,0,,
MF Fahey,0,0,0,,
MG Bevan,0,0,0,,
MH Cross,0,0,0,,
MHW Papps,0,0,0,,
MJ Bulow,0,0,0,,
MJ Hay,0,0,0,,
MJ Lumb,0,0,0,,
MJ Prior,0,0,0,,
MK Pandey,0,0,0,,
ML Hayden,0,0,0,,
ML Patel,0,0,0,,
ML Udawatte,0,0,0,,
MM English,0,0,0,,
MN van Wyk,0,0,0,,
MQ Sheikh,0,0,0,,
MR Aguilleira,0,0,0,,
MR Johnson,0,0,0,,
MS Atapattu,0,0,0,,
MS Chapman,0,0,0,,
MS Sinclair,0,0,0,,
MS Wade,0,0,0,,
MV Boucher,0,0,0,,
MV Waldron,0,0,0,,
MWA van Nierop,0,0,0,,
Melanie Ani,0,0,0,,
Mohammad Haris,0,0,0,,
Mohammad Iqbal,0,0,0,,
Mohammad Naim,0,0,0,,
Mohammad Rizwan,0,0,0,,
Mohammad Salman,0,0,0,,
Moin Khan,0,0,0,,
Moniruzzaman,0,0,0,,
Muhammad Usman,0,0,0,,
Muneeba Ali,0,0,0,,
Murshida Khatun,0,0,0,,
Mushfiqur Rahim,0,0,0,,
N Chantam,0,0,0,,
N Davin,0,0,0,,
N Dickwella,0,0,0,,
N Fernandes,0,0,0,,
N Gwanzura,0,0,0,,
N Hussain,0,0,0,,
N Koncharoenkai,0,0,0,,
N Kruger,0,0,0,,
N Vare,0,0,0,,
NA Greenwood,0,0,0,,
NA Moodley,0,0,0,,
NA Rock,0,0,0,,
NA Statham,0,0,0,,
NC Dodd,0,0,0,,
ND McKenzie,0,0,0,,
NFI McCallum,0,0,0,,
NJ Coffey,0,0,0,,
NJ O'Brien,0,0,0,,
NK Crafton,0,0,0,,
NRJ Croes,0,0,0,,
NS Poonia,0,0,0,,
NT Broom,0,0,0,,
NV Knight,0,0,0,,
NV Ojha,0,0,0,,
NY McLean,0,0,0,,
Nafees Iqbal,0,0,0,,
Nain Abidi,0,0,0,,
Najiha Alvi,0,0,0,,
Naseem Khushi,0,0,0,,
Nasir Jamshed,0,0,0,,
Nasir Javed,0,0,0,,
Naumanullah,0,0,0,,
Naved Latif,0,0,0,,
Nazimuddin,0,0,0,,
Nigar Sultana,0,0,0,,
Nurul Hasan,0,0,0,,
Nuzhat Tasnia,0,0,0,,
OL Pitcher,0,0,0,,
OO Bascome,0,0,0,,
OV Anderson,0,0,0,,
P Litchfield,0,0,0,,
P Mujaji,0,0,0,,
P Mustard,0,0,0,,
P Nissanka,0,0,0,,
PA Browne,0,0,0,,
PA Jaques,0,0,0,,
PA Nixon,0,0,0,,
PA Patel,0,0,0,,
PARP Perera,0,0,0,,
PBB Rajapaksa,0,0,0,,
PD McGlashan,0,0,0,,
PD Salt,0,0,0,,
PG Fulton,0,0,0,,
PG Gillespie,0,0,0,,
PG Raut,0,0,0,,
PJ Forrest,0,0,0,,
PJ Hughes,0,0,0,,
PJ Ingram,0,0,0,,
PJ Moor,0,0,0,,
PJ Scholfield,0,0,0,,
PL Mommsen,0,0,0,,
PM Weerakkody,0,0,0,,
PP Shaw,0,0,0,,
PS Athavale,0,0,0,,
PS Punia,0,0,0,,
PSP Handscomb,0,0,0,,
Pooja Ganesh,0,0,0,,
Q de Kock,0,0,0,,
R Boyce,0,0,0,,
R Chopra,0,0,0,,
R Dravid,0,0,0,,
R Gunasekera,0,0,0,,
R Kanoh,0,0,0,,
R Murray,0,0,0,,
R Mutumbami,0,0,0,,
R Stokell,0,0,0,,
R Walters,0,0,0,,
RA Jones,0,0,0,,
RA Rolfe,0,0,0,,
RD Gaikwad,0,0,0,,
RD Jacobs,0,0,0,,
RD McCann,0,0,0,,
RD Rickelton,0,0,0,,
RD Shah,0,0,0,,
RH Priest,0,0,0,,
RH Scholte,0,0,0,,
RJ Rolls,0,0,0,,
RM Ghosh,0,0,0,,
RM Jariwala,0,0,0,,
RM Patidar,0,0,0,,
RM van Oosterom,0,0,0,,
RMVD Gunaratne,0,0,0,,
RO Hussain,0,0,0,,
RP Alexander,0,0,0,,
RR Pant,0,0,0,,
RR Ramdass,0,0,0,,
RS Kaluwitharana,0,0,0,,
RS Vandort,0,0,0,,
RS Williams,0,0,0,,
RT Crandon,0,0,0,,
RT Ponting,0,0,0,,
RW Chakabva,0,0,0,,
RWT Key,0,0,0,,
Rabiya Shah,0,0,0,,
Raqibul Hasan,0,0,0,,
Rashid Latif,0,0,0,,
Ravinderpal Singh,0,0,0,,
Rony Talukdar,0,0,0,,
S Badrinath,0,0,0,,
S Daniel,0,0,0,,
S Dhamala,0,0,0,,
S Dhawan,0,0,0,,
S Jafta,0,0,0,,
S Jora,0,0,0,,
S Jyoti,0,0,0,,
S Khiaoto,0,0,0,,
S Lackay,0,0,0,,
S Meghana,0,0,0,,
S Movva,0,0,0,,
S Naik,0,0,0,,
S Samarawickrama,0,0,0,,
S Sriharsha,0,0,0,,
S Verma,0,0,0,,
SA Edwards,0,0,0,,
SA Wijeratne,0,0,0,,
SC Joseph,0,0,0,,
SC Taylor,0,0,0,,
SD Heazlett,0,0,0,,
SD Hope,0,0,0,,
SDNS Karunaratne,0,0,0,,
SE Findlay,0,0,0,,
SE Marsh,0,0,0,,
SI Galagedara,0,0,0,,
SJ Baard,0,0,0,,
SJ Bryce,0,0,0,,
SJ Elliott,0,0,0,,
SJ Massiah,0,0,0,,
SJ McGlashan,0,0,0,,
SJ Myburgh,0,0,0,,
SJ Swanepoel,0,0,0,,
SJ Taylor,0,0,0,,
SK Patel,0,0,0,,
SL Kalis,0,0,0,,
SL Stewart,0,0,0,,
SM Davies,0,0,0,,
SM Katich,0,0,0,,
SM Warnapura,0,0,0,,
SO Dowrich,0,0,0,,
SO Hetmyer,0,0,0,,
SP Fleming,0,0,0,,
SP Khakurel,0,0,0,,
SP Patil,0,0,0,,
SP Terry,0,0,0,,
SR Hain,0,0,0,,
SR Mukkamalla,0,0,0,,
SR Waters,0,0,0,,
SRH Curtis,0,0,0,,
SS McKechnie,0,0,0,,
SS Tiwary,0,0,0,,
SSJ Brooks,0,0,0,,
ST Doheny,0,0,0,,
SV Carlisle,0,0,0,,
SV Samson,0,0,0,,
SW Ambris,0,0,0,,
SW Billings,0,0,0,,
SW Poynter,0,0,0,,
Saad Ali,0,0,0,,
Sadaf Shamas,0,0,0,,
Sagar Pun,0,0,0,,
Saleem Elahi,0,0,0,,
Salman Faris,0,0,0,,
Sami Aslam,0,0,0,,
Sana Javed,0,0,0,,
Saqlain Haider,0,0,0,,
Shahid Wasif,0,0,0,,
Shahriar Hossain,0,0,0,,
Shahriar Nafees,0,0,0,,
Shahzaib Hasan,0,0,0,,
Shamima Sultana,0,0,0,,
Shan Masood,0,0,0,,
Sharjeel Khan,0,0,0,,
Sharmin Akhter,0,0,0,,
Sharmin Sultana,0,0,0,,
Shawaal Zulfiqar,0,0,0,,
Shayan Jahangir,0,0,0,,
Sidra Ameen,0,0,0,,
Sidra Nawaz,0,0,0,,
Simandeep Singh,0,0,0,,
Sultana Yesmin,0,0,0,,
Sumaiya Akter,0,0,0,,
Suraj Kumar,0,0,0,,
Syeda Aroob Shah,0,0,0,,
T Banton,0,0,0,,
T Bhatia,0,0,0,,
T Brits,0,0,0,,
T Chetty,0,0,0,,
T Duffin,0,0,0,,
T Kaitano,0,0,0,,
T Marumani,0,0,0,,
T Mishra,0,0,0,,
T Suri,0,0,0,,
T de Zorzi,0,0,0,,
TA Blundell,0,0,0,,
TB Robinson,0,0,0,,
TD Paine,0,0,0,,
TJ Bishop,0,0,0,,
TK Musakanda,0,0,0,,
TL Seifert,0,0,0,,
TM Dowlin,0,0,0,,
TMK Mawoyo,0,0,0,,
TN de Grooth,0,0,0,,
TP Visee,0,0,0,,
TR Ambrose,0,0,0,,
TS Hasabnis,0,0,0,,
TS Kamunhukamwe,0,0,0,,
TSS Mackintosh,0,0,0,,
TT Beaumont,0,0,0,,
TV Mufambisi,0,0,0,,
TWM Latham,0,0,0,,
Tabarak Dar,0,0,0,,
Tanzid Hasan,0,0,0,,
Tasqeen Qadeer,0,0,0,,
Taufeeq Umar,0,0,0,,
Tayyab Tahir,0,0,0,,
U Raymond-Hoey,0,0,0,,
U Thimashini,0,0,0,,
UT Khawaja,0,0,0,,
Umar Akmal,0,0,0,,
Usman Limbada,0,0,0,,
Usman Salahuddin,0,0,0,,
V Aravind,0,0,0,,
V Shetty,0,0,0,,
VAB Tewarie,0,0,0,,
VB van Jaarsveld,0,0,0,,
VCE Wattenberg,0,0,0,,
VR Vanitha,0,0,0,,
VV Morea,0,0,0,,
VVS Laxman,0,0,0,,
W Jaffer,0,0,0,,
WA Young,0,0,0,,
WIA Fernando,0,0,0,,
WP Saha,0,0,0,,
WTS Porterfield,0,0,0,,
WU Tharanga,0,0,0,,
Waqas Khan,0,0,0,,
Y Venugopal Rao,0,0,0,,
Y van der Westhuizen,0,0,0,,
YH Bhatia,0,0,0,,
Yasir Ali Chowdhury,0,0,0,,
Yasir Hameed,0,0,0,,
Z Crawley,0,0,0,,
ZE Green,0,0,0,,
ZE Surkari,0,0,0,,
Zakir Hasan,0,0,0,,
Zeeshan Siddiqi,0,0,0,,
Zubayr Hamza,0,0,0,,
Zulqarnain Haider,0,0,0,,
