player_name,total_runs,total_wickets_taken,player_of_match_awards,Impact_Score
V Kohli,13784,7,41,18024
KC Sangakkara,11618,0,26,14218
TM Dilshan,9212,97,24,13552
RG Sharma,10646,11,23,13166
MS Dhoni,10274,1,20,12294
AB de Villiers,9435,7,26,12175
Mohammad Hafeez,6351,142,19,11091
Yuvraj Singh,6868,99,20,10848
SR Watson,5357,162,15,10097
CH Gayle,6433,112,13,9973
LRPL Taylor,8126,0,16,9726
HM Amla,7834,0,16,9434
MJ Guptill,7125,4,22,9405
AD Mathews,5646,137,9,9286
DPMD Jayawardene,8040,2,12,9280
MJ Clarke,6988,56,10,9108
Tamim Iqbal,7648,0,13,8948
RT Ponting,6979,0,17,8679
SR Tendulkar,6432,31,16,8652
Q de Kock,6661,0,19,8561
V Sehwag,5692,58,15,8352
DA Warner,6623,0,16,8223
EJG Morgan,6953,0,12,8153
SL Malinga,508,343,7,8068
Mushfiqur Rahim,7094,0,9,7994
ST Jayasuriya,4402,105,14,7902
S Dhawan,6733,0,11,7833
WU Tharanga,6482,0,11,7582
SK Raina,5585,42,11,7525
DJ Bravo,2760,193,9,7520
SPD Smith,5549,29,11,7229
Mahmudullah,5127,83,4,7187
JP Duminy,4928,74,7,7108
PD Collingwood,4132,96,10,7052
Babar Azam,5659,0,13,6959
Mashrafe Mortaza,1304,227,9,6744
MN Samuels,4205,66,12,6725
EA Perry,3356,83,16,6616
MG Johnson,934,243,6,6394
F du Plessis,5445,2,9,6385
JC Buttler,5018,0,13,6318
GJ Maxwell,3655,78,11,6315
IR Bell,5289,6,9,6309
MEK Hussey,5076,4,11,6256
G Gambhir,4981,0,11,6081
AJ Finch,5188,5,7,5988
SD Hope,4989,0,9,5889
JO Holder,2144,162,5,5884
Younis Khan,4777,1,10,5797
BB McCullum,5157,0,5,5657
M Kapp,2195,133,8,5655
AC Gilchrist,4355,0,13,5655
A Flintoff,2096,132,9,5636
E Chigumbura,3266,88,6,5626
BRM Taylor,5130,4,4,5610
Misbah-ul-Haq,4752,0,7,5452
JJ Roy,4237,0,12,5437
Abdul Razzaq,2327,110,9,5427
KP Pietersen,4202,8,9,5262
DW Steyn,365,212,6,5205
MM Ali,2278,119,5,5158
HK Matthews,2327,83,10,4987
TT Beaumont,3936,0,10,4936
HC Knight,3158,48,8,4918
DA Miller,4466,0,4,4866
IK Pathan,1226,156,5,4846
TWM Latham,4019,0,8,4819
JM Bairstow,3671,0,11,4771
MR Marsh,2762,57,8,4702
SFM Devine,2796,55,8,4696
H Masakadza,3955,22,3,4695
MM Lanning,3555,1,11,4675
HH Gibbs,3766,0,9,4666
S Mandhana,3526,1,11,4646
RR Sarwan,3717,16,6,4637
L Wolvaardt,3992,0,6,4592
PR Stirling,3338,26,7,4558
S Chanderpaul,3804,0,7,4504
ML Hayden,3939,0,5,4439
BKG Mendis,3838,0,6,4438
AJ Strauss,3729,0,7,4429
Fakhar Zaman,3434,1,9,4354
SW Bates,3245,25,6,4345
R Ashwin,707,166,3,4327
LD Chandimal,3657,0,6,4257
AC Jayangani,2760,34,8,4240
KA Pollard,2608,59,4,4188
Imran Tahir,157,180,4,4157
Kuldeep Yadav,195,173,5,4155
R Dravid,3650,0,5,4150
AC Kerr,1854,97,3,4094
DJG Sammy,1853,87,5,4093
S Luus,2080,84,3,4060
RS Bopara,2689,41,5,4009
AE Satterthwaite,2895,29,5,3975
MJ Henry,268,155,6,3968
AN Cook,3204,0,7,3904
TM Head,2645,25,7,3845
NW Bracken,174,168,3,3834
Mehedi Hasan Miraz,1188,107,5,3828
S Ismail,273,142,7,3813
HH Pandya,1762,81,4,3782
MF Maharoof,799,118,6,3759
A Gardner,1175,103,4,3635
Umar Akmal,3032,0,6,3632
KJ O'Brien,1990,60,4,3590
MDKJ Perera,3077,0,5,3577
AJ Healy,2759,0,8,3559
M Raj,2949,0,6,3549
Rohan Mustafa,1401,87,4,3541
JL Jonassen,533,136,2,3453
HDRL Thirimanne,3164,3,2,3424
GJ Bailey,3011,0,4,3411
AM Rahane,2906,0,5,3406
CR Ervine,2770,0,6,3370
SC Ganguly,2409,22,5,3349
WPUJC Vaas,569,118,4,3329
DM Bravo,3007,0,3,3307
BJ Haddin,3003,0,3,3303
TT Bresnan,871,120,0,3271
KAJ Roach,308,132,3,3248
S Lamichhane,440,120,4,3240
Ahmed Shehzad,2555,2,6,3195
IJL Trott,2819,3,3,3179
WD Parnell,574,110,4,3174
WTS Porterfield,2670,0,5,3170
KL Rahul,2761,0,4,3161
L Lee,2516,2,6,3156
Kamran Akmal,2746,0,4,3146
Imam-ul-Haq,2840,0,3,3140
DJS Dottin,1679,53,4,3139
T Taibu,2837,0,3,3137
JDS Neesham,1508,71,1,3028
SE Marsh,2622,0,4,3022
Mohammad Yousuf,2783,1,2,3003
RD Berrington,2292,15,4,2992
MG Erasmus,1810,34,5,2990
JR Hopes,1326,73,2,2986
AD Russell,1034,72,5,2974
PWH de Silva,859,85,4,2959
Soumya Sarkar,2044,20,5,2944
SP Narine,363,99,6,2943
M du Preez,2223,1,7,2943
A Khaka,108,129,2,2888
MA Leask,1306,64,3,2886
A Balbirnie,2438,1,4,2858
AL Phehlukwayo,827,96,1,2847
R Rampaul,338,115,2,2838
BL Mooney,2433,0,4,2833
AD Hales,2330,0,5,2830
A Vala,1783,47,1,2823
MV Boucher,2617,0,2,2817
SS Iyer,2396,0,4,2796
Sarfraz Ahmed,2289,0,5,2789
DR Martyn,2239,1,5,2759
Shubman Gill,2328,0,4,2728
HE van der Dussen,2388,1,3,2708
CJ Chibhabha,1987,30,1,2687
Salman Butt,2186,0,5,2686
H Klaasen,1977,0,7,2677
CS MacLeod,2015,8,5,2675
Imrul Kayes,2242,0,4,2642
CL Tryon,1440,40,4,2640
SP Fleming,2133,0,5,2633
DR Smith,1261,53,3,2621
Nida Dar,1171,62,2,2611
KJ Coetzer,2280,1,3,2600
A Nehra,90,115,2,2590
Liton Das,2178,0,4,2578
CL White,2053,11,3,2573
Junaid Siddique,1021,77,0,2561
MP Stoinis,1489,48,1,2549
RL Haynes,1966,2,5,2506
Karan KC,457,81,4,2477
SM Sharif,492,89,2,2472
AE Jones,2071,0,4,2471
ME Trescothick,1997,2,4,2437
KIC Asalanka,1810,16,3,2430
V Sibanda,2125,4,2,2405
UT Yadav,79,116,0,2399
LL Tsotsobe,58,102,3,2398
MD Patel,1792,0,6,2392
Bismah Maroof,1938,12,2,2378
DN Wyatt,1680,14,4,2360
Mohammad Rizwan,2254,0,1,2354
EC Joyce,1845,0,5,2345
RK Paudel,1629,10,5,2329
HM Nicholls,2116,0,2,2316
E Lewis,1903,0,4,2303
Sompal Kami,621,79,1,2301
LMM Tahuhu,340,98,0,2300
MS Atapattu,1978,0,3,2278
SJ Taylor,1651,0,6,2251
NJ Astle,1571,8,5,2231
Inzamam-ul-Haq,1916,0,3,2216
CA Soper,653,67,2,2193
KM Jadhav,1318,28,3,2178
AT Carey,1978,0,2,2178
LMP Simmons,1958,1,2,2178
D Ramdin,2072,0,1,2172
Haris Sohail,1709,13,2,2169
DJ Hussey,1672,19,1,2152
Yousuf Youhana,1740,0,4,2140
MM Patel,74,93,2,2134
J Botha,594,77,0,2134
MP O'Dowd,1682,1,4,2102
Sidra Ameen,1595,0,5,2095
MS Wade,1792,0,3,2092
M Labuschagne,1764,6,2,2084
NE Bolton,1443,2,6,2083
N Pooran,1829,6,1,2049
Zahoor Khan,143,95,0,2043
V Aravind,1843,0,2,2043
RJ Peterson,523,76,0,2043
P Nissanka,1810,0,2,2010
AR Patel,568,67,1,2008
JA Morkel,705,50,3,2005
WIA Fernando,1404,0,6,2004
AT Rayudu,1637,3,3,1997
N Vanua,769,56,1,1989
Azhar Ali,1806,4,1,1986
HH Dippenaar,1283,0,7,1983
DS Airee,861,46,2,1981
BC Lara,1878,0,1,1978
MH Cross,1675,0,3,1975
BJ McMullen,888,39,3,1968
MD Gunathilaka,1592,8,2,1952
Haris Rauf,70,79,3,1950
RP Singh,135,80,2,1935
TM Odoyo,830,45,2,1930
WA Young,1426,0,5,1926
Aasif Sheikh,1423,0,5,1923
OA Shah,1579,7,2,1919
NJ O'Brien,1692,0,2,1892
DJ Mitchell,1616,13,0,1876
Fatima Sana,484,59,2,1864
Yasir Hameed,1459,0,4,1859
BM Scholtz,251,70,2,1851
N de Klerk,589,53,2,1849
J Charles,1544,0,3,1844
M Klaas,103,77,2,1843
UT Khawaja,1539,0,3,1839
IDR Bradshaw,259,69,2,1839
DJ Malan,1418,1,4,1838
Nashra Sandhu,89,87,0,1829
Imad Wasim,937,44,0,1817
CJA Amini,952,33,2,1812
SO Hetmyer,1410,0,4,1810
SA Edwards,1504,0,3,1804
HG Munsey,1675,0,1,1775
Javeria Khan,1408,8,2,1768
S Sreesanth,44,81,1,1764
JD Ryder,1242,11,3,1762
MP Vaughan,1382,9,2,1762
YK Pathan,810,37,2,1750
T Bavuma,1548,0,2,1748
Aayan Afzal Khan,585,43,3,1745
M van Lingen,1300,2,4,1740
PG Raut,1436,0,3,1736
KD Karthik,1624,0,1,1724
K Bhurtel,1182,12,3,1722
JJ Smit,839,39,1,1719
Nasir Jamshed,1418,0,3,1718
T Chetty,1414,0,3,1714
GH Lewis,1348,8,2,1708
ML Green,1407,0,3,1707
BA King,1306,0,4,1706
N Dickwella,1604,0,1,1704
MD Shanaka,1153,22,1,1693
R Trumpelmann,350,56,2,1670
HT Tector,1622,2,0,1662
CK Kapugedera,1505,2,1,1645
JN Frylinck,615,36,3,1635
S Matsikenyeri,1309,15,0,1609
WW Hinds,1066,22,1,1606
LV van Beek,505,50,1,1605
Waseem Muhammad,1398,0,2,1598
HM Rowe,332,58,1,1592
A Mohammed,232,58,2,1592
SMSM Senanayake,290,60,1,1590
Jatinder Singh,1356,1,2,1576
Aliya Riaz,1207,13,1,1567
Asif Khan,1155,0,4,1555
SW Tait,25,66,2,1545
Vikramjit Singh,1190,7,2,1530
DP Conway,1226,0,3,1526
Gulsan Jha,625,30,3,1525
Anamul Haque,1322,0,2,1522
Shahriar Nafees,1216,0,3,1516
PG Fulton,1216,0,3,1516
L Vincent,1089,1,4,1509
ASS Fletcher,282,61,0,1502
L Ronchi,1397,0,1,1497
CM Edwards,1054,2,4,1494
AJ Hosein,266,60,0,1466
H Thaker,612,22,4,1452
CR Brathwaite,527,46,0,1447
JN Loftie-Eaton,796,22,2,1436
AR Nurse,454,44,1,1434
C Munro,1249,9,0,1429
LA Marsh,264,53,1,1424
I Ranaweera,179,62,0,1419
WB Rankin,78,67,0,1418
M Kaif,1314,0,1,1414
F Behardien,1074,12,1,1414
RS Morton,1205,0,2,1405
LPC Silva,1279,1,1,1399
D Gough,137,58,1,1397
Aarif Sheikh,1032,8,2,1392
LM Kasperek,148,57,1,1388
Nazmul Hossain Shanto,1165,1,2,1385
Kushal Malla,756,26,1,1376
Fargana Hoque,1275,0,1,1375
Imran Farhat,1232,2,1,1372
RR Rossouw,1239,1,1,1359
G Singh,938,6,3,1358
JI Rodrigues,1051,5,2,1351
JF Mooney,610,37,0,1350
SA Campbelle,1167,4,1,1347
Aftab Ahmed,1061,4,2,1341
S Bau,874,13,2,1334
JM Kerr,232,55,0,1332
GC Wilson,1232,0,1,1332
MJ Prior,1229,0,1,1329
CJ Jordan,184,47,2,1324
MN Waller,1039,9,1,1319
Sabbir Rahman,1259,3,0,1319
HASD Siriwardene,679,32,0,1319
BMAJ Mendis,593,31,1,1313
Asad Shafiq,1312,0,0,1312
CA Henry,537,33,1,1297
TP Ura,1196,0,1,1296
P Litchfield,895,0,4,1295
B Muzarabani,114,54,1,1294
O Prendergast,821,18,1,1281
S Samarawickrama,1073,0,2,1273
SO Tikolo,705,28,0,1265
KJ Martin,1161,0,1,1261
P Vastrakar,579,29,1,1259
C Green,626,21,2,1246
DT Johnston,361,39,1,1241
JM How,939,0,3,1239
UDU Chandana,260,38,2,1220
RP Arnold,1039,8,0,1199
RN ten Doeschate,594,20,2,1194
JWA Taylor,879,0,3,1179
Raqibul Hasan,1177,0,0,1177
TK Curran,303,38,1,1163
JN Malan,958,0,2,1158
AJ Blackwell,953,0,2,1153
RR Hendricks,930,1,2,1150
FDM Karunaratne,1044,0,1,1144
S Randiv,280,38,1,1140
Syed Rasel,76,53,0,1136
Nigar Sultana,927,0,2,1127
JM Davison,443,19,3,1123
Diana Baig,262,43,0,1122
Nahida Khan,1121,0,0,1121
AC Voges,798,6,2,1118
RW Chakabva,1106,0,0,1106
Simi Singh,406,30,1,1106
KH Prajapati,996,0,1,1096
C Kieswetter,985,0,1,1085
Shoaib Khan,843,2,2,1083
S Prasanna,421,33,0,1081
R Powell,915,3,1,1075
KW Richardson,75,45,1,1075
DS Smith,973,0,1,1073
GD Phillips,710,13,1,1070
CA Ingram,761,0,3,1061
SF Mire,729,11,1,1049
LJ Wright,707,17,0,1047
Shaiman Anwar,947,5,0,1047
AF Giles,286,38,0,1046
SI Mahmood,84,38,2,1044
AR Cusack,264,34,1,1044
SSJ Brooks,842,0,2,1042
SM Katich,1041,0,0,1041
Agha Salman,637,15,1,1037
Umaima Sohail,670,18,0,1030
VVS Laxman,828,0,2,1028
PJ Hughes,826,0,2,1026
DN Wellalage,285,27,2,1025
Chirag Suri,924,0,1,1024
Pargat Singh,722,5,2,1022
CP Rizwan,901,1,1,1021
NT Broom,919,0,1,1019
JDF Vandersay,112,40,1,1012
Shoriful Islam,91,46,0,1011
SIR Dunkley,789,1,2,1009
KU Carty,1000,0,0,1000
SJ Modani,898,0,1,998
Ishan Kishan,886,0,1,986
RR Pant,871,0,1,971
BM Halliday,828,7,0,968
Rumana Ahmed,346,26,1,966
TD Paine,861,0,1,961
J Nkomo,354,25,1,954
VS Solanki,829,1,1,949
Muneeba Ali,948,0,0,948
Rameez Shahzad,848,0,1,948
Mosaddek Hossain,524,16,1,944
AA Alleyne,341,30,0,941
S Dhaniram,281,23,2,941
RV Uthappa,934,0,0,934
KOA Powell,934,0,0,934
LS Greenway,732,0,2,932
Habibul Bashar,926,0,0,926
AR Adams,165,28,2,925
D Bishoo,164,38,0,924
KP Meiyappan,163,38,0,923
L Goodall,817,0,1,917
GO Jones,715,0,2,915
L Siaka,749,3,1,909
GB Brent,192,25,2,892
TT Samaraweera,669,1,2,889
SS Weerakkody,328,28,0,888
Muhammad Usman,888,0,0,888
T Brits,786,0,1,886
MS Chapman,684,0,2,884
A Steyn,781,0,1,881
JN Mohammed,621,8,1,881
LN Rajbanshi,37,42,0,877
A Hunter,776,0,1,876
LM Jongwe,315,28,0,875
T Mupariwa,87,39,0,867
SHT Kandamby,827,2,0,867
PD Salt,866,0,0,866
AC Agar,322,22,1,862
Sohag Gazi,182,24,2,862
AG Prince,761,0,1,861
HJH Marshall,661,0,2,861
Towhid Hridoy,759,0,1,859
Ali Naseer,396,23,0,856
MG Bevan,755,0,1,855
HC Brook,653,0,2,853
Sharmin Akhter,643,0,2,843
GT Main,82,33,1,842
Babar Hayat,539,0,3,839
CN Nation,831,0,0,831
PJ Ongondo,150,34,0,830
O Thomas,22,30,2,822
Kashif Daud,282,17,2,822
RM Haq,181,27,1,821
W Barresi,820,0,0,820
JA Rudolph,820,0,0,820
AT Nidamanuru,713,0,1,813
JH Davey,193,26,1,813
SR Mukkamalla,711,0,1,811
B Sharki,703,0,1,803
M Kartik,102,30,1,802
H Deol,561,2,2,801
Mohammad Wasim,80,36,0,800
Mohammad Nawaz,173,21,2,793
TL Best,72,36,0,792
D Hazell,109,34,0,789
Sharjeel Khan,787,0,0,787
JWM Dalrymple,487,15,0,787
Washington Sundar,315,23,0,775
SA Yadav,773,0,0,773
G Malla,753,1,0,773
N Chantam,473,0,3,773
I Udana,227,22,1,767
YH Bhatia,666,0,1,766
Asmavia Iqbal,225,27,0,765
NND de Silva,703,3,0,763
CJ Ferguson,663,0,1,763
S Horley,276,9,3,756
STR Binny,230,21,1,750
CK Coventry,645,0,1,745
H Madavi,729,0,0,729
MH Yardy,326,20,0,726
N Deonarine,546,4,1,726
IJR Zwilling,145,29,0,725
Hasan Mahmud,37,29,1,717
Saad Bin Zafar,217,25,0,717
A Bagai,614,0,1,714
Mohammad Mithun,711,0,0,711
JM Vince,590,1,1,710
SV Samson,510,0,2,710
Afif Hossain,548,3,1,708
S Rana,184,26,0,704
M Prasidh Krishna,2,30,1,702
PL Mommsen,601,0,1,701
BM Duckett,700,0,0,700
Kycia A Knight,699,0,0,699
PP Chawla,38,33,0,698
TLW Cooper,576,6,0,696
PA Patel,693,0,0,693
DT Christian,273,21,0,693
SW Billings,690,0,0,690
RM Ghosh,690,0,0,690
EJ Villani,468,6,1,688
ZE Green,686,0,0,686
Pratika Rawal,444,2,2,684
Shafali Verma,644,2,0,684
FH Allen,582,0,1,682
PA de Silva,390,14,0,670
WG Jacks,468,5,1,668
GWHM Perera,668,0,0,668
KDU Prabodhani,126,27,0,666
KM Dabengwa,364,15,0,664
L Balaji,104,28,0,664
NR Kirton,483,4,1,663
RH Priest,661,0,0,661
MK Pandey,558,0,1,658
SE Rutherford,497,3,1,657
L Tucker,657,0,0,657
SS Pathirana,332,16,0,652
J Mubarak,531,1,1,651
Sadia Iqbal,28,31,0,648
AM Peterson,167,19,1,647
WP Masakadza,204,22,0,644
MADD Surangika,642,0,0,642
PM Weerakkody,638,0,0,638
BJ Hodge,516,1,1,636
Sandeep Goud,535,0,1,635
PSP Handscomb,632,0,0,632
Imran Nazir,531,0,1,631
CG Williams,427,5,1,627
MS Panesar,26,30,0,626
CN Ackermann,326,15,0,626
S Molineux,64,23,1,624
PJ Moor,520,0,1,620
KT Perkins,618,0,0,618
MA Vermeulen,517,0,1,617
HN Ya France,237,14,1,617
Mominul Haque,495,6,0,615
Kaleem Sana,73,27,0,613
Shakeel Ahmed,69,17,2,609
Khaled Mashud,605,0,0,605
Kyshona A Knight,597,0,0,597
DNT Zoysa,36,23,1,596
LR Down,486,0,1,586
AC Botha,265,16,0,585
ME Bouchier,482,0,1,582
SI Kamea,18,28,0,578
M Mupachikwa,376,0,2,576
A Bosch,355,1,2,575
SW Ambris,473,0,1,573
BJ Watling,573,0,0,573
TBM de Leede,113,18,1,573
Nizakat Khan,508,3,0,568
CM McBride,386,4,1,566
L Winfield,564,0,0,564
MO Odumbe,324,7,1,564
TS Sekhukhune,24,27,0,564
SMA Priyanjan,420,7,0,560
EL Lamb,396,3,1,556
DD Ebrahim,555,0,0,555
A Nao,54,20,1,554
Abdullah Shafique,554,0,0,554
MDT Kamini,353,0,2,553
JE Cameron,452,0,1,552
A Ndiraya,428,1,1,548
M Dillon,44,25,0,544
Shariz Ahmad,159,19,0,539
MD Dai,277,13,0,537
Nasum Ahmed,156,14,1,536
NJ Carey,136,20,0,536
L Louwrens,535,0,0,535
PW Borren,413,6,0,533
Mohammad Nawaz (3),193,17,0,533
Murshida Khatun,429,0,1,529
KS Lokuarachchi,164,18,0,524
AR Caddick,64,18,1,524
JP Inglis,521,0,0,521
Nain Abidi,521,0,0,521
N Mlaba,40,24,0,520
K Doriga,520,0,0,520
SSB Magala,18,15,2,518
B Shikongo,17,25,0,517
CD Wallace,515,0,0,515
AH Maqsood,12,20,1,512
FL Mackay,125,19,0,505
A Sharma,323,4,1,503
L Klusener,163,12,1,503
AR White,301,10,0,501
Q Joseph,179,16,0,499
AN Petersen,498,0,0,498
Shayan Jahangir,497,0,0,497
H Hiri,435,3,0,495
T Mishra,395,0,1,495
C Brits,292,0,2,492
MK Tiwary,287,5,1,487
AA Obanda,487,0,0,487
T de Zorzi,381,0,1,481
AG Wharf,19,18,1,479
RS Williams,477,0,0,477
K Verreynne,476,0,0,476
Tanzim Hasan Sakib,95,14,1,475
Kabir Ali,54,21,0,474
MW Machan,393,4,0,473
V Krishnamurthy,410,3,0,470
BJ Currie,9,18,1,469
Javed Omar,468,0,0,468
MA Ouma,468,0,0,468
JL Denly,446,1,0,466
PP Ojha,46,21,0,466
B Evans,121,17,0,461
CB Wishart,361,0,1,461
M Vijay,339,1,1,459
BMSM Kumari,99,18,0,459
R Rijke,238,6,1,458
S Jimmy,118,17,0,458
GS Ballance,454,0,0,454
Mohammad Hasnain,53,20,0,453
TS Chisoro,109,12,1,449
SJ Myburgh,347,0,1,447
ID Blackwell,146,15,0,446
Mudassar Bukhari,126,16,0,446
N Chaiwai,244,0,2,444
F Overdijk,224,11,0,444
Ghulam Shabber,444,0,0,444
A Capsey,283,8,0,443
A Johnson,438,0,0,438
P Khadka,252,4,1,432
A Neill,29,15,1,429
R Ntozakhe,8,21,0,428
Adnan Mufti,328,0,1,428
MN van Wyk,425,0,0,425
Ebadat Hossain,3,21,0,423
Mahedi Hasan,122,15,0,422
MR Meshram,322,0,1,422
KE Bryce,301,6,0,421
E Otieno,21,15,1,421
AK Sah,320,0,1,420
Arshdeep Singh,37,14,1,417
EN Lynch,115,15,0,415
DLS van Bunge,293,6,0,413
FC Wilson,412,0,0,412
MDK Perera,152,13,0,412
Wasim Akram,71,12,1,411
RD Shah,407,0,0,407
Ayesha Zafar,407,0,0,407
Saud Shakeel,283,1,1,403
PKD Chase,22,19,0,402
RMVD Gunaratne,401,0,0,401
K Klein,61,17,0,401
MAA Sanjeewani,395,0,0,395
NS Dhaliwal,295,0,1,395
AB Barath,394,0,0,394
Suraj Kumar,392,0,0,392
T Putthawong,31,18,0,391
JF Kloppenburg,149,7,1,389
MA Jones,385,0,0,385
CS Baugh,382,0,0,382
S Laomi,61,16,0,381
WK McCallan,101,14,0,381
J Gumbie,379,0,0,379
XM Marshall,379,0,0,379
I Wardlaw,18,18,0,378
SR Thompson,178,10,0,378
SK Patel,278,0,1,378
Asif Ali,375,0,0,375
FC Jonas,14,18,0,374
PS Punia,273,0,1,373
CR Seneviratna,133,12,0,373
EC Rainsford,31,17,0,371
A Martin,10,13,1,370
PJ Forrest,368,0,0,368
MS Sinclair,367,0,0,367
Shamsur Rahman,266,0,1,366
CD de Lange,65,15,0,365
Tanzid Hasan,364,0,0,364
M Musonda,262,0,1,362
Taufeeq Umar,262,0,1,362
DG Brownlie,361,0,0,361
I Toua,41,11,1,361
DEM Carter,200,8,0,360
R Chopra,260,0,1,360
U Bhatti,120,12,0,360
Naseem Khushi,360,0,0,360
GR Codrington,80,9,1,360
Khushdil Shah,200,3,1,360
AJ Tye,57,15,0,357
MDN Hansika,357,0,0,357
R Gunasekera,255,0,1,355
V Sukumaran,194,3,1,354
Z James,89,13,0,349
JD Campbell,248,0,1,348
RK Kleinveldt,105,12,0,345
SM Davies,244,0,1,344
PRCS Kumarihami,283,3,0,343
C de Lange,103,12,0,343
JP Behrendorff,21,16,0,341
NV Knight,339,0,0,339
B Cooper,339,0,0,339
Usama Mir,38,15,0,338
GJ Delany,217,6,0,337
O Kamchomphu,35,15,0,335
Rashid Latif,335,0,0,335
Abid Ali,234,0,1,334
JP Bray,234,0,1,334
K Birkenstock,233,5,0,333
HP Tillakaratne,332,0,0,332
HMD Rasangika,232,0,1,332
K Fraser,152,9,0,332
A Flower,332,0,0,332
I Kaia,332,0,0,332
AJ Turner,192,2,1,332
AJ Ireland,12,16,0,332
KA Edwards,331,0,0,331
D Khanal,329,0,0,329
D Ravu,128,10,0,328
G Toka,268,3,0,328
SA Engelbrecht,327,0,0,327
A Athanaze,306,1,0,326
SJ Baard,326,0,0,326
P Marange,125,10,0,325
RML Taylor,105,11,0,325
Sidra Nawaz,325,0,0,325
N Niranjana,24,15,0,324
S Movva,324,0,0,324
MR Aguilleira,323,0,0,323
DA Gunawardene,322,0,0,322
S Bhari,22,15,0,322
SF Daley,141,9,0,321
R Mutumbami,319,0,0,319
TB Sole,38,9,1,318
T Stubbs,218,0,1,318
MC Henriques,117,10,0,317
JP Kotze,316,0,0,316
D la Cock,313,0,0,313
ADS Fletcher,305,0,0,305
Shamima Sultana,304,0,0,304
DO Obuya,302,0,0,302
AB Dinda,21,14,0,301
JL Pattinson,41,13,0,301
G Sultana,61,12,0,301
LE Bosman,301,0,0,301
PA Nixon,297,0,0,297
SL Quintyne,117,9,0,297
IA Karim,196,0,1,296
L Winfield-Hill,294,0,0,294
A Mazvishaya,54,12,0,294
V Araa,71,11,0,291
MV Waldron,290,0,0,290
Tushar Imran,250,2,0,290
B de Leede,289,0,0,289
PP Shaw,189,0,1,289
RD Rickelton,188,0,1,288
KK Ahmed,8,14,0,288
Shorna Akter,147,7,0,287
AJ Stewart,287,0,0,287
G Kodali,46,7,1,286
J Sumerauer,84,10,0,284
PA Chatterji,123,8,0,283
AAP Atkinson,63,11,0,283
S Chattergoon,281,0,0,281
ES Szwarczynski,281,0,0,281
CS Mugeri-Tiripano,280,0,0,280
Hannan Sarkar,280,0,0,280
S Nisansala,20,8,1,280
TD Smartt,40,12,0,280
D Langford-Smith,79,10,0,279
AI Chudasama,79,10,0,279
J Kila,159,6,0,279
DC Thomas,238,2,0,278
R Klein,38,12,0,278
JAD Lawrenson,177,0,1,277
DM Kimmince,37,7,1,277
RJ Trott,95,9,0,275
AM Hardie,134,7,0,274
Moin Khan,274,0,0,274
HHC Gunaratne,13,8,1,273
T Ruma,232,2,0,272
GH Worker,272,0,0,272
Umar Amin,271,0,0,271
S Tippoch,89,9,0,269
AM Samad,226,2,0,266
B Bezuidenhout,266,0,0,266
TA Blundell,266,0,0,266
B Bhandari,265,0,0,265
T Kamungozi,25,12,0,265
N Boochatham,64,10,0,264
L Tshuma,63,10,0,263
Umran Malik,2,13,0,262
Sadaf Shamas,262,0,0,262
P Siaka,160,5,0,260
A Sharafu,257,0,0,257
AGS Gous,157,0,1,257
DE Budge,237,1,0,257
GE Plimmer,256,0,0,256
Kainat Imtiaz,115,7,0,255
A Codrington,33,6,1,253
A Rawat,153,0,1,253
KD Shah,112,7,0,252
C Madande,251,0,0,251
Mohammad Aadil Alam,70,9,0,250
KO Otieno,250,0,0,250
HDPK Dharmasena,129,6,0,249
KO Meth,49,10,0,249
Amjad Ali,249,0,0,249
R Stokell,247,0,0,247
JG Bethell,167,4,0,247
SZ Thakor,46,10,0,246
Azhar Mahmood,126,6,0,246
NC Dodd,145,0,1,245
Nestor Dhamba,23,11,0,243
PT Collins,3,12,0,243
ML Udawatte,243,0,0,243
CS Fraser,62,9,0,242
T Maruma,122,6,0,242
E Schiferli,79,8,0,239
HJ Thomas,59,9,0,239
ARI Umeed,138,0,1,238
Musa Ahmed,238,0,0,238
Saeed Anwar,218,1,0,238
C Tear,237,0,0,237
D Dhingra,237,0,0,237
Iram Javed,216,1,0,236
CR Pagydyala,136,0,1,236
GJ Hopkins,236,0,0,236
NFI McCallum,233,0,0,233
P Maya,53,9,0,233
FR Davies,13,11,0,233
AM Tribe,233,0,0,233
NY McLean,231,0,0,231
AA Paradkar,51,9,0,231
H Karunaratne,190,2,0,230
Bilawal Bhatti,89,7,0,229
AS van Beuge,68,8,0,228
CNIM Joyce,228,0,0,228
TM Dowlin,228,0,0,228
RC Irani,67,8,0,227
AR Odedara,126,0,1,226
Jahurul Islam,226,0,0,226
ML Nkala,125,5,0,225
S Mostary,224,0,0,224
T Duffin,224,0,0,224
BR McDermott,223,0,0,223
IS Billcliff,223,0,0,223
CT Mutombodzi,122,5,0,222
P Mustard,219,0,0,219
DR Chumney,219,0,0,219
CMG Atkins,117,0,1,217
NR Kumar,177,2,0,217
M Levitt,196,1,0,216
H Patel,176,2,0,216
JM Fields,215,0,0,215
MW Short,195,1,0,215
T Marumani,214,0,0,214
C Sutthiruang,73,7,0,213
MM Penfold,12,10,0,212
DJM Short,211,0,0,211
Lata Mondal,170,2,0,210
MA Aponso,10,10,0,210
TK Musakanda,210,0,0,210
NRJ Croes,207,0,0,207
MM English,107,0,1,207
Khurram Manzoor,206,0,0,206
HS Modi,205,0,0,205
MKDI Amerasinghe,5,10,0,205
PLS Gamage,4,10,0,204
AA Jangoo,104,0,1,204
Avesh Khan,23,9,0,203
S Nitschke,81,1,1,201
S Sriharsha,200,0,0,200
NB Mahwire,40,8,0,200
Z Crawley,199,0,0,199
Saleem Elahi,199,0,0,199
TG Norris,59,7,0,199
GM Ewing,77,6,0,197
IH Romaine,175,1,0,195
Raza-ur-Rehman,174,1,0,194
PJ Ingram,193,0,0,193
HRA Rainey,12,9,0,192
S Siegers,11,9,0,191
SA Wijeratne,191,0,0,191
A Saud,189,0,0,189
BB Chari,186,0,0,186
G Kirsten,186,0,0,186
F Mutizwa,183,0,0,183
ND McKenzie,182,0,0,182
SM Benade,100,4,0,180
CMA Shillington,179,0,0,179
DM Richards,179,0,0,179
JA McCollum,178,0,0,178
MJ Cosgrove,78,0,1,178
B Zuiderent,178,0,0,178
S Gajnabi,77,5,0,177
IC Gaze,176,0,0,176
AB Kaur,55,6,0,175
S Forbes,175,0,0,175
HK Badani,135,2,0,175
G Voll,173,0,0,173
GM Harris,13,8,0,173
GM Hamilton,173,0,0,173
Mohammad Boota,173,0,0,173
CW Perchard,31,7,0,171
SJ Bryce,171,0,0,171
TK Patel,71,5,0,171
Najiha Alvi,170,0,0,170
KH Pandya,130,2,0,170
T Muzarabani,10,8,0,170
TSS Mackintosh,169,0,0,169
J Jarvis,28,7,0,168
SACA King,126,2,0,166
Nurul Hasan,165,0,0,165
ST Doheny,165,0,0,165
D Devnarain,145,1,0,165
H Carlyon,125,2,0,165
W O'Rourke,5,8,0,165
MJ Lumb,165,0,0,165
Shan Masood,163,0,0,163
AM Bacher,102,3,0,162
Y Venugopal Rao,161,0,0,161
BT Foakes,61,0,1,161
SJ McGlashan,160,0,0,160
FRJ Coleman,160,0,0,160
Akshay Homraj,159,0,0,159
TMM Newton,38,6,0,158
D Parashar,58,5,0,158
N Shangase,38,6,0,158
T Kaitano,157,0,0,157
Marina Iqbal,137,1,0,157
Waqar Younis,17,7,0,157
CJO Smith,157,0,0,157
SRH Curtis,156,0,0,156
CMW Read,156,0,0,156
A Kolan,155,0,0,155
P Molkenboer,135,1,0,155
Muhammad Jawadullah,14,7,0,154
MB Kruger,154,0,0,154
C Zhuwao,154,0,0,154
SP Patil,153,0,0,153
BCJ Cutting,53,5,0,153
TJ Friend,132,1,0,152
Qanita Jalil,32,6,0,152
D Ganga,152,0,0,152
AJ Redmond,152,0,0,152
AA Mulla,150,0,0,150
B Ward,69,4,0,149
BOP Fernando,148,0,0,148
BN Cooper,148,0,0,148
BYA Mendis,147,0,0,147
Khalid Latif,147,0,0,147
Nazimuddin,147,0,0,147
JA Burns,146,0,0,146
K Zondo,146,0,0,146
S Thuraisingam,26,6,0,146
NG Smith,26,6,0,146
OV Anderson,46,0,1,146
SM Kavanagh,126,1,0,146
S Jafta,144,0,0,144
CO Browne,144,0,0,144
D Elgar,104,2,0,144
HJW Gardiner,142,0,0,142
VV Morea,142,0,0,142
MB Loye,142,0,0,142
RD Jacobs,142,0,0,142
KJJ van Noortwijk,141,0,0,141
KNA Bandara,141,0,0,141
M Bhanuka,140,0,0,140
CT Dhururu,140,0,0,140
TS Hasabnis,140,0,0,140
D Myers,138,0,0,138
R Malhotra,118,1,0,138
KA Hope,138,0,0,138
T Bhatia,138,0,0,138
N Vare,138,0,0,138
S Verma,135,0,0,135
JB Reva,15,6,0,135
Faisal Iqbal,134,0,0,134
T Banton,134,0,0,134
PA Browne,134,0,0,134
JL Smith,133,0,0,133
OEG Baartman,13,6,0,133
D Keulder,132,0,0,132
GA Rogers,32,5,0,132
LP van Troost,112,1,0,132
KE Ebrahim,52,4,0,132
MK Villiers,32,5,0,132
DR Brown,72,3,0,132
TS Kamunhukamwe,131,0,0,131
DF Watts,130,0,0,130
GC Tonge,10,6,0,130
D Bau,130,0,0,130
RTM Mendis,50,4,0,130
PM Liyanagamage,28,5,0,128
Nafees Iqbal,128,0,0,128
SA Fritz,28,5,0,128
N Hussain,127,0,0,127
ZE Surkari,127,0,0,127
B Sai Sudharsan,127,0,0,127
CE Coulter Reilly,126,0,0,126
AE Smith,45,4,0,125
IM Vaghela,45,4,0,125
SG Whittingham,5,6,0,125
Z Groenewald,4,6,0,124
RS Kaluwitharana,124,0,0,124
Dhiman Ghosh,124,0,0,124
RP Lefebvre,43,4,0,123
PA Jaques,123,0,0,123
B Tau,123,0,0,123
Usman Limbada,123,0,0,123
E Mbofana,22,5,0,122
PA Desai,2,6,0,122
Ayasha Rahman,122,0,0,122
JP Maher,122,0,0,122
AL Hodgkinson,121,0,0,121
CJ Metcalfe,21,5,0,121
NE Farrant,41,4,0,121
K Weeraratne,120,0,0,120
N Koncharoenkai,120,0,0,120
Fariha Trisna,0,6,0,120
J Edness,119,0,0,119
JW Jenner,119,0,0,119
BJ Patel,118,0,0,118
J Anderson,118,0,0,118
JL Ontong,97,1,0,117
Khalid Kail,117,0,0,117
RD Gaikwad,115,0,0,115
Zulfiqar Babar,35,4,0,115
S Meghana,114,0,0,114
MA Carberry,114,0,0,114
RS Gavaskar,93,1,0,113
Jaker Ali,113,0,0,113
D Joseph,13,5,0,113
L Jack,113,0,0,113
DP Hyatt,112,0,0,112
TS Nethula,12,5,0,112
RN Bhatia,51,3,0,111
SC Kuggeleijn,11,5,0,111
C Carter,111,0,0,111
AN Kervezee,110,0,0,110
Mukesh Kumar,10,5,0,110
SV Carlisle,110,0,0,110
N Dutta,70,2,0,110
LHD Dilhara,49,3,0,109
C Abel,9,5,0,109
SSD Arachchige,89,1,0,109
R Murray,108,0,0,108
A Maregwede,108,0,0,108
KNM Fernando,107,0,0,107
Ehsan Adil,27,4,0,107
BA Parchment,107,0,0,107
SR Hain,106,0,0,106
A Minny,106,0,0,106
SL Kalis,106,0,0,106
HDJ Siegers,105,0,0,105
NE Bonner,85,1,0,105
Yasir Arafat,64,2,0,104
DA Minors,104,0,0,104
KV Jain,104,0,0,104
NA de Groot,44,3,0,104
PS Athavale,103,0,0,103
K Kamyuka,2,5,0,102
AC Cummins,21,4,0,101
Yasir Ali Chowdhury,101,0,0,101
R Kanoh,100,0,0,100
Shahzaib Hasan,100,0,0,100
GP Tom,19,4,0,99
CJ Bowes,99,0,0,99
Hamza Tariq,99,0,0,99
JP Greaves,79,1,0,99
MR Swart,59,2,0,99
TL Chivanga,18,4,0,98
I Maraj,98,0,0,98
Saqlain Mushtaq,17,4,0,97
JA Clarkson,17,4,0,97
AL Kandappah,97,0,0,97
RA Jones,96,0,0,96
GEF Barnett,95,0,0,95
IECM Wong,15,4,0,95
DS Bajwa,74,1,0,94
Sanjida Islam,93,0,0,93
Waheed Ahmed,73,1,0,93
O Bell,32,3,0,92
T Munyonga,92,0,0,92
SD Outerbridge,72,1,0,92
JV Harris,91,0,0,91
SK Atai,90,0,0,90
GB Murgatroyd,90,0,0,90
PBB Rajapaksa,89,0,0,89
TC Bastiampillai,89,0,0,89
Zahid Mahmood,9,4,0,89
SE Findlay,88,0,0,88
N Davin,88,0,0,88
GF Linde,27,3,0,87
J Fraser-McGurk,87,0,0,87
S Dhakal,7,4,0,87
P Mujaji,86,0,0,86
FL Reifer,86,0,0,86
Jubair Hossain,5,4,0,85
A Patel,25,3,0,85
S Immadi,4,4,0,84
JJ Atkinson,84,0,0,84
CJ Nevin,83,0,0,83
Z Mali,2,4,0,82
GC Bhogle,82,0,0,82
C Hemraj,82,0,0,82
Akhil Kumar,2,4,0,82
G Onions,1,4,0,81
EJB Miles,1,4,0,81
OC McCoy,0,4,0,80
M Terblanche,80,0,0,80
M McColl,80,0,0,80
Sufiyan Muqeem,0,4,0,80
Rabiya Shah,80,0,0,80
A Lister,80,0,0,80
M Spoors,80,0,0,80
Shaila Sharmin,59,1,0,79
E Claridge,79,0,0,79
S Badrinath,79,0,0,79
SJ Tsukigawa,39,2,0,79
N M'shangwe,38,2,0,78
T Suri,78,0,0,78
Sami Aslam,78,0,0,78
HJ Armitage,78,0,0,78
SP Khakurel,78,0,0,78
T Granger,38,2,0,78
SP Krishnamurthi,77,0,0,77
Ravinderpal Singh,77,0,0,77
SC Taylor,77,0,0,77
SC Joseph,77,0,0,77
SK Dolawatte,16,3,0,76
CA Lynn,75,0,0,75
MNK Fernando,75,0,0,75
RK Singh,55,1,0,75
SA Millanta,15,3,0,75
Utkarsh Srivastava,75,0,0,75
KDK Vithanage,75,0,0,75
N Gwanzura,74,0,0,74
U Raymond-Hoey,74,0,0,74
SW Poynter,74,0,0,74
RD Chahar,13,3,0,73
SS McKechnie,73,0,0,73
DS Weerakkody,73,0,0,73
TP Visee,72,0,0,72
J Smits,72,0,0,72
MG Neser,11,3,0,71
BJ Bennett,71,0,0,71
TN de Grooth,70,0,0,70
SW Currie,10,3,0,70
Shuvagata Hom,70,0,0,70
Natalia Pervaiz,70,0,0,70
K Frank,70,0,0,70
DR Mousley,69,0,0,69
Tilak Varma,68,0,0,68
Sana Javed,68,0,0,68
JI de Villiers,8,3,0,68
Ehsanul Haque,28,2,0,68
SR Waters,67,0,0,67
GM Strydom,67,0,0,67
Sharmin Sultana,67,0,0,67
DSK Madushanka,7,3,0,67
J Logtenberg,6,3,0,66
B Fernando,26,2,0,66
Mehran Khan,66,0,0,66
JR Philippe,65,0,0,65
HDRS Silva,25,2,0,65
AD Poynter,65,0,0,65
TH David,45,1,0,65
Batool Fatima,64,0,0,64
TJ Heggelman,23,2,0,63
O Chare,3,3,0,63
S Sriram,3,3,0,63
PD McGlashan,63,0,0,63
GH O'Brien,2,3,0,62
Adnan Akmal,62,0,0,62
J Gray,62,0,0,62
JM Willathgamuwa,2,3,0,62
G Fontenla,1,3,0,61
J Patraj,21,2,0,61
Khaled Ahmed,1,3,0,61
BA Langston,21,2,0,61
Shahbaz Ahmed,0,3,0,60
K Phillip,0,3,0,60
V Buruka,0,3,0,60
Shahid Wasif,60,0,0,60
BAM Heath,59,0,0,59
PJ Scholfield,59,0,0,59
Abdul Jabbar,59,0,0,59
MJ Hay,59,0,0,59
C Viljoen,19,2,0,59
Mohammad Naim,58,0,0,58
Hammad Mirza,58,0,0,58
M van Schoor,58,0,0,58
TMK Mawoyo,58,0,0,58
CS Terblanche,38,1,0,58
Qaiser Ali,38,1,0,58
W Sutherland,18,2,0,58
Tayyab Tahir,57,0,0,57
TS Roland-Jones,37,1,0,57
Akram Khan,57,0,0,57
L Sreekumar,57,0,0,57
S Jora,56,0,0,56
Zubayr Hamza,56,0,0,56
FY Fazal,55,0,0,55
J Figy John,55,0,0,55
Zafar Gohar,15,2,0,55
SE Aley,15,2,0,55
DES Maxwell,54,0,0,54
I van der Woning,13,2,0,53
L Cheatle,13,2,0,53
CAK Walton,53,0,0,53
AR Berenger,53,0,0,53
PRP Boissevain,33,1,0,53
AK Perera,52,0,0,52
K Thomson,52,0,0,52
J Overton,32,1,0,52
Waqas Khan,52,0,0,52
DO Leicher,32,1,0,52
IR James,51,0,0,51
CA Pujara,51,0,0,51
WA Agar,50,0,0,50
VR Vanitha,50,0,0,50
MJ Bulow,50,0,0,50
EL Watson,50,0,0,50
PJC Hoffmann,30,1,0,50
M van Jaarsveld,29,1,0,49
SS Tiwary,49,0,0,49
TB Robinson,48,0,0,48
SP de Alwis,28,1,0,48
Irfan Khan,48,0,0,48
Tasqeen Qadeer,48,0,0,48
Zulqarnain Haider,48,0,0,48
SKW Kelly,7,2,0,47
Steven Ryan Taylor,46,0,0,46
Faisal Hossain,26,1,0,46
Wasim Ali,26,1,0,46
Shahid Ahmadzai,26,1,0,46
KK Nair,46,0,0,46
TJG Pringle,6,2,0,46
M De Ridder,45,0,0,45
TV Mufambisi,45,0,0,45
Tabarak Dar,45,0,0,45
K Sonavale,5,2,0,45
RK Whelan,5,2,0,45
M Karg,45,0,0,45
Nahid Rana,4,2,0,44
RW Staple,4,2,0,44
A van der Merwe,4,2,0,44
Sania Khan,4,2,0,44
Al Sahariar,44,0,0,44
H Durham,4,2,0,44
B Siddharth,3,2,0,43
SJ Swanepoel,43,0,0,43
SC Meaker,2,2,0,42
BR Dorey,2,2,0,42
JA Turner,2,2,0,42
RL Bhudia,22,1,0,42
Mosharraf Hossain,22,1,0,42
KR Sen,2,2,0,42
Haider Ali,42,0,0,42
CD Cumming,42,0,0,42
Tareq Aziz,2,2,0,42
KY Ottley,41,0,0,41
WP Saha,41,0,0,41
Fayyaz Ahmed,41,0,0,41
K Mahato,1,2,0,41
AD Janakanthymala,1,2,0,41
M Shumba,40,0,0,40
Raza Hasan,0,2,0,40
C Sakariya,0,2,0,40
SG Borthwick,18,1,0,38
TCB Fernando,18,1,0,38
Tanvir Ahmed,18,1,0,38
CKB Kulasekara,38,0,0,38
R MacDonald-Gay,17,1,0,37
Aaditya Varadarajan,36,0,0,36
RWT Key,36,0,0,36
JO Troughton,36,0,0,36
NA Greenwood,35,0,0,35
C McAuslan,35,0,0,35
J van Vliet,35,0,0,35
JNT Vare,35,0,0,35
RD Steede,15,1,0,35
LDVV Silva,34,0,0,34
Abdul Shakoor,34,0,0,34
RP Alexander,34,0,0,34
TL Seifert,33,0,0,33
JAH Marshall,33,0,0,33
PARP Perera,33,0,0,33
A Aitken-Drummond,33,0,0,33
HM Tiffen,33,0,0,33
Mohammad Iqbal,33,0,0,33
MMA Jonkman,13,1,0,33
Ayesha Naseem,33,0,0,33
MHW Papps,32,0,0,32
D Cleaver,32,0,0,32
AA Deshpande,32,0,0,32
C Jonker,31,0,0,31
JB Nero,31,0,0,31
Javeria Rauf,11,1,0,31
D Daesrath,31,0,0,31
M Mangru,30,0,0,30
MF Kendal,30,0,0,30
SM Warnapura,30,0,0,30
AR Pitcher,30,0,0,30
Mohammad Haris,30,0,0,30
R Boyce,30,0,0,30
A Ashok,10,1,0,30
B Leephatthana,30,0,0,30
Saqlain Haider,30,0,0,30
RM Jariwala,30,0,0,30
KE Broadmore,9,1,0,29
DI Joyce,29,0,0,29
R Slater,9,1,0,29
HR Johnson,9,1,0,29
JJ Celestine,28,0,0,28
KED Carroll,28,0,0,28
CA Reid,8,1,0,28
OL Pitcher,28,0,0,28
CJ Smith,27,0,0,27
Hasibul Hossain,7,1,0,27
MJ Humphreys,6,1,0,26
AK Peters,6,1,0,26
M Faisal,26,0,0,26
SL Stewart,26,0,0,26
Khurram Nawaz,26,0,0,26
MT Chinouya,6,1,0,26
AF Buurman,26,0,0,26
Joginder Sharma,5,1,0,25
S Naik,25,0,0,25
Waqas Barkat,25,0,0,25
P Roy,5,1,0,25
RT Lyons,5,1,0,25
CH van Koolwijk,25,0,0,25
LJ Poulton,25,0,0,25
RW Sims,24,0,0,24
VR Iyer,24,0,0,24
BB Seebaran,4,1,0,24
H Graham,4,1,0,24
CK Hooper,4,1,0,24
J Yadav,3,1,0,23
KHRK Fernando,3,1,0,23
J Blackwood,23,0,0,23
Y van der Westhuizen,23,0,0,23
HL Baker,3,1,0,23
D Gamage,3,1,0,23
D Soraine,3,1,0,23
LK Ebsary,23,0,0,23
J Louw,23,0,0,23
SJ Massiah,23,0,0,23
RD McCann,23,0,0,23
Shamim Hossain,22,0,0,22
KC Hodsoll,2,1,0,22
Mohammad Salman,22,0,0,22
RM Patidar,22,0,0,22
C Prathyusha,2,1,0,22
RA Lewis,2,1,0,22
K Gowtham,2,1,0,22
JM Cox,22,0,0,22
LE Milliken,1,1,0,21
JW Wilson,1,1,0,21
LC Romero,1,1,0,21
W Mwayenga,1,1,0,21
EC Perry,21,0,0,21
BP Nash,21,0,0,21
F Hand,0,1,0,20
JS Ababu,0,1,0,20
JA Simpson,20,0,0,20
LR Naylor,20,0,0,20
AF Sattaur,20,0,0,20
L Rajadurai,20,0,0,20
MR Johnson,20,0,0,20
HGV Vare,20,0,0,20
SD Udal,0,1,0,20
S Jyoti,19,0,0,19
LR Johnson,19,0,0,19
S Khiaoto,18,0,0,18
CC Dalton,18,0,0,18
K Whatham,18,0,0,18
Jamaluddin Ahmed,18,0,0,18
Sultan Ahmed,18,0,0,18
Skhawat Ali,18,0,0,18
DI Allan,18,0,0,18
OO Bascome,17,0,0,17
CP Jack,17,0,0,17
J Sharma,17,0,0,17
SDNS Karunaratne,17,0,0,17
SJ Andrews,16,0,0,16
JH Desai,16,0,0,16
N Ifill,16,0,0,16
Nuzhat Tasnia,16,0,0,16
MM Iqbal,16,0,0,16
SP Terry,16,0,0,16
F Walters,16,0,0,16
Ankur Sharma,16,0,0,16
ML Patel,15,0,0,15
J Post,15,0,0,15
HD Rutherford,15,0,0,15
I Dulani,15,0,0,15
HM Watson,15,0,0,15
EMDY Munaweera,15,0,0,15
RM van Oosterom,15,0,0,15
F Tunnicliffe,15,0,0,15
AM McCarthy,15,0,0,15
IPP Batuwitarachchi,14,0,0,14
A Valthapa,14,0,0,14
MD du Preez,14,0,0,14
J Da Silva,14,0,0,14
O Davidson,14,0,0,14
G Chapple,14,0,0,14
AA Shafique,13,0,0,13
NK Crafton,13,0,0,13
Usman Salahuddin,13,0,0,13
MC Patel,13,0,0,13
HIS Mendis,13,0,0,13
NS Poonia,12,0,0,12
GI Maiden,12,0,0,12
S Dhamala,12,0,0,12
TW Hartley,12,0,0,12
S Daniel,12,0,0,12
SV Bahutule,11,0,0,11
Saad Ali,11,0,0,11
JW Ogle-Thomas,10,0,0,10
TR Ambrose,10,0,0,10
L Wood,10,0,0,10
Ansh Tandon,10,0,0,10
RO Hussain,10,0,0,10
RS Vandort,10,0,0,10
W Jaffer,10,0,0,10
F Kasteni,9,0,0,9
H Shah,9,0,0,9
Lovepreet Singh,9,0,0,9
Faisal Athar,9,0,0,9
VB van Jaarsveld,9,0,0,9
Rashid Zia,9,0,0,9
Ethan D'Souza,9,0,0,9
D Murphy,9,0,0,9
NJ Coffey,8,0,0,8
H Davids,8,0,0,8
ADJ Pitcher,8,0,0,8
BP Kruger,8,0,0,8
RH Scholte,8,0,0,8
RO Hinds,8,0,0,8
SB Bangar,8,0,0,8
Dilara Akter,8,0,0,8
PY Lavine,8,0,0,8
SJ Elliott,8,0,0,8
KH Butt,8,0,0,8
Mrittunjoy Chowdhury,8,0,0,8
Shawaal Zulfiqar,7,0,0,7
GA Manou,7,0,0,7
DG Blampied,7,0,0,7
N Rana,7,0,0,7
V Shetty,7,0,0,7
Naved Latif,7,0,0,7
Zeeshan Siddiqi,7,0,0,7
J Glasgow,7,0,0,7
NA Rock,7,0,0,7
ADR Campbell,7,0,0,7
D Prins,7,0,0,7
NA Statham,7,0,0,7
CR Foggo,6,0,0,6
SO Dowrich,6,0,0,6
SR Thadani,6,0,0,6
M Commins,6,0,0,6
MJ North,6,0,0,6
JE Dunford,6,0,0,6
MQ Sheikh,6,0,0,6
Naumanullah,5,0,0,5
NA Moodley,5,0,0,5
RT Crandon,5,0,0,5
N Fernandes,5,0,0,5
MJ Fourie,5,0,0,5
Tanbir Hayder,5,0,0,5
N Kruger,5,0,0,5
Aijaz Ali,5,0,0,5
JN Hamilton,5,0,0,5
HAPW Jayawardene,4,0,0,4
SD Heazlett,4,0,0,4
Kaynat Hafeez,4,0,0,4
T Gwandu,4,0,0,4
MWA van Nierop,4,0,0,4
Sufyan Mehmood,4,0,0,4
A Munisar,4,0,0,4
Talha Jubair,4,0,0,4
Rony Talukdar,4,0,0,4
Muhammad Farooq,4,0,0,4
VAB Tewarie,4,0,0,4
Pankaj Singh,3,0,0,3
A le Breton,3,0,0,3
HML Madushani,3,0,0,3
CK Kruger,3,0,0,3
A Shamshudeen,3,0,0,3
Sagar Pun,3,0,0,3
KA Blackwell,3,0,0,3
DOD Rikhi,3,0,0,3
Nasir Javed,2,0,0,2
JNK Shannon,2,0,0,2
U Thimashini,2,0,0,2
JN Rhodes,2,0,0,2
D Lakshan,2,0,0,2
KL Rolton,2,0,0,2
RJ Rolls,2,0,0,2
HWR Cartwright,2,0,0,2
LJ Hamilton,2,0,0,2
Fahad Nawaz,2,0,0,2
PG Gillespie,2,0,0,2
J Pashley,2,0,0,2
HE Whelan,2,0,0,2
Hussain Talat,2,0,0,2
Alawi Shukri,1,0,0,1
Tharika Sewwandi,1,0,0,1
GJ McCarter,1,0,0,1
Moniruzzaman,1,0,0,1
CM Beggs,1,0,0,1
Jannatul Ferdus,1,0,0,1
MT Herbert,1,0,0,1
RR Ramdass,1,0,0,1
Omid Shafi Rahman,1,0,0,1
Zakir Hasan,1,0,0,1
NV Ojha,1,0,0,1
SI Galagedara,0,0,0,0
GA Guy,0,0,0,0
APS Lakshika,0,0,0,0
Melanie Ani,0,0,0,0
A Chopra,0,0,0,0
SK Naidu,0,0,0,0
JA Whelan,0,0,0,0
JC Carroll,0,0,0,0
Sumaiya Akter,0,0,0,0
KL Tucker,0,0,0,0
Pooja Ganesh,0,0,0,0
CK Holder,0,0,0,0
VCE Wattenberg,0,0,0,0
LM Hoitink,0,0,0,0
MF Fahey,0,0,0,0
AL Watkins,0,0,0,0
S Lackay,0,0,0,0
Simandeep Singh,0,0,0,0
Shathira Jakir,0,0,0,0
Sultana Yesmin,0,0,0,0
D Foxcroft,0,0,0,0
PHT Kaushal,0,0,0,0
RA Rolfe,0,0,0,0
DL Blake,0,0,0,0
Fazle Mahmud,0,0,0,0
R Walters,0,0,0,0
AG Puttick,0,0,0,0
TJ Bishop,0,0,0,0
Shahriar Hossain,0,0,0,0
Salman Faris,0,0,0,0
Haseebullah Khan,0,0,0,0
Syeda Aroob Shah,0,0,0,0
