player_name,total_overs_bowled,total_wickets_taken,total_runs_conceded,Wickets_Per_Over,Runs_Conceded_Per_Wicket
Mohammad Yousuf,1,1,0,1.0,0.0
SIR Dunkley,4,1,1,0.25,1.0
DC Thomas,9,2,11,0.222,5.5
RK Singh,6,1,2,0.167,2.0
HE van der Dussen,6,1,3,0.167,3.0
SD Outerbridge,6,1,11,0.167,11.0
K Sonavale,15,2,4,0.133,2.0
JI Rodrigues,39,5,13,0.128,2.6
K Kamyuka,47,5,48,0.106,9.6
J Logtenberg,36,3,18,0.083,6.0
RL Haynes,24,2,34,0.083,17.0
TH David,12,1,20,0.083,20.0
Sufiyan Muqeem,49,4,53,0.082,13.25
DSK Madushanka,39,3,26,0.077,8.67
DJ Malan,15,1,17,0.067,17.0
NE Bolton,30,2,37,0.067,18.5
S Horley,136,9,80,0.066,8.89
IR Bell,92,6,89,0.065,14.83
KD Shah,110,7,79,0.064,11.29
C Viljoen,32,2,14,0.062,7.0
KR Sen,33,2,37,0.061,18.5
SC Kuggeleijn,87,5,62,0.057,12.4
CD de Lange,264,15,211,0.057,14.07
M du Preez,18,1,22,0.056,22.0
L Vincent,18,1,22,0.056,22.0
JL Ontong,18,1,24,0.056,24.0
S Laomi,295,16,176,0.054,11.0
S Sriram,56,3,43,0.054,14.33
MK Villiers,93,5,83,0.054,16.6
P Molkenboer,19,1,10,0.053,10.0
G Singh,113,6,97,0.053,16.17
G Malla,19,1,18,0.053,18.0
JA Clarkson,75,4,73,0.053,18.25
AH Maqsood,383,20,257,0.052,12.85
HRA Rainey,172,9,145,0.052,16.11
RTM Mendis,77,4,74,0.052,18.5
GH O'Brien,62,3,32,0.048,10.67
DM Kimmince,146,7,96,0.048,13.71
K Klein,351,17,266,0.048,15.65
TJ Heggelman,42,2,34,0.048,17.0
RD Chahar,62,3,58,0.048,19.33
RJ Trott,193,9,158,0.047,17.56
GT Main,695,33,609,0.047,18.45
OC McCoy,87,4,110,0.046,27.5
A Patel,66,3,73,0.045,24.33
BJ Currie,411,18,266,0.044,14.78
T Ruma,45,2,30,0.044,15.0
AS van Beuge,183,8,159,0.044,19.88
O Kamchomphu,349,15,162,0.043,10.8
S Tippoch,211,9,100,0.043,11.11
S Jimmy,394,17,230,0.043,13.53
Pargat Singh,116,5,84,0.043,16.8
Z James,304,13,235,0.043,18.08
Shaiman Anwar,117,5,136,0.043,27.2
SJ Tsukigawa,48,2,20,0.042,10.0
Shakeel Ahmed,402,17,193,0.042,11.35
Saeed Anwar,24,1,15,0.042,15.0
S Dhaniram,552,23,408,0.042,17.74
STR Binny,503,21,440,0.042,20.95
Ebadat Hossain,505,21,453,0.042,21.57
RR Sarwan,383,16,393,0.042,24.56
CM Edwards,48,2,51,0.042,25.5
A Balbirnie,24,1,31,0.042,31.0
S Mandhana,24,1,36,0.042,36.0
S Lamichhane,2942,120,2185,0.041,18.21
J Sumerauer,246,10,213,0.041,21.3
DJ Mitchell,315,13,293,0.041,22.54
JN Loftie-Eaton,542,22,498,0.041,22.64
SSB Magala,362,15,384,0.041,25.6
SA Fritz,125,5,38,0.04,7.6
IJR Zwilling,722,29,415,0.04,14.31
P Maya,226,9,165,0.04,18.33
Z Groenewald,151,6,110,0.04,18.33
DS Bajwa,25,1,27,0.04,27.0
AA Paradkar,224,9,245,0.04,27.22
T Putthawong,462,18,230,0.039,12.78
C Sakariya,51,2,34,0.039,17.0
OEG Baartman,154,6,103,0.039,17.17
HHC Gunaratne,205,8,169,0.039,21.12
Imran Farhat,51,2,44,0.039,22.0
Mohammad Wasim,927,36,858,0.039,23.83
DLS van Bunge,154,6,181,0.039,30.17
S Molineux,613,23,339,0.038,14.74
A Ndiraya,26,1,16,0.038,16.0
J Overton,26,1,17,0.038,17.0
JL Jonassen,3541,136,2375,0.038,17.46
W Sutherland,53,2,35,0.038,17.5
Tareq Aziz,53,2,35,0.038,17.5
Wasim Akram,314,12,216,0.038,18.0
SK Dolawatte,78,3,56,0.038,18.67
A Athanaze,26,1,19,0.038,19.0
MMA Jonkman,26,1,21,0.038,21.0
Akhil Kumar,106,4,84,0.038,21.0
Arshdeep Singh,365,14,296,0.038,21.14
Mominul Haque,157,6,137,0.038,22.83
Khaled Ahmed,80,3,72,0.038,24.0
AJ Tye,400,15,396,0.038,26.4
LC Romero,26,1,52,0.038,52.0
K Fraser,245,9,145,0.037,16.11
S Bhari,402,15,246,0.037,16.4
P Siaka,136,5,83,0.037,16.6
BJ McMullen,1048,39,724,0.037,18.56
TBM de Leede,484,18,413,0.037,22.94
M Prasidh Krishna,819,30,756,0.037,25.2
Haris Rauf,2113,79,2029,0.037,25.68
Waqar Younis,189,7,181,0.037,25.86
Soumya Sarkar,543,20,545,0.037,27.25
NA de Groot,81,3,88,0.037,29.33
MK Tiwary,136,5,150,0.037,30.0
Pratika Rawal,54,2,63,0.037,31.5
SM Benade,111,4,43,0.036,10.75
R Rijke,167,6,110,0.036,18.33
Nestor Dhamba,308,11,210,0.036,19.09
JF Kloppenburg,192,7,138,0.036,19.71
KE Ebrahim,110,4,83,0.036,20.75
SW Tait,1833,66,1533,0.036,23.23
AE Smith,115,4,51,0.035,12.75
B Siddharth,57,2,26,0.035,13.0
KE Bryce,173,6,101,0.035,16.83
J Nkomo,714,25,431,0.035,17.24
LM Kasperek,1622,57,1091,0.035,19.14
NR Kirton,114,4,77,0.035,19.25
SL Quintyne,260,9,176,0.035,19.56
A Flintoff,3784,132,2682,0.035,20.32
DJS Dottin,1496,53,1209,0.035,22.81
WW Hinds,626,22,515,0.035,23.41
F Overdijk,318,11,262,0.035,23.82
Karan KC,2323,81,1972,0.035,24.35
MJ Henry,4452,155,3810,0.035,24.58
OA Shah,199,7,184,0.035,26.29
J Jarvis,202,7,192,0.035,27.43
Jubair Hossain,115,4,115,0.035,28.75
AB de Villiers,201,7,205,0.035,29.29
CL White,318,11,331,0.035,30.09
A Gardner,3018,103,2068,0.034,20.08
V Araa,322,11,221,0.034,20.09
JJ Smit,1134,39,794,0.034,20.36
HC Knight,1392,48,1020,0.034,21.25
LL Tsotsobe,2988,102,2360,0.034,23.14
JH Davey,769,26,618,0.034,23.77
MJ Guptill,116,4,100,0.034,25.0
PWH de Silva,2482,85,2164,0.034,25.46
AR Cusack,1009,34,866,0.034,25.47
S Gajnabi,148,5,130,0.034,26.0
AR Adams,834,28,730,0.034,26.07
KW Richardson,1338,45,1251,0.034,27.8
N Pooran,178,6,174,0.034,29.0
IECM Wong,118,4,122,0.034,30.5
Wasim Ali,29,1,31,0.034,31.0
Umran Malik,381,13,408,0.034,31.38
Mohammad Aadil Alam,272,9,166,0.033,18.44
Ehsanul Haque,61,2,37,0.033,18.5
PA Desai,181,6,115,0.033,19.17
S Ismail,4242,142,2821,0.033,19.87
Kaleem Sana,813,27,561,0.033,20.78
JM Kerr,1662,55,1194,0.033,21.71
NW Bracken,5095,168,3792,0.033,22.57
A Neill,448,15,345,0.033,23.0
Q Joseph,480,16,380,0.033,23.75
KIC Asalanka,486,16,388,0.033,24.25
K Bhurtel,361,12,292,0.033,24.33
GF Linde,91,3,73,0.033,24.33
DW Steyn,6388,212,5202,0.033,24.54
Zahoor Khan,2888,95,2407,0.033,25.34
Kuldeep Yadav,5236,173,4400,0.033,25.43
JDF Vandersay,1206,40,1091,0.033,27.28
Fatima Sana,1772,59,1626,0.033,27.56
Zafar Gohar,61,2,56,0.033,28.0
KC Hodsoll,30,1,28,0.033,28.0
WD Parnell,3340,110,3090,0.033,28.09
Ali Naseer,701,23,667,0.033,29.0
EJB Miles,120,4,117,0.033,29.25
S Sreesanth,2481,81,2388,0.033,29.48
Hasan Mahmud,886,29,873,0.033,30.1
Kabir Ali,640,21,648,0.033,30.86
TT Samaraweera,30,1,33,0.033,33.0
RW Staple,61,2,78,0.033,39.0
SE Aley,63,2,29,0.032,14.5
GM Harris,249,8,144,0.032,18.0
C Abel,156,5,96,0.032,19.2
AM Peterson,593,19,371,0.032,19.53
JM Willathgamuwa,94,3,63,0.032,21.0
AG Wharf,562,18,403,0.032,22.39
N Niranjana,476,15,340,0.032,22.67
R Trumpelmann,1773,56,1324,0.032,23.64
S Luus,2630,84,2006,0.032,23.88
H Durham,62,2,48,0.032,24.0
Imran Tahir,5556,180,4325,0.032,24.03
Shorna Akter,216,7,171,0.032,24.43
MG Johnson,7537,243,5977,0.032,24.6
CW Perchard,216,7,174,0.032,24.86
UDU Chandana,1194,38,978,0.032,25.74
HK Badani,63,2,53,0.032,26.5
S Siegers,283,9,243,0.032,27.0
GA Rogers,154,5,138,0.032,27.6
DJ Bravo,6052,193,5330,0.032,27.62
SL Malinga,10803,343,9518,0.032,27.75
A Codrington,187,6,169,0.032,28.17
Shoriful Islam,1445,46,1379,0.032,29.98
KK Ahmed,435,14,423,0.032,30.21
RA Lewis,31,1,31,0.032,31.0
Gulsan Jha,951,30,937,0.032,31.23
Shariz Ahmad,595,19,596,0.032,31.37
E Otieno,463,15,479,0.032,31.93
O Thomas,931,30,998,0.032,33.27
Raza Hasan,62,2,68,0.032,34.0
JG Bethell,124,4,145,0.032,36.25
CR Seneviratna,392,12,234,0.031,19.5
M van Jaarsveld,32,1,20,0.031,20.0
Simi Singh,958,30,615,0.031,20.5
DNT Zoysa,750,23,560,0.031,24.35
T Muzarabani,256,8,195,0.031,24.38
RM Haq,871,27,673,0.031,24.93
FL Mackay,614,19,475,0.031,25.0
N de Klerk,1702,53,1362,0.031,25.7
S Thuraisingam,191,6,162,0.031,27.0
R Rampaul,3703,115,3136,0.031,27.27
Sompal Kami,2511,79,2168,0.031,27.44
JB Reva,192,6,165,0.031,27.5
TL Best,1175,36,994,0.031,27.61
IK Pathan,5050,156,4419,0.031,28.33
A Nehra,3745,115,3363,0.031,29.24
KP Meiyappan,1228,38,1123,0.031,29.55
Tanzim Hasan Sakib,445,14,417,0.031,29.79
BM Halliday,223,7,209,0.031,29.86
SI Mahmood,1238,38,1145,0.031,30.13
B Shikongo,796,25,755,0.031,30.2
B Evans,542,17,525,0.031,30.88
UT Yadav,3701,116,3659,0.031,31.54
JD Ryder,359,11,357,0.031,32.45
LN Rajbanshi,1388,42,893,0.03,21.26
AR Caddick,604,18,389,0.03,21.61
AD Janakanthymala,67,2,47,0.03,23.5
ASS Fletcher,2041,61,1526,0.03,25.02
AR White,328,10,253,0.03,25.3
LMM Tahuhu,3276,98,2511,0.03,25.62
S Nisansala,269,8,209,0.03,26.12
MF Maharoof,3911,118,3113,0.03,26.38
JM Davison,630,19,513,0.03,27.0
Junaid Siddique,2575,77,2137,0.03,27.75
KAJ Roach,4472,132,3775,0.03,28.6
JF Mooney,1242,37,1119,0.03,30.24
AD Russell,2362,72,2235,0.03,31.04
AL Phehlukwayo,3189,96,3003,0.03,31.28
NR Kumar,67,2,67,0.03,33.5
Z Mali,139,4,81,0.029,20.25
G Fontenla,102,3,65,0.029,21.67
A Martin,447,13,300,0.029,23.08
EN Lynch,510,15,355,0.029,23.67
A Khaka,4389,129,3067,0.029,23.78
RK Paudel,346,10,238,0.029,23.8
Fariha Trisna,208,6,144,0.029,24.0
D Gough,2004,58,1504,0.029,25.93
A Mohammed,2015,58,1533,0.029,26.43
Washington Sundar,807,23,631,0.029,27.43
AA Alleyne,1021,30,834,0.029,27.8
MA Leask,2184,64,1789,0.029,27.95
P Roy,34,1,28,0.029,28.0
SM Sharif,3099,89,2497,0.029,28.06
MM Patel,3188,93,2614,0.029,28.11
SI Kamea,950,28,797,0.029,28.46
GR Codrington,307,9,267,0.029,29.67
I Wardlaw,622,18,596,0.029,33.11
Usama Mir,521,15,507,0.029,33.8
JA Turner,70,2,70,0.029,35.0
Mohammad Hasnain,695,20,705,0.029,35.25
Afif Hossain,105,3,108,0.029,36.0
G Toka,102,3,111,0.029,37.0
H Hiri,103,3,114,0.029,38.0
NG Smith,208,6,230,0.029,38.33
Iram Javed,34,1,41,0.029,41.0
AM Samad,69,2,93,0.029,46.5
N Boochatham,356,10,165,0.028,16.5
C Sutthiruang,246,7,149,0.028,21.29
Sadia Iqbal,1105,31,671,0.028,21.65
AM Bacher,108,3,66,0.028,22.0
M Kapp,4729,133,3154,0.028,23.71
TK Patel,176,5,120,0.028,24.0
SP Narine,3554,99,2445,0.028,24.7
CM McBride,145,4,102,0.028,25.5
TM Odoyo,1635,45,1172,0.028,26.04
JN Frylinck,1298,36,938,0.028,26.06
I Toua,395,11,288,0.028,26.18
CA Soper,2380,67,1774,0.028,26.48
A Capsey,289,8,218,0.028,27.25
HM Rowe,2075,58,1603,0.028,27.64
AJ Hosein,2132,60,1709,0.028,28.48
DT Christian,739,21,605,0.028,28.81
Mahedi Hasan,534,15,441,0.028,29.4
SR Watson,5690,162,4780,0.028,29.51
M Klaas,2771,77,2277,0.028,29.57
RP Singh,2817,80,2487,0.028,31.09
HDRL Thirimanne,107,3,94,0.028,31.33
T Mupariwa,1417,39,1225,0.028,31.41
DPMD Jayawardene,72,2,63,0.028,31.5
MDK Perera,466,13,413,0.028,31.77
W O'Rourke,287,8,258,0.028,32.25
TT Bresnan,4300,120,3879,0.028,32.33
LV van Beek,1759,50,1619,0.028,32.38
RN ten Doeschate,711,20,654,0.028,32.7
L Balaji,1005,28,928,0.028,33.14
SR Thompson,357,10,333,0.028,33.3
T Maruma,217,6,204,0.028,34.0
TK Curran,1340,38,1315,0.028,34.61
AAP Atkinson,399,11,395,0.028,35.91
JDS Neesham,2512,71,2573,0.028,36.24
Khushdil Shah,109,3,122,0.028,40.67
PKD Chase,668,19,776,0.028,40.84
V Krishnamurthy,113,3,58,0.027,19.33
BM Scholtz,2619,70,1479,0.027,21.13
NJ Carey,754,20,511,0.027,25.55
Rumana Ahmed,951,26,669,0.027,25.73
IDR Bradshaw,2537,69,1777,0.027,25.75
AC Botha,597,16,424,0.027,26.5
HK Matthews,3025,83,2210,0.027,26.63
Nashra Sandhu,3282,87,2413,0.027,27.74
KS Lokuarachchi,666,18,503,0.027,27.94
AE Satterthwaite,1060,29,839,0.027,28.93
PT Collins,442,12,354,0.027,29.5
Nizakat Khan,110,3,89,0.027,29.67
WB Rankin,2489,67,1996,0.027,29.79
CN Ackermann,553,15,448,0.027,29.87
RJ Peterson,2798,76,2280,0.027,30.0
EL Lamb,110,3,96,0.027,32.0
SG Whittingham,226,6,192,0.027,32.0
AB Kaur,226,6,197,0.027,32.83
Javeria Khan,299,8,271,0.027,33.88
SPD Smith,1081,29,985,0.027,33.97
KA Pollard,2226,59,2086,0.027,35.36
CR Brathwaite,1725,46,1647,0.027,35.8
EJ Villani,222,6,216,0.027,36.0
CJ Jordan,1728,47,1708,0.027,36.34
Vikramjit Singh,257,7,261,0.027,37.29
SF Mire,408,11,420,0.027,38.18
Tanvir Ahmed,37,1,45,0.027,45.0
D Parashar,192,5,93,0.026,18.6
LA Marsh,2048,53,1414,0.026,26.68
MG Erasmus,1286,34,921,0.026,27.09
TG Norris,268,7,191,0.026,27.29
EA Perry,3198,83,2352,0.026,28.34
DT Johnston,1508,39,1133,0.026,29.05
PJ Ongondo,1313,34,995,0.026,29.26
M Dillon,980,25,737,0.026,29.48
AD Mathews,5205,137,4068,0.026,29.69
AC Kerr,3719,97,2891,0.026,29.8
O Chare,116,3,91,0.026,30.33
ST Jayasuriya,4004,105,3194,0.026,30.42
Sohag Gazi,939,24,736,0.026,30.67
R Ashwin,6358,166,5228,0.026,31.49
DN Wyatt,537,14,447,0.026,31.93
MS Dhoni,38,1,32,0.026,32.0
Mudassar Bukhari,606,16,515,0.026,32.19
M van Lingen,76,2,65,0.026,32.5
S Randiv,1447,38,1240,0.026,32.63
Mashrafe Mortaza,8756,227,7441,0.026,32.78
SO Tikolo,1089,28,919,0.026,32.82
DN Wellalage,1040,27,909,0.026,33.67
SMA Priyanjan,270,7,236,0.026,33.71
MKDI Amerasinghe,391,10,339,0.026,33.9
JA Morkel,1900,50,1736,0.026,34.72
JO Holder,6205,162,5712,0.026,35.26
M Vijay,38,1,38,0.026,38.0
SE Rutherford,115,3,161,0.026,53.67
AI Chudasama,405,10,250,0.025,25.0
D Hazell,1375,34,904,0.025,26.59
V Sukumaran,122,3,83,0.025,27.67
H Thaker,882,22,617,0.025,28.05
WPUJC Vaas,4806,118,3317,0.025,28.11
FR Davies,439,11,316,0.025,28.73
Kashif Daud,676,17,495,0.025,29.12
SS Weerakkody,1122,28,826,0.025,29.5
Rohan Mustafa,3508,87,2654,0.025,30.51
Syed Rasel,2095,53,1634,0.025,30.83
SMSM Senanayake,2384,60,1892,0.025,31.53
S Rana,1030,26,820,0.025,31.54
CH Gayle,4517,112,3569,0.025,31.87
TS Chisoro,488,12,383,0.025,31.92
Umaima Sohail,711,18,584,0.025,32.44
Mehedi Hasan Miraz,4240,107,3511,0.025,32.81
B Muzarabani,2131,54,1794,0.025,33.22
MJ Clarke,2264,56,1868,0.025,33.36
N Vanua,2223,56,1880,0.025,33.57
L Klusener,476,12,403,0.025,33.58
J Kila,239,6,203,0.025,33.83
O Prendergast,733,18,616,0.025,34.22
PP Chawla,1330,33,1131,0.025,34.27
RK Kleinveldt,481,12,415,0.025,34.58
Yuvraj Singh,4028,99,3438,0.025,34.73
D Joseph,202,5,174,0.025,34.8
Mohammad Nawaz (3),690,17,595,0.025,35.0
RML Taylor,437,11,386,0.025,35.09
MC Henriques,408,10,354,0.025,35.4
MR Marsh,2257,57,2047,0.025,35.91
HH Pandya,3218,81,2919,0.025,36.04
P Vastrakar,1155,29,1049,0.025,36.17
KJ O'Brien,2392,60,2221,0.025,37.02
C Green,841,21,788,0.025,37.52
LM Jongwe,1126,28,1083,0.025,38.68
HDRS Silva,80,2,83,0.025,41.5
KO Meth,400,10,416,0.025,41.6
Javeria Rauf,40,1,47,0.025,47.0
TD Smartt,508,12,319,0.024,26.58
Aayan Afzal Khan,1801,43,1202,0.024,27.95
DS Airee,1919,46,1287,0.024,27.98
SSD Arachchige,42,1,28,0.024,28.0
SW Currie,126,3,87,0.024,29.0
SD Udal,42,1,29,0.024,29.0
A Mazvishaya,491,12,350,0.024,29.17
Kushal Malla,1068,26,766,0.024,29.46
MD Dai,545,13,387,0.024,29.77
Saad Bin Zafar,1063,25,760,0.024,30.4
PP Ojha,882,21,660,0.024,31.43
AR Patel,2804,67,2117,0.024,31.6
I Ranaweera,2569,62,1975,0.024,31.85
Saqlain Mushtaq,166,4,132,0.024,33.0
CA Henry,1354,33,1105,0.024,33.48
Abdul Razzaq,4518,110,3694,0.024,33.58
LHD Dilhara,126,3,101,0.024,33.67
TS Roland-Jones,42,1,34,0.024,34.0
PA de Silva,572,14,487,0.024,34.79
M Kartik,1227,30,1048,0.024,34.93
KM Jadhav,1173,28,1005,0.024,35.89
JP Behrendorff,656,16,581,0.024,36.31
DJ Hussey,791,19,694,0.024,36.53
Avesh Khan,371,9,330,0.024,36.67
SKW Kelly,84,2,74,0.024,37.0
YK Pathan,1517,37,1379,0.024,37.27
AC Jayangani,1421,34,1295,0.024,38.09
AJ Ireland,674,16,612,0.024,38.25
K Mahato,85,2,77,0.024,38.5
PLS Gamage,418,10,397,0.024,39.7
AC Voges,247,6,240,0.024,40.0
GD Phillips,547,13,541,0.024,41.62
I Udana,908,22,928,0.024,42.18
AT Rayudu,124,3,128,0.024,42.67
Muhammad Jawadullah,288,7,316,0.024,45.14
JI de Villiers,126,3,140,0.024,46.67
RR Hendricks,42,1,47,0.024,47.0
M Labuschagne,254,6,284,0.024,47.33
HJ Thomas,392,9,246,0.023,27.33
R Ntozakhe,912,21,582,0.023,27.71
L Lee,86,2,56,0.023,28.0
A Vala,2017,47,1320,0.023,28.09
G Sultana,518,12,338,0.023,28.17
U Bhatti,516,12,350,0.023,29.17
AJ Turner,86,2,60,0.023,30.0
AF Giles,1628,38,1144,0.023,30.11
WK McCallan,612,14,425,0.023,30.36
BCJ Cutting,220,5,160,0.023,32.0
TS Sekhukhune,1150,27,875,0.023,32.41
JR Hopes,3132,73,2414,0.023,33.07
MS Panesar,1314,30,1000,0.023,33.33
LPC Silva,44,1,34,0.023,34.0
H Deol,87,2,69,0.023,34.5
PA Chatterji,351,8,284,0.023,35.5
DR Smith,2257,53,1888,0.023,35.62
PD Collingwood,4250,96,3444,0.023,35.88
V Sehwag,2475,58,2083,0.023,35.91
RC Irani,355,8,288,0.023,36.0
A Nao,871,20,724,0.023,36.2
Jatinder Singh,43,1,37,0.023,37.0
Asmavia Iqbal,1165,27,1019,0.023,37.74
SZ Thakor,442,10,378,0.023,37.8
Shafali Verma,87,2,76,0.023,38.0
JM Vince,43,1,38,0.023,38.0
MA Aponso,431,10,381,0.023,38.1
MD Shanaka,938,22,844,0.023,38.36
AM Hardie,301,7,269,0.023,38.43
G Kodali,306,7,275,0.023,39.29
E Chigumbura,3753,88,3551,0.023,40.35
RP Arnold,352,8,326,0.023,40.75
Agha Salman,662,15,622,0.023,41.47
MP Stoinis,2073,48,2067,0.023,43.06
AB Dinda,613,14,618,0.023,44.14
LP van Troost,43,1,82,0.023,82.0
Tushar Imran,90,2,59,0.022,29.5
P Marange,457,10,307,0.022,30.7
GM Ewing,273,6,186,0.022,31.0
GP Tom,184,4,127,0.022,31.75
TB Sole,412,9,291,0.022,32.33
SFM Devine,2489,55,1914,0.022,34.8
GB Brent,1140,25,900,0.022,36.0
S Matsikenyeri,687,15,563,0.022,37.53
RS Bopara,1858,41,1546,0.022,37.71
J Patraj,92,2,76,0.022,38.0
BMAJ Mendis,1394,31,1199,0.022,38.68
SC Ganguly,1015,22,864,0.022,39.27
CS Fraser,409,9,358,0.022,39.78
TM Head,1117,25,1062,0.022,42.48
MM Lanning,45,1,44,0.022,44.0
RR Rossouw,46,1,44,0.022,44.0
B Ward,183,4,186,0.022,46.5
PM Liyanagamage,229,5,271,0.022,54.2
RL Bhudia,48,1,23,0.021,23.0
H Graham,48,1,30,0.021,30.0
SA Campbelle,195,4,130,0.021,32.5
L Tshuma,466,10,328,0.021,32.8
DEM Carter,380,8,268,0.021,33.5
V Buruka,143,3,106,0.021,35.33
Nida Dar,2917,62,2224,0.021,35.87
CL Tryon,1914,40,1445,0.021,36.12
J Botha,3673,77,2839,0.021,36.87
Saud Shakeel,47,1,37,0.021,37.0
NB Mahwire,389,8,297,0.021,37.12
S Bau,613,13,492,0.021,37.85
Mohammad Nawaz,982,21,843,0.021,40.14
E Schiferli,388,8,331,0.021,41.38
T Kamungozi,580,12,500,0.021,41.67
JP Duminy,3460,74,3094,0.021,41.81
KM Dabengwa,715,15,647,0.021,43.13
SS Pathirana,776,16,724,0.021,45.25
Haris Sohail,613,13,593,0.021,45.62
WG Jacks,240,5,229,0.021,45.8
CJ Chibhabha,1417,30,1379,0.021,45.97
K Birkenstock,236,5,230,0.021,46.0
GH Lewis,390,8,373,0.021,46.62
TL Chivanga,189,4,187,0.021,46.75
RK Whelan,95,2,105,0.021,52.5
DR Brown,140,3,163,0.021,54.33
RP Lefebvre,199,4,126,0.02,31.5
C de Lange,611,12,416,0.02,34.67
R Slater,51,1,35,0.02,35.0
D Langford-Smith,489,10,362,0.02,36.2
D Elgar,98,2,74,0.02,37.0
LE Milliken,49,1,37,0.02,37.0
GC Tonge,307,6,229,0.02,38.17
Diana Baig,2121,43,1683,0.02,39.14
CJA Amini,1620,33,1298,0.02,39.33
R Klein,615,12,496,0.02,41.33
RD Berrington,762,15,647,0.02,43.13
NJ Astle,404,8,346,0.02,43.25
Mahmudullah,4086,83,3605,0.02,43.43
SK Raina,2147,42,1832,0.02,43.62
J Mubarak,51,1,44,0.02,44.0
AC Agar,1107,22,970,0.02,44.09
GJ Maxwell,3812,78,3441,0.02,44.12
Mukesh Kumar,249,5,221,0.02,44.2
MM Ali,5935,119,5303,0.02,44.56
F Hand,49,1,45,0.02,45.0
AC Cummins,203,4,181,0.02,45.25
AR Nurse,2187,44,2009,0.02,45.66
SR Tendulkar,1545,31,1420,0.02,45.81
KP Pietersen,403,8,368,0.02,46.0
MD Gunathilaka,405,8,375,0.02,46.88
K Gowtham,50,1,51,0.02,51.0
H Karunaratne,101,2,103,0.02,51.5
SA Millanta,153,3,164,0.02,54.67
Marina Iqbal,49,1,62,0.02,62.0
Qanita Jalil,323,6,171,0.019,28.5
Mohammad Hafeez,7303,142,5081,0.019,35.78
HN Ya France,726,14,556,0.019,39.71
CG Williams,264,5,201,0.019,40.2
HASD Siriwardene,1695,32,1341,0.019,41.91
Nahid Rana,104,2,86,0.019,43.0
Shahbaz Ahmed,156,3,129,0.019,43.0
TM Dilshan,5141,97,4197,0.019,43.27
MO Odumbe,364,7,307,0.019,43.86
SW Bates,1326,25,1098,0.019,43.92
MM Penfold,540,10,447,0.019,44.7
TLW Cooper,315,6,282,0.019,47.0
G Onions,215,4,189,0.019,47.25
E Mbofana,269,5,250,0.019,50.0
TS Nethula,268,5,250,0.019,50.0
H Patel,107,2,102,0.019,51.0
T Granger,108,2,112,0.019,56.0
JW Wilson,54,1,68,0.019,68.0
SG Borthwick,54,1,72,0.019,72.0
ID Blackwell,846,15,567,0.018,37.8
Sania Khan,111,2,76,0.018,38.0
D Soraine,55,1,38,0.018,38.0
Bismah Maroof,666,12,498,0.018,41.5
KDU Prabodhani,1485,27,1130,0.018,41.85
JN Mohammed,442,8,342,0.018,42.75
Nasum Ahmed,778,14,613,0.018,43.79
Imad Wasim,2388,44,1936,0.018,44.0
D Bishoo,2056,38,1675,0.018,44.08
DJG Sammy,4891,87,3842,0.018,44.16
MN Samuels,3692,66,2952,0.018,44.73
NE Farrant,218,4,179,0.018,44.75
N Mlaba,1365,24,1083,0.018,45.12
SF Daley,507,9,411,0.018,45.67
WP Masakadza,1200,22,1030,0.018,46.82
PR Stirling,1485,26,1227,0.018,47.19
BMSM Kumari,1024,18,872,0.018,48.44
RG Sharma,614,11,538,0.018,48.91
JL Pattinson,705,13,652,0.018,50.15
K Phillip,171,3,159,0.018,53.0
H Masakadza,1249,22,1174,0.018,53.36
CT Mutombodzi,282,5,271,0.018,54.2
Zahid Mahmood,218,4,221,0.018,55.25
MW Machan,226,4,223,0.018,55.75
DO Leicher,57,1,56,0.018,56.0
C Prathyusha,56,1,60,0.018,60.0
TJ Friend,57,1,69,0.018,69.0
S Dhakal,229,4,149,0.017,37.25
TMM Newton,354,6,251,0.017,41.83
FC Jonas,1077,18,820,0.017,45.56
JWM Dalrymple,868,15,686,0.017,45.73
MP Vaughan,522,9,429,0.017,47.67
AJ Finch,287,5,259,0.017,51.8
S Prasanna,1936,33,1742,0.017,52.79
SC Meaker,117,2,113,0.017,56.5
Ehsan Adil,229,4,229,0.017,57.25
F Behardien,716,12,694,0.017,57.83
GJ Delany,351,6,374,0.017,62.33
Bilawal Bhatti,420,7,448,0.017,64.0
Ahmed Shehzad,116,2,140,0.017,70.0
A van der Merwe,126,2,79,0.016,39.5
RT Lyons,62,1,41,0.016,41.0
EC Rainsford,1070,17,805,0.016,47.35
D Ravu,608,10,503,0.016,50.3
CP Rizwan,61,1,51,0.016,51.0
MH Yardy,1289,20,1052,0.016,52.6
LJ Wright,1050,17,910,0.016,53.53
C Munro,563,9,483,0.016,53.67
MN Waller,580,9,497,0.016,55.22
Mosaddek Hossain,1016,16,904,0.016,56.5
IJL Trott,185,3,174,0.016,58.0
MEK Hussey,249,4,237,0.016,59.25
ML Nkala,311,5,315,0.016,63.0
A Ashok,61,1,65,0.016,65.0
Kainat Imtiaz,451,7,465,0.016,66.43
IH Romaine,64,1,75,0.016,75.0
S Immadi,272,4,156,0.015,39.0
KHRK Fernando,68,1,41,0.015,41.0
A Sharma,273,4,183,0.015,45.75
MT Chinouya,68,1,50,0.015,50.0
Joginder Sharma,68,1,50,0.015,50.0
L Siaka,202,3,153,0.015,51.0
BJ Hodge,66,1,51,0.015,51.0
Azhar Mahmood,407,6,324,0.015,54.0
NE Bonner,67,1,56,0.015,56.0
Aliya Riaz,894,13,806,0.015,62.0
Azhar Ali,264,4,262,0.015,65.5
BRM Taylor,262,4,279,0.015,69.75
HR Johnson,67,1,70,0.015,70.0
BA Langston,138,2,70,0.014,35.0
HDPK Dharmasena,425,6,277,0.014,46.17
P Khadka,279,4,194,0.014,48.5
CJ Metcalfe,358,5,268,0.014,53.6
Faisal Hossain,73,1,54,0.014,54.0
R MacDonald-Gay,69,1,55,0.014,55.0
IM Vaghela,280,4,221,0.014,55.25
MR Swart,144,2,116,0.014,58.0
Nazmul Hossain Shanto,72,1,59,0.014,59.0
D Gamage,70,1,59,0.014,59.0
KE Broadmore,74,1,61,0.014,61.0
Shoaib Khan,146,2,131,0.014,65.5
V Sibanda,276,4,267,0.014,66.75
I van der Woning,142,2,140,0.014,70.0
RS Gavaskar,73,1,74,0.014,74.0
HT Tector,148,2,149,0.014,74.5
W Mwayenga,74,1,86,0.014,86.0
CK Hooper,72,1,89,0.014,89.0
SM Kavanagh,74,1,92,0.014,92.0
Zulfiqar Babar,297,4,247,0.013,61.75
Lata Mondal,159,2,129,0.013,64.5
N Shangase,467,6,404,0.013,67.33
B Fernando,159,2,140,0.013,70.0
L Cheatle,154,2,142,0.013,71.0
ME Trescothick,155,2,149,0.013,74.5
MG Neser,224,3,239,0.013,79.67
CS Terblanche,81,1,35,0.012,35.0
RD Steede,84,1,54,0.012,54.0
J Yadav,86,1,61,0.012,61.0
CA Reid,81,1,64,0.012,64.0
BR Dorey,169,2,147,0.012,73.5
PW Borren,494,6,442,0.012,73.67
JS Ababu,81,1,75,0.012,75.0
HL Baker,82,1,78,0.012,78.0
VS Solanki,84,1,80,0.012,80.0
R Malhotra,85,1,82,0.012,82.0
R Powell,256,3,261,0.012,87.0
JP Greaves,86,1,95,0.012,95.0
Qaiser Ali,89,1,55,0.011,55.0
H Carlyon,183,2,141,0.011,70.5
AK Peters,88,1,72,0.011,72.0
S Nitschke,93,1,73,0.011,73.0
NND de Silva,270,3,228,0.011,76.0
DR Martyn,90,1,78,0.011,78.0
SHT Kandamby,177,2,175,0.011,87.5
O Bell,288,3,164,0.01,54.67
Aarif Sheikh,762,8,589,0.01,73.62
Shaila Sharmin,97,1,79,0.01,79.0
CS MacLeod,774,8,635,0.01,79.38
D Devnarain,97,1,91,0.01,91.0
N Deonarine,399,4,368,0.01,92.0
Aftab Ahmed,411,4,379,0.01,94.75
F du Plessis,197,2,191,0.01,95.5
V Kohli,671,7,681,0.01,97.29
JL Denly,104,1,101,0.01,101.0
TJG Pringle,200,2,222,0.01,111.0
Sabbir Rahman,289,3,337,0.01,112.33
N M'shangwe,219,2,165,0.009,82.5
PRCS Kumarihami,347,3,255,0.009,85.0
SP de Alwis,110,1,93,0.009,93.0
KH Pandya,234,2,224,0.009,112.0
RN Bhatia,348,3,337,0.009,112.33
MJ Humphreys,109,1,113,0.009,113.0
Raza-ur-Rehman,113,1,114,0.009,114.0
Hasibul Hossain,107,1,121,0.009,121.0
BB Seebaran,108,1,132,0.009,132.0
M Levitt,120,1,83,0.008,83.0
N Dutta,236,2,177,0.008,88.5
Waheed Ahmed,125,1,94,0.008,94.0
MP O'Dowd,127,1,129,0.008,129.0
PRP Boissevain,133,1,192,0.008,192.0
SACA King,286,2,204,0.007,102.0
Fakhar Zaman,135,1,112,0.007,112.0
DE Budge,153,1,112,0.007,112.0
CK Kapugedera,271,2,226,0.007,113.0
Mosharraf Hossain,153,1,124,0.007,124.0
Shahid Ahmadzai,169,1,94,0.006,94.0
KJ Coetzer,169,1,132,0.006,132.0
A Bosch,159,1,134,0.006,134.0
MW Short,167,1,162,0.006,162.0
Yasir Arafat,355,2,327,0.006,163.5
LMP Simmons,163,1,172,0.006,172.0
PJC Hoffmann,196,1,177,0.005,177.0
TCB Fernando,220,1,182,0.005,182.0
Younis Khan,222,1,217,0.005,217.0
LRPL Taylor,45,0,35,0.0,
Tamim Iqbal,7,0,13,0.0,
DA Warner,6,0,8,0.0,
G Gambhir,8,0,13,0.0,
Misbah-ul-Haq,24,0,30,0.0,
BKG Mendis,20,0,28,0.0,
S Chanderpaul,26,0,20,0.0,
AJ Strauss,6,0,3,0.0,
T Taibu,25,0,20,0.0,
SS Iyer,39,0,39,0.0,
Shubman Gill,18,0,25,0.0,
Sarfraz Ahmed,12,0,15,0.0,
Salman Butt,72,0,90,0.0,
H Klaasen,30,0,33,0.0,
Yousuf Youhana,1,0,1,0.0,
T Bavuma,37,0,22,0.0,
J Charles,7,0,12,0.0,
ML Green,79,0,81,0.0,
Waseem Muhammad,75,0,96,0.0,
Asad Shafiq,12,0,18,0.0,
RS Morton,6,0,2,0.0,
TP Ura,6,0,12,0.0,
Nahida Khan,12,0,12,0.0,
FDM Karunaratne,16,0,18,0.0,
KU Carty,27,0,28,0.0,
KH Prajapati,2,0,1,0.0,
DS Smith,18,0,17,0.0,
RV Uthappa,2,0,0,0.0,
SJ Modani,12,0,6,0.0,
Rameez Shahzad,34,0,34,0.0,
CN Nation,6,0,9,0.0,
W Barresi,6,0,13,0.0,
SA Yadav,12,0,17,0.0,
CA Ingram,6,0,17,0.0,
AG Prince,12,0,3,0.0,
Towhid Hridoy,1,0,2,0.0,
H Madavi,25,0,33,0.0,
AT Nidamanuru,6,0,8,0.0,
Mohammad Mithun,13,0,12,0.0,
B Sharki,6,0,8,0.0,
Kyshona A Knight,26,0,32,0.0,
DD Ebrahim,2,0,5,0.0,
Babar Hayat,6,0,9,0.0,
Sandeep Goud,91,0,80,0.0,
AN Petersen,9,0,7,0.0,
A Johnson,24,0,14,0.0,
Ayesha Zafar,27,0,18,0.0,
XM Marshall,4,0,5,0.0,
Asif Ali,5,0,9,0.0,
MDT Kamini,31,0,31,0.0,
I Kaia,28,0,22,0.0,
D Khanal,18,0,20,0.0,
SA Engelbrecht,12,0,17,0.0,
MR Meshram,86,0,51,0.0,
D la Cock,12,0,9,0.0,
ADS Fletcher,28,0,26,0.0,
NS Dhaliwal,6,0,20,0.0,
C Brits,9,0,5,0.0,
S Chattergoon,42,0,30,0.0,
Hannan Sarkar,3,0,13,0.0,
GH Worker,6,0,5,0.0,
Umar Amin,42,0,24,0.0,
Shamsur Rahman,6,0,13,0.0,
JD Campbell,6,0,13,0.0,
N Chaiwai,12,0,5,0.0,
Musa Ahmed,6,0,5,0.0,
AM Tribe,13,0,20,0.0,
HMD Rasangika,12,0,20,0.0,
CNIM Joyce,19,0,31,0.0,
S Mostary,44,0,56,0.0,
T Stubbs,12,0,15,0.0,
DJM Short,90,0,117,0.0,
S Forbes,15,0,17,0.0,
Mohammad Boota,12,0,11,0.0,
C Zhuwao,19,0,21,0.0,
BOP Fernando,12,0,16,0.0,
KNA Bandara,6,0,9,0.0,
B Sai Sudharsan,4,0,8,0.0,
K Weeraratne,96,0,102,0.0,
J Anderson,30,0,20,0.0,
BJ Patel,18,0,21,0.0,
MA Carberry,6,0,12,0.0,
I Maraj,27,0,23,0.0,
AL Kandappah,1,0,4,0.0,
Sanjida Islam,8,0,12,0.0,
T Munyonga,6,0,10,0.0,
SK Atai,48,0,35,0.0,
TC Bastiampillai,6,0,12,0.0,
C Hemraj,7,0,9,0.0,
M Terblanche,12,0,0,0.0,
MJ Cosgrove,24,0,12,0.0,
SP Krishnamurthi,36,0,26,0.0,
Utkarsh Srivastava,24,0,17,0.0,
KDK Vithanage,12,0,17,0.0,
MNK Fernando,12,0,22,0.0,
BJ Bennett,12,0,27,0.0,
Shuvagata Hom,12,0,9,0.0,
Natalia Pervaiz,18,0,16,0.0,
DR Mousley,13,0,17,0.0,
Tilak Varma,42,0,39,0.0,
GM Strydom,30,0,24,0.0,
Mehran Khan,61,0,89,0.0,
K Thomson,21,0,39,0.0,
AK Perera,36,0,33,0.0,
WA Agar,70,0,44,0.0,
Steven Ryan Taylor,21,0,23,0.0,
Fayyaz Ahmed,102,0,69,0.0,
M Shumba,29,0,27,0.0,
CKB Kulasekara,79,0,82,0.0,
M Mangru,18,0,9,0.0,
MF Kendal,21,0,22,0.0,
KED Carroll,6,0,8,0.0,
Waqas Barkat,12,0,19,0.0,
LJ Poulton,13,0,18,0.0,
VR Iyer,30,0,28,0.0,
RW Sims,18,0,21,0.0,
J Louw,44,0,50,0.0,
J Blackwood,18,0,16,0.0,
Shamim Hossain,6,0,8,0.0,
BP Nash,30,0,33,0.0,
Jamaluddin Ahmed,24,0,28,0.0,
Sultan Ahmed,72,0,58,0.0,
DI Allan,18,0,13,0.0,
Skhawat Ali,49,0,71,0.0,
CP Jack,24,0,21,0.0,
SJ Andrews,24,0,13,0.0,
N Ifill,79,0,90,0.0,
MM Iqbal,36,0,45,0.0,
HM Watson,43,0,25,0.0,
AM McCarthy,12,0,10,0.0,
G Chapple,24,0,14,0.0,
O Davidson,54,0,30,0.0,
MC Patel,82,0,54,0.0,
TW Hartley,60,0,48,0.0,
SV Bahutule,19,0,24,0.0,
L Wood,61,0,63,0.0,
H Shah,60,0,55,0.0,
Rashid Zia,59,0,75,0.0,
Mrittunjoy Chowdhury,51,0,68,0.0,
ADJ Pitcher,38,0,38,0.0,
BP Kruger,21,0,23,0.0,
RO Hinds,68,0,37,0.0,
SB Bangar,68,0,60,0.0,
PY Lavine,12,0,14,0.0,
DG Blampied,79,0,78,0.0,
N Rana,18,0,10,0.0,
J Glasgow,12,0,9,0.0,
SR Thadani,19,0,21,0.0,
MJ North,18,0,16,0.0,
MJ Fourie,81,0,52,0.0,
Tanbir Hayder,60,0,67,0.0,
T Gwandu,24,0,38,0.0,
Talha Jubair,77,0,73,0.0,
A Munisar,7,0,9,0.0,
Sufyan Mehmood,9,0,10,0.0,
Muhammad Farooq,81,0,68,0.0,
Pankaj Singh,44,0,45,0.0,
A Shamshudeen,18,0,24,0.0,
LJ Hamilton,52,0,67,0.0,
D Lakshan,12,0,12,0.0,
Hussain Talat,13,0,17,0.0,
HE Whelan,42,0,25,0.0,
GJ McCarter,48,0,38,0.0,
Tharika Sewwandi,13,0,14,0.0,
Omid Shafi Rahman,80,0,104,0.0,
MT Herbert,18,0,15,0.0,
PHT Kaushal,36,0,25,0.0,
Fazle Mahmud,20,0,16,0.0,
DL Blake,6,0,8,0.0,
AL Watkins,13,0,21,0.0,
GA Guy,19,0,20,0.0,
SK Naidu,18,0,22,0.0,
JA Whelan,15,0,7,0.0,
CK Holder,20,0,26,0.0,
Shathira Jakir,19,0,22,0.0,
KC Sangakkara,0,0,0,,
HM Amla,0,0,0,,
Mushfiqur Rahim,0,0,0,,
RT Ponting,0,0,0,,
EJG Morgan,0,0,0,,
S Dhawan,0,0,0,,
Q de Kock,0,0,0,,
WU Tharanga,0,0,0,,
Babar Azam,0,0,0,,
BB McCullum,0,0,0,,
JC Buttler,0,0,0,,
SD Hope,0,0,0,,
DA Miller,0,0,0,,
AC Gilchrist,0,0,0,,
JJ Roy,0,0,0,,
TWM Latham,0,0,0,,
L Wolvaardt,0,0,0,,
ML Hayden,0,0,0,,
TT Beaumont,0,0,0,,
HH Gibbs,0,0,0,,
JM Bairstow,0,0,0,,
LD Chandimal,0,0,0,,
R Dravid,0,0,0,,
AN Cook,0,0,0,,
MDKJ Perera,0,0,0,,
Umar Akmal,0,0,0,,
GJ Bailey,0,0,0,,
DM Bravo,0,0,0,,
BJ Haddin,0,0,0,,
M Raj,0,0,0,,
AM Rahane,0,0,0,,
Imam-ul-Haq,0,0,0,,
CR Ervine,0,0,0,,
KL Rahul,0,0,0,,
AJ Healy,0,0,0,,
Kamran Akmal,0,0,0,,
WTS Porterfield,0,0,0,,
SE Marsh,0,0,0,,
MV Boucher,0,0,0,,
BL Mooney,0,0,0,,
AD Hales,0,0,0,,
Mohammad Rizwan,0,0,0,,
Imrul Kayes,0,0,0,,
Liton Das,0,0,0,,
SP Fleming,0,0,0,,
HM Nicholls,0,0,0,,
D Ramdin,0,0,0,,
AE Jones,0,0,0,,
AT Carey,0,0,0,,
MS Atapattu,0,0,0,,
Inzamam-ul-Haq,0,0,0,,
E Lewis,0,0,0,,
BC Lara,0,0,0,,
EC Joyce,0,0,0,,
V Aravind,0,0,0,,
P Nissanka,0,0,0,,
MS Wade,0,0,0,,
MD Patel,0,0,0,,
NJ O'Brien,0,0,0,,
HG Munsey,0,0,0,,
MH Cross,0,0,0,,
SJ Taylor,0,0,0,,
KD Karthik,0,0,0,,
N Dickwella,0,0,0,,
Sidra Ameen,0,0,0,,
UT Khawaja,0,0,0,,
SA Edwards,0,0,0,,
Yasir Hameed,0,0,0,,
PG Raut,0,0,0,,
WA Young,0,0,0,,
Aasif Sheikh,0,0,0,,
Nasir Jamshed,0,0,0,,
T Chetty,0,0,0,,
SO Hetmyer,0,0,0,,
WIA Fernando,0,0,0,,
L Ronchi,0,0,0,,
Anamul Haque,0,0,0,,
M Kaif,0,0,0,,
BA King,0,0,0,,
HH Dippenaar,0,0,0,,
Fargana Hoque,0,0,0,,
GC Wilson,0,0,0,,
MJ Prior,0,0,0,,
DP Conway,0,0,0,,
PG Fulton,0,0,0,,
Shahriar Nafees,0,0,0,,
Raqibul Hasan,0,0,0,,
KJ Martin,0,0,0,,
Asif Khan,0,0,0,,
RW Chakabva,0,0,0,,
S Samarawickrama,0,0,0,,
SM Katich,0,0,0,,
C Kieswetter,0,0,0,,
JN Malan,0,0,0,,
AJ Blackwell,0,0,0,,
Muneeba Ali,0,0,0,,
JM How,0,0,0,,
KOA Powell,0,0,0,,
Nigar Sultana,0,0,0,,
Habibul Bashar,0,0,0,,
Chirag Suri,0,0,0,,
NT Broom,0,0,0,,
P Litchfield,0,0,0,,
Muhammad Usman,0,0,0,,
Ishan Kishan,0,0,0,,
JWA Taylor,0,0,0,,
RR Pant,0,0,0,,
PD Salt,0,0,0,,
TD Paine,0,0,0,,
SSJ Brooks,0,0,0,,
VVS Laxman,0,0,0,,
PJ Hughes,0,0,0,,
JA Rudolph,0,0,0,,
L Goodall,0,0,0,,
Sharjeel Khan,0,0,0,,
T Brits,0,0,0,,
A Steyn,0,0,0,,
A Hunter,0,0,0,,
MG Bevan,0,0,0,,
LS Greenway,0,0,0,,
GO Jones,0,0,0,,
SR Mukkamalla,0,0,0,,
BM Duckett,0,0,0,,
Kycia A Knight,0,0,0,,
PA Patel,0,0,0,,
RM Ghosh,0,0,0,,
SW Billings,0,0,0,,
ZE Green,0,0,0,,
MS Chapman,0,0,0,,
GWHM Perera,0,0,0,,
YH Bhatia,0,0,0,,
CJ Ferguson,0,0,0,,
RH Priest,0,0,0,,
HJH Marshall,0,0,0,,
L Tucker,0,0,0,,
HC Brook,0,0,0,,
CK Coventry,0,0,0,,
Sharmin Akhter,0,0,0,,
MADD Surangika,0,0,0,,
PM Weerakkody,0,0,0,,
PSP Handscomb,0,0,0,,
KT Perkins,0,0,0,,
A Bagai,0,0,0,,
Khaled Mashud,0,0,0,,
PL Mommsen,0,0,0,,
FH Allen,0,0,0,,
BJ Watling,0,0,0,,
L Winfield,0,0,0,,
MK Pandey,0,0,0,,
Abdullah Shafique,0,0,0,,
L Louwrens,0,0,0,,
Imran Nazir,0,0,0,,
JP Inglis,0,0,0,,
Nain Abidi,0,0,0,,
PJ Moor,0,0,0,,
K Doriga,0,0,0,,
MA Vermeulen,0,0,0,,
CD Wallace,0,0,0,,
SV Samson,0,0,0,,
Shayan Jahangir,0,0,0,,
AA Obanda,0,0,0,,
LR Down,0,0,0,,
ME Bouchier,0,0,0,,
RS Williams,0,0,0,,
K Verreynne,0,0,0,,
SW Ambris,0,0,0,,
N Chantam,0,0,0,,
MA Ouma,0,0,0,,
Javed Omar,0,0,0,,
GS Ballance,0,0,0,,
JE Cameron,0,0,0,,
Ghulam Shabber,0,0,0,,
Murshida Khatun,0,0,0,,
MN van Wyk,0,0,0,,
FC Wilson,0,0,0,,
RD Shah,0,0,0,,
RMVD Gunaratne,0,0,0,,
T Mishra,0,0,0,,
MAA Sanjeewani,0,0,0,,
AB Barath,0,0,0,,
Suraj Kumar,0,0,0,,
MA Jones,0,0,0,,
CS Baugh,0,0,0,,
T de Zorzi,0,0,0,,
J Gumbie,0,0,0,,
M Mupachikwa,0,0,0,,
PJ Forrest,0,0,0,,
MS Sinclair,0,0,0,,
Tanzid Hasan,0,0,0,,
CB Wishart,0,0,0,,
DG Brownlie,0,0,0,,
Naseem Khushi,0,0,0,,
MDN Hansika,0,0,0,,
SJ Myburgh,0,0,0,,
NV Knight,0,0,0,,
B Cooper,0,0,0,,
Rashid Latif,0,0,0,,
A Flower,0,0,0,,
HP Tillakaratne,0,0,0,,
KA Edwards,0,0,0,,
Adnan Mufti,0,0,0,,
SJ Baard,0,0,0,,
Sidra Nawaz,0,0,0,,
S Movva,0,0,0,,
MR Aguilleira,0,0,0,,
DA Gunawardene,0,0,0,,
AK Sah,0,0,0,,
R Mutumbami,0,0,0,,
JP Kotze,0,0,0,,
Shamima Sultana,0,0,0,,
DO Obuya,0,0,0,,
LE Bosman,0,0,0,,
PA Nixon,0,0,0,,
L Winfield-Hill,0,0,0,,
MV Waldron,0,0,0,,
B de Leede,0,0,0,,
AJ Stewart,0,0,0,,
ES Szwarczynski,0,0,0,,
CS Mugeri-Tiripano,0,0,0,,
SK Patel,0,0,0,,
Moin Khan,0,0,0,,
PS Punia,0,0,0,,
TA Blundell,0,0,0,,
B Bezuidenhout,0,0,0,,
B Bhandari,0,0,0,,
M Musonda,0,0,0,,
Sadaf Shamas,0,0,0,,
Taufeeq Umar,0,0,0,,
R Chopra,0,0,0,,
A Sharafu,0,0,0,,
GE Plimmer,0,0,0,,
R Gunasekera,0,0,0,,
C Madande,0,0,0,,
KO Otieno,0,0,0,,
Amjad Ali,0,0,0,,
R Stokell,0,0,0,,
SM Davies,0,0,0,,
ML Udawatte,0,0,0,,
C Tear,0,0,0,,
D Dhingra,0,0,0,,
GJ Hopkins,0,0,0,,
Abid Ali,0,0,0,,
JP Bray,0,0,0,,
NFI McCallum,0,0,0,,
NY McLean,0,0,0,,
TM Dowlin,0,0,0,,
Jahurul Islam,0,0,0,,
T Duffin,0,0,0,,
BR McDermott,0,0,0,,
IS Billcliff,0,0,0,,
P Mustard,0,0,0,,
DR Chumney,0,0,0,,
JM Fields,0,0,0,,
T Marumani,0,0,0,,
TK Musakanda,0,0,0,,
NRJ Croes,0,0,0,,
Khurram Manzoor,0,0,0,,
HS Modi,0,0,0,,
S Sriharsha,0,0,0,,
Z Crawley,0,0,0,,
Saleem Elahi,0,0,0,,
IA Karim,0,0,0,,
PJ Ingram,0,0,0,,
SA Wijeratne,0,0,0,,
PP Shaw,0,0,0,,
A Saud,0,0,0,,
RD Rickelton,0,0,0,,
G Kirsten,0,0,0,,
BB Chari,0,0,0,,
F Mutizwa,0,0,0,,
ND McKenzie,0,0,0,,
CMA Shillington,0,0,0,,
DM Richards,0,0,0,,
JA McCollum,0,0,0,,
B Zuiderent,0,0,0,,
JAD Lawrenson,0,0,0,,
IC Gaze,0,0,0,,
G Voll,0,0,0,,
GM Hamilton,0,0,0,,
SJ Bryce,0,0,0,,
Najiha Alvi,0,0,0,,
TSS Mackintosh,0,0,0,,
Nurul Hasan,0,0,0,,
MJ Lumb,0,0,0,,
ST Doheny,0,0,0,,
Shan Masood,0,0,0,,
Y Venugopal Rao,0,0,0,,
FRJ Coleman,0,0,0,,
SJ McGlashan,0,0,0,,
Akshay Homraj,0,0,0,,
AGS Gous,0,0,0,,
CJO Smith,0,0,0,,
T Kaitano,0,0,0,,
CMW Read,0,0,0,,
SRH Curtis,0,0,0,,
A Kolan,0,0,0,,
MB Kruger,0,0,0,,
A Rawat,0,0,0,,
SP Patil,0,0,0,,
AJ Redmond,0,0,0,,
D Ganga,0,0,0,,
AA Mulla,0,0,0,,
BN Cooper,0,0,0,,
Khalid Latif,0,0,0,,
Nazimuddin,0,0,0,,
BYA Mendis,0,0,0,,
JA Burns,0,0,0,,
K Zondo,0,0,0,,
NC Dodd,0,0,0,,
CO Browne,0,0,0,,
S Jafta,0,0,0,,
MB Loye,0,0,0,,
HJW Gardiner,0,0,0,,
RD Jacobs,0,0,0,,
VV Morea,0,0,0,,
KJJ van Noortwijk,0,0,0,,
TS Hasabnis,0,0,0,,
M Bhanuka,0,0,0,,
CT Dhururu,0,0,0,,
ARI Umeed,0,0,0,,
D Myers,0,0,0,,
KA Hope,0,0,0,,
T Bhatia,0,0,0,,
N Vare,0,0,0,,
CR Pagydyala,0,0,0,,
S Verma,0,0,0,,
T Banton,0,0,0,,
PA Browne,0,0,0,,
Faisal Iqbal,0,0,0,,
JL Smith,0,0,0,,
D Keulder,0,0,0,,
TS Kamunhukamwe,0,0,0,,
D Bau,0,0,0,,
DF Watts,0,0,0,,
Nafees Iqbal,0,0,0,,
N Hussain,0,0,0,,
ZE Surkari,0,0,0,,
CE Coulter Reilly,0,0,0,,
AR Odedara,0,0,0,,
RS Kaluwitharana,0,0,0,,
Dhiman Ghosh,0,0,0,,
PA Jaques,0,0,0,,
Usman Limbada,0,0,0,,
B Tau,0,0,0,,
JP Maher,0,0,0,,
Ayasha Rahman,0,0,0,,
AL Hodgkinson,0,0,0,,
N Koncharoenkai,0,0,0,,
JW Jenner,0,0,0,,
J Edness,0,0,0,,
Khalid Kail,0,0,0,,
CMG Atkins,0,0,0,,
RD Gaikwad,0,0,0,,
S Meghana,0,0,0,,
Jaker Ali,0,0,0,,
L Jack,0,0,0,,
DP Hyatt,0,0,0,,
C Carter,0,0,0,,
AN Kervezee,0,0,0,,
SV Carlisle,0,0,0,,
R Murray,0,0,0,,
A Maregwede,0,0,0,,
KNM Fernando,0,0,0,,
MM English,0,0,0,,
BA Parchment,0,0,0,,
SR Hain,0,0,0,,
A Minny,0,0,0,,
SL Kalis,0,0,0,,
HDJ Siegers,0,0,0,,
AA Jangoo,0,0,0,,
DA Minors,0,0,0,,
KV Jain,0,0,0,,
PS Athavale,0,0,0,,
Yasir Ali Chowdhury,0,0,0,,
Shahzaib Hasan,0,0,0,,
R Kanoh,0,0,0,,
CJ Bowes,0,0,0,,
Hamza Tariq,0,0,0,,
RA Jones,0,0,0,,
GEF Barnett,0,0,0,,
JV Harris,0,0,0,,
GB Murgatroyd,0,0,0,,
PBB Rajapaksa,0,0,0,,
N Davin,0,0,0,,
SE Findlay,0,0,0,,
J Fraser-McGurk,0,0,0,,
P Mujaji,0,0,0,,
FL Reifer,0,0,0,,
JJ Atkinson,0,0,0,,
CJ Nevin,0,0,0,,
GC Bhogle,0,0,0,,
A Lister,0,0,0,,
M McColl,0,0,0,,
Rabiya Shah,0,0,0,,
M Spoors,0,0,0,,
E Claridge,0,0,0,,
S Badrinath,0,0,0,,
HJ Armitage,0,0,0,,
T Suri,0,0,0,,
Sami Aslam,0,0,0,,
SP Khakurel,0,0,0,,
SC Taylor,0,0,0,,
Ravinderpal Singh,0,0,0,,
SC Joseph,0,0,0,,
CA Lynn,0,0,0,,
SW Poynter,0,0,0,,
N Gwanzura,0,0,0,,
U Raymond-Hoey,0,0,0,,
DS Weerakkody,0,0,0,,
SS McKechnie,0,0,0,,
TP Visee,0,0,0,,
J Smits,0,0,0,,
K Frank,0,0,0,,
TN de Grooth,0,0,0,,
Sana Javed,0,0,0,,
SR Waters,0,0,0,,
Sharmin Sultana,0,0,0,,
JR Philippe,0,0,0,,
AD Poynter,0,0,0,,
Batool Fatima,0,0,0,,
PD McGlashan,0,0,0,,
Adnan Akmal,0,0,0,,
J Gray,0,0,0,,
BT Foakes,0,0,0,,
Shahid Wasif,0,0,0,,
PJ Scholfield,0,0,0,,
BAM Heath,0,0,0,,
MJ Hay,0,0,0,,
Abdul Jabbar,0,0,0,,
Mohammad Naim,0,0,0,,
Hammad Mirza,0,0,0,,
M van Schoor,0,0,0,,
TMK Mawoyo,0,0,0,,
Tayyab Tahir,0,0,0,,
L Sreekumar,0,0,0,,
Akram Khan,0,0,0,,
S Jora,0,0,0,,
Zubayr Hamza,0,0,0,,
FY Fazal,0,0,0,,
J Figy John,0,0,0,,
DES Maxwell,0,0,0,,
CAK Walton,0,0,0,,
AR Berenger,0,0,0,,
Waqas Khan,0,0,0,,
IR James,0,0,0,,
CA Pujara,0,0,0,,
VR Vanitha,0,0,0,,
MJ Bulow,0,0,0,,
EL Watson,0,0,0,,
SS Tiwary,0,0,0,,
TB Robinson,0,0,0,,
Zulqarnain Haider,0,0,0,,
Irfan Khan,0,0,0,,
Tasqeen Qadeer,0,0,0,,
KK Nair,0,0,0,,
OV Anderson,0,0,0,,
M Karg,0,0,0,,
TV Mufambisi,0,0,0,,
M De Ridder,0,0,0,,
Tabarak Dar,0,0,0,,
Al Sahariar,0,0,0,,
SJ Swanepoel,0,0,0,,
Haider Ali,0,0,0,,
CD Cumming,0,0,0,,
WP Saha,0,0,0,,
KY Ottley,0,0,0,,
Aaditya Varadarajan,0,0,0,,
JO Troughton,0,0,0,,
RWT Key,0,0,0,,
NA Greenwood,0,0,0,,
JNT Vare,0,0,0,,
C McAuslan,0,0,0,,
J van Vliet,0,0,0,,
Abdul Shakoor,0,0,0,,
LDVV Silva,0,0,0,,
RP Alexander,0,0,0,,
TL Seifert,0,0,0,,
Ayesha Naseem,0,0,0,,
HM Tiffen,0,0,0,,
A Aitken-Drummond,0,0,0,,
Mohammad Iqbal,0,0,0,,
PARP Perera,0,0,0,,
JAH Marshall,0,0,0,,
D Cleaver,0,0,0,,
MHW Papps,0,0,0,,
AA Deshpande,0,0,0,,
C Jonker,0,0,0,,
JB Nero,0,0,0,,
D Daesrath,0,0,0,,
Mohammad Haris,0,0,0,,
Saqlain Haider,0,0,0,,
RM Jariwala,0,0,0,,
AR Pitcher,0,0,0,,
SM Warnapura,0,0,0,,
B Leephatthana,0,0,0,,
R Boyce,0,0,0,,
DI Joyce,0,0,0,,
JJ Celestine,0,0,0,,
OL Pitcher,0,0,0,,
CJ Smith,0,0,0,,
AF Buurman,0,0,0,,
Khurram Nawaz,0,0,0,,
M Faisal,0,0,0,,
SL Stewart,0,0,0,,
S Naik,0,0,0,,
CH van Koolwijk,0,0,0,,
LK Ebsary,0,0,0,,
Y van der Westhuizen,0,0,0,,
SJ Massiah,0,0,0,,
RD McCann,0,0,0,,
RM Patidar,0,0,0,,
Mohammad Salman,0,0,0,,
JM Cox,0,0,0,,
EC Perry,0,0,0,,
LR Naylor,0,0,0,,
MR Johnson,0,0,0,,
HGV Vare,0,0,0,,
JA Simpson,0,0,0,,
L Rajadurai,0,0,0,,
AF Sattaur,0,0,0,,
S Jyoti,0,0,0,,
LR Johnson,0,0,0,,
S Khiaoto,0,0,0,,
CC Dalton,0,0,0,,
K Whatham,0,0,0,,
SDNS Karunaratne,0,0,0,,
J Sharma,0,0,0,,
OO Bascome,0,0,0,,
SP Terry,0,0,0,,
Ankur Sharma,0,0,0,,
JH Desai,0,0,0,,
Nuzhat Tasnia,0,0,0,,
F Walters,0,0,0,,
F Tunnicliffe,0,0,0,,
EMDY Munaweera,0,0,0,,
I Dulani,0,0,0,,
RM van Oosterom,0,0,0,,
J Post,0,0,0,,
HD Rutherford,0,0,0,,
ML Patel,0,0,0,,
A Valthapa,0,0,0,,
J Da Silva,0,0,0,,
MD du Preez,0,0,0,,
IPP Batuwitarachchi,0,0,0,,
NK Crafton,0,0,0,,
Usman Salahuddin,0,0,0,,
AA Shafique,0,0,0,,
HIS Mendis,0,0,0,,
GI Maiden,0,0,0,,
S Daniel,0,0,0,,
S Dhamala,0,0,0,,
NS Poonia,0,0,0,,
Saad Ali,0,0,0,,
RS Vandort,0,0,0,,
JW Ogle-Thomas,0,0,0,,
Ansh Tandon,0,0,0,,
RO Hussain,0,0,0,,
W Jaffer,0,0,0,,
TR Ambrose,0,0,0,,
VB van Jaarsveld,0,0,0,,
Ethan D'Souza,0,0,0,,
F Kasteni,0,0,0,,
Lovepreet Singh,0,0,0,,
D Murphy,0,0,0,,
Faisal Athar,0,0,0,,
SJ Elliott,0,0,0,,
Dilara Akter,0,0,0,,
NJ Coffey,0,0,0,,
H Davids,0,0,0,,
KH Butt,0,0,0,,
RH Scholte,0,0,0,,
GA Manou,0,0,0,,
Shawaal Zulfiqar,0,0,0,,
Naved Latif,0,0,0,,
V Shetty,0,0,0,,
Zeeshan Siddiqi,0,0,0,,
NA Rock,0,0,0,,
ADR Campbell,0,0,0,,
D Prins,0,0,0,,
NA Statham,0,0,0,,
CR Foggo,0,0,0,,
SO Dowrich,0,0,0,,
M Commins,0,0,0,,
JE Dunford,0,0,0,,
MQ Sheikh,0,0,0,,
Naumanullah,0,0,0,,
RT Crandon,0,0,0,,
NA Moodley,0,0,0,,
Aijaz Ali,0,0,0,,
N Fernandes,0,0,0,,
JN Hamilton,0,0,0,,
N Kruger,0,0,0,,
Kaynat Hafeez,0,0,0,,
HAPW Jayawardene,0,0,0,,
SD Heazlett,0,0,0,,
Rony Talukdar,0,0,0,,
MWA van Nierop,0,0,0,,
VAB Tewarie,0,0,0,,
A le Breton,0,0,0,,
DOD Rikhi,0,0,0,,
KA Blackwell,0,0,0,,
HML Madushani,0,0,0,,
Sagar Pun,0,0,0,,
CK Kruger,0,0,0,,
RJ Rolls,0,0,0,,
JN Rhodes,0,0,0,,
U Thimashini,0,0,0,,
JNK Shannon,0,0,0,,
Fahad Nawaz,0,0,0,,
PG Gillespie,0,0,0,,
KL Rolton,0,0,0,,
J Pashley,0,0,0,,
Nasir Javed,0,0,0,,
HWR Cartwright,0,0,0,,
Alawi Shukri,0,0,0,,
Zakir Hasan,0,0,0,,
RR Ramdass,0,0,0,,
NV Ojha,0,0,0,,
Jannatul Ferdus,0,0,0,,
CM Beggs,0,0,0,,
Moniruzzaman,0,0,0,,
RA Rolfe,0,0,0,,
D Foxcroft,0,0,0,,
R Walters,0,0,0,,
TJ Bishop,0,0,0,,
AG Puttick,0,0,0,,
VCE Wattenberg,0,0,0,,
LM Hoitink,0,0,0,,
MF Fahey,0,0,0,,
SI Galagedara,0,0,0,,
APS Lakshika,0,0,0,,
Melanie Ani,0,0,0,,
A Chopra,0,0,0,,
JC Carroll,0,0,0,,
Sumaiya Akter,0,0,0,,
KL Tucker,0,0,0,,
Pooja Ganesh,0,0,0,,
S Lackay,0,0,0,,
Simandeep Singh,0,0,0,,
Sultana Yesmin,0,0,0,,
Shahriar Hossain,0,0,0,,
Salman Faris,0,0,0,,
Haseebullah Khan,0,0,0,,
Syeda Aroob Shah,0,0,0,,
