player_name,matches_played_as_batter,total_runs,Strike_Rate
V Kohli,579,13784,91.7
KC Sangakkara,510,11618,79.39
RG Sharma,577,10646,90.36
MS Dhoni,575,10274,84.98
AB de Villiers,466,9435,99.44
TM Dilshan,510,9212,85.48
LRPL Taylor,444,8126,80.94
DPMD Jayawardene,510,8040,78.58
HM Amla,470,7834,86.49
Tamim Iqbal,345,7648,76.64
MJ Guptill,444,7125,85.25
Mushfiqur Rahim,345,7094,78.95
MJ Clarke,545,6988,76.83
RT Ponting,545,6979,80.61
EJG Morgan,517,6953,89.52
Yuvraj Singh,579,6868,85.45
S Dhawan,577,6733,89.49
Q de Kock,470,6661,94.83
DA Warner,545,6623,94.97
WU Tharanga,512,6482,73.28
CH Gayle,427,6433,86.53
SR Tendulkar,574,6432,84.55
Mohammad Hafeez,468,6351,76.09
V Sehwag,574,5692,101.93
Babar Azam,462,5659,86.89
AD Mathews,512,5646,81.42
SK Raina,579,5585,90.86
SPD Smith,543,5549,85.38
F du Plessis,470,5445,86.59
SR Watson,544,5357,90.05
IR Bell,518,5289,75.59
AJ Finch,544,5188,84.56
BB McCullum,443,5157,94.5
BRM Taylor,277,5130,74.04
Mahmudullah,345,5127,75.45
MEK Hussey,545,5076,84.43
JC Buttler,519,5018,114.83
SD Hope,430,4989,78.15
G Gambhir,579,4981,83.95
JP Duminy,470,4928,82.33
Younis Khan,469,4777,74.51
Misbah-ul-Haq,469,4752,72.56
DA Miller,470,4466,100.56
ST Jayasuriya,510,4402,92.13
AC Gilchrist,538,4355,102.23
JJ Roy,519,4237,102.94
MN Samuels,426,4205,74.37
KP Pietersen,518,4202,84.21
PD Collingwood,518,4132,75.17
TWM Latham,439,4019,83.4
L Wolvaardt,471,3992,71.21
H Masakadza,277,3955,70.05
ML Hayden,540,3939,79.48
TT Beaumont,513,3936,74.66
BKG Mendis,512,3838,85.01
S Chanderpaul,424,3804,67.87
HH Gibbs,466,3766,84.93
AJ Strauss,518,3729,78.8
RR Sarwan,427,3717,72.27
JM Bairstow,516,3671,99.7
LD Chandimal,508,3657,72.1
GJ Maxwell,544,3655,120.59
R Dravid,573,3650,71.11
MM Lanning,527,3555,89.21
S Mandhana,578,3526,88.0
Fakhar Zaman,461,3434,92.29
EA Perry,533,3356,78.23
E Chigumbura,277,3266,77.12
SW Bates,433,3245,75.85
AN Cook,517,3204,75.6
HDRL Thirimanne,506,3164,71.2
HC Knight,507,3158,75.1
MDKJ Perera,512,3077,91.17
Umar Akmal,467,3032,83.62
GJ Bailey,544,3011,82.0
DM Bravo,427,3007,67.2
BJ Haddin,545,3003,82.32
M Raj,564,2949,68.26
AM Rahane,571,2906,76.23
AE Satterthwaite,433,2895,80.02
Imam-ul-Haq,451,2840,81.33
T Taibu,275,2837,66.96
IJL Trott,505,2819,75.54
SFM Devine,433,2796,87.54
Mohammad Yousuf,458,2783,74.39
CR Ervine,277,2770,76.29
MR Marsh,543,2762,93.53
KL Rahul,580,2761,86.36
DJ Bravo,427,2760,78.72
AC Jayangani,497,2760,77.99
AJ Healy,533,2759,95.24
Kamran Akmal,469,2746,81.39
RS Bopara,509,2689,76.39
TM Head,543,2645,102.2
SE Marsh,545,2622,79.02
MV Boucher,466,2617,88.38
KA Pollard,429,2608,90.65
Ahmed Shehzad,466,2555,70.52
L Lee,471,2516,82.65
BL Mooney,533,2433,84.71
SC Ganguly,573,2409,70.25
SS Iyer,576,2396,98.04
HE van der Dussen,472,2388,85.1
AD Hales,515,2330,93.84
Shubman Gill,560,2328,99.02
Abdul Razzaq,464,2327,86.54
HK Matthews,428,2327,75.16
Sarfraz Ahmed,467,2289,85.63
MM Ali,519,2278,94.21
Mohammad Rizwan,462,2254,87.36
Imrul Kayes,345,2242,68.6
DR Martyn,540,2239,75.39
M du Preez,471,2223,69.6
M Kapp,471,2195,85.31
Salman Butt,469,2186,74.56
Liton Das,336,2178,84.32
JO Holder,429,2144,88.19
SP Fleming,441,2133,70.26
V Sibanda,276,2125,61.29
HM Nicholls,437,2116,78.98
A Flintoff,509,2096,88.59
S Luus,471,2080,65.29
D Ramdin,426,2072,78.6
AE Jones,513,2071,83.51
CL White,539,2053,79.48
Soumya Sarkar,336,2044,95.29
ME Trescothick,518,1997,80.52
CJ Chibhabha,275,1987,63.48
AT Carey,543,1978,87.64
MS Atapattu,509,1978,66.82
H Klaasen,469,1977,115.01
RL Haynes,527,1966,79.11
LMP Simmons,426,1958,71.43
Bismah Maroof,459,1938,63.27
Inzamam-ul-Haq,464,1916,77.2
E Lewis,429,1903,85.76
BC Lara,424,1878,76.5
AC Kerr,433,1854,74.97
DJG Sammy,427,1853,96.21
N Pooran,429,1829,95.61
KIC Asalanka,495,1810,86.6
P Nissanka,495,1810,84.11
Azhar Ali,468,1806,72.88
MS Wade,535,1792,80.5
M Labuschagne,543,1764,82.82
HH Pandya,572,1762,107.7
Yousuf Youhana,464,1740,78.8
Haris Sohail,468,1709,85.02
DN Wyatt,513,1680,90.76
DJS Dottin,428,1679,81.11
DJ Hussey,545,1672,87.45
SJ Taylor,507,1651,85.46
AT Rayudu,575,1637,76.39
KD Karthik,569,1624,71.38
DJ Mitchell,431,1616,96.59
N Dickwella,512,1604,91.24
Sidra Ameen,459,1595,63.04
MD Gunathilaka,507,1592,83.83
OA Shah,502,1579,80.44
NJ Astle,434,1571,75.6
T Bavuma,443,1548,87.26
J Charles,430,1544,83.91
UT Khawaja,542,1539,82.52
JDS Neesham,439,1508,98.05
CK Kapugedera,510,1505,69.77
MP Stoinis,543,1489,91.8
Yasir Hameed,464,1459,65.57
NE Bolton,516,1443,69.74
CL Tryon,464,1440,107.14
PG Raut,578,1436,61.11
WA Young,416,1426,86.16
DJ Malan,519,1418,94.28
Nasir Jamshed,466,1418,73.43
T Chetty,471,1414,68.51
SO Hetmyer,429,1410,105.62
Javeria Khan,463,1408,61.51
ML Green,433,1407,67.71
WIA Fernando,511,1404,84.94
L Ronchi,439,1397,112.57
MP Vaughan,509,1382,65.25
JR Hopes,545,1326,92.34
Anamul Haque,342,1322,74.06
KM Jadhav,576,1318,100.84
M Kaif,570,1314,63.72
Asad Shafiq,460,1312,66.06
S Matsikenyeri,266,1309,66.51
BA King,430,1306,82.87
Mashrafe Mortaza,343,1304,81.04
HH Dippenaar,445,1283,67.42
LPC Silva,496,1279,70.86
Fargana Hoque,333,1275,49.4
DR Smith,426,1261,88.18
Sabbir Rahman,335,1259,90.25
C Munro,439,1249,103.48
JD Ryder,435,1242,95.98
RR Rossouw,451,1239,92.39
Imran Farhat,467,1232,64.54
MJ Prior,503,1229,74.39
DP Conway,431,1226,86.95
IK Pathan,563,1226,79.2
PG Fulton,443,1216,70.45
Shahriar Nafees,345,1216,66.92
Aliya Riaz,463,1207,63.66
RS Morton,408,1205,64.37
Mehedi Hasan Miraz,336,1188,78.36
Raqibul Hasan,337,1177,61.62
A Gardner,527,1175,100.6
Nida Dar,463,1171,65.64
SA Campbelle,420,1167,59.91
Nazmul Hossain Shanto,329,1165,79.96
KJ Martin,426,1161,75.59
MD Shanaka,498,1153,87.55
Nahida Khan,456,1121,63.69
RW Chakabva,274,1106,67.03
L Vincent,434,1089,68.36
F Behardien,463,1074,96.41
S Samarawickrama,495,1073,90.62
WW Hinds,424,1066,65.56
Aftab Ahmed,344,1061,73.12
CM Edwards,507,1054,71.99
JI Rodrigues,578,1051,80.91
FDM Karunaratne,511,1044,76.6
SM Katich,537,1041,68.62
MN Waller,261,1039,75.13
RP Arnold,509,1039,69.68
AD Russell,426,1034,128.45
KU Carty,430,1000,75.93
C Kieswetter,517,985,87.17
DS Smith,414,973,70.56
JN Malan,458,958,81.39
AJ Blackwell,516,953,75.76
Muneeba Ali,463,948,58.92
JM How,444,939,64.8
Imad Wasim,462,937,108.95
MG Johnson,545,934,93.21
RV Uthappa,573,934,87.29
KOA Powell,427,934,78.42
RR Hendricks,472,930,76.8
Nigar Sultana,333,927,48.82
Habibul Bashar,343,926,55.42
NT Broom,443,919,78.68
R Powell,425,915,86.81
P Litchfield,533,895,78.37
Ishan Kishan,553,886,99.55
JWA Taylor,511,879,79.55
RR Pant,576,871,102.96
TT Bresnan,517,871,88.52
PD Salt,495,866,112.47
TD Paine,521,861,68.88
PWH de Silva,478,859,102.75
SSJ Brooks,430,842,73.22
CN Nation,428,831,54.46
VS Solanki,518,829,69.43
VVS Laxman,570,828,72.5
BM Halliday,428,828,70.65
AL Phehlukwayo,470,827,83.03
SHT Kandamby,510,827,69.03
PJ Hughes,544,826,73.88
JA Rudolph,445,820,66.78
L Goodall,471,817,59.9
YK Pathan,579,810,110.05
MF Maharoof,510,799,80.63
AC Voges,544,798,83.47
SIR Dunkley,513,789,79.46
Sharjeel Khan,462,787,113.73
T Brits,453,786,69.13
A Steyn,438,781,61.11
SA Yadav,553,773,102.93
CA Ingram,456,761,81.39
AG Prince,466,761,67.58
Towhid Hridoy,327,759,85.47
MG Bevan,540,755,64.15
LS Greenway,507,732,65.83
SF Mire,277,729,77.22
H Madavi,489,729,66.7
GO Jones,518,715,80.97
Mohammad Mithun,334,711,75.0
GD Phillips,431,710,94.79
R Ashwin,579,707,85.08
LJ Wright,517,707,84.37
JA Morkel,459,705,96.97
NND de Silva,497,703,66.07
BM Duckett,487,700,98.18
Kycia A Knight,423,699,51.78
PA Patel,567,693,78.39
RM Ghosh,556,690,90.2
SW Billings,519,690,89.84
HASD Siriwardene,497,679,55.98
Umaima Sohail,463,670,61.69
TT Samaraweera,500,669,73.19
GWHM Perera,487,668,56.75
YH Bhatia,568,666,69.88
CJ Ferguson,494,663,83.4
RH Priest,412,661,81.0
HJH Marshall,441,661,67.45
HC Brook,487,653,105.49
CK Coventry,269,645,87.52
Shafali Verma,568,644,79.21
Sharmin Akhter,325,643,56.4
MADD Surangika,497,642,53.06
PM Weerakkody,497,638,54.44
Agha Salman,461,637,97.7
PSP Handscomb,542,632,96.34
C Green,526,626,81.3
JN Mohammed,425,621,66.85
KT Perkins,426,618,73.75
Khaled Mashud,346,605,53.12
Kyshona A Knight,428,597,47.99
J Botha,459,594,82.73
BMAJ Mendis,511,593,80.03
JM Vince,519,590,86.51
N de Klerk,471,589,72.09
FH Allen,431,582,91.37
P Vastrakar,568,579,86.29
WD Parnell,461,574,77.25
BJ Watling,440,573,66.63
WPUJC Vaas,509,569,67.34
AR Patel,580,568,90.02
L Winfield,455,564,70.77
H Deol,568,561,76.53
MK Pandey,559,558,89.42
DD Ebrahim,265,555,52.86
Abdullah Shafique,445,554,80.41
Afif Hossain,329,548,86.85
N Deonarine,369,546,62.54
CA Henry,417,537,76.39
JL Jonassen,527,533,84.34
Imran Nazir,453,531,87.91
J Mubarak,499,531,63.75
CR Brathwaite,418,527,85.97
Mosaddek Hossain,334,524,80.0
RJ Peterson,463,523,82.23
JP Inglis,526,521,99.24
Nain Abidi,456,521,54.55
PJ Moor,277,520,66.58
MA Vermeulen,265,517,64.95
BJ Hodge,522,516,88.51
SV Samson,580,510,96.77
SL Malinga,511,508,72.47
AN Petersen,456,498,81.64
SE Rutherford,358,497,110.44
Mominul Haque,341,495,73.77
JWM Dalrymple,508,487,71.94
LR Down,433,486,60.83
Fatima Sana,463,484,69.54
ME Bouchier,504,482,103.43
RS Williams,417,477,46.22
K Verreynne,458,476,87.18
SW Ambris,409,473,93.66
WG Jacks,495,468,98.11
EJ Villani,527,468,77.23
Javed Omar,343,468,48.4
AR Nurse,425,454,97.84
GS Ballance,511,454,70.17
JE Cameron,497,452,75.21
JL Denly,496,446,69.15
Pratika Rawal,366,444,89.52
Murshida Khatun,333,429,55.0
A Ndiraya,270,428,68.59
MN van Wyk,457,425,67.35
S Prasanna,507,421,91.52
SMA Priyanjan,508,420,78.8
FC Wilson,498,412,93.42
V Krishnamurthy,561,410,86.32
Ayesha Zafar,463,407,53.27
RMVD Gunaratne,489,401,69.98
EL Lamb,513,396,83.72
MAA Sanjeewani,497,395,56.51
AB Barath,400,394,62.64
PA de Silva,509,390,80.08
CS Baugh,422,382,67.85
T de Zorzi,472,381,95.49
J Gumbie,273,379,65.23
M Mupachikwa,270,376,55.7
Asif Ali,446,375,118.3
PJ Forrest,532,368,63.78
MS Sinclair,425,367,64.84
DW Steyn,469,365,61.66
Tanzid Hasan,327,364,101.11
KM Dabengwa,264,364,57.69
SP Narine,427,363,79.78
CB Wishart,233,361,72.78
DG Brownlie,432,361,72.2
MDN Hansika,497,357,47.73
A Bosch,453,355,73.8
J Nkomo,270,354,64.01
MDT Kamini,514,353,63.49
Rumana Ahmed,301,346,50.66
AA Alleyne,417,341,60.04
LMM Tahuhu,433,340,86.08
NV Knight,457,339,70.19
M Vijay,579,339,65.7
B Cooper,365,339,58.35
R Rampaul,422,338,75.11
Rashid Latif,426,335,82.11
SS Pathirana,498,332,83.21
A Flower,233,332,70.34
HM Rowe,433,332,66.27
I Kaia,273,332,63.85
HP Tillakaratne,509,332,59.07
KA Edwards,422,331,64.9
SS Weerakkody,497,328,62.96
MH Yardy,491,326,66.53
Sidra Nawaz,463,325,48.8
MR Aguilleira,428,323,54.01
AC Agar,512,322,80.5
MR Meshram,562,322,56.39
DA Gunawardene,476,322,54.48
R Mutumbami,276,319,71.36
Washington Sundar,519,315,81.61
LM Jongwe,273,315,79.15
KAJ Roach,427,308,50.49
A Athanaze,412,306,80.95
ADS Fletcher,404,305,60.64
Shamima Sultana,333,304,56.3
TK Curran,481,303,91.27
LE Bosman,440,301,94.65
PA Nixon,509,297,84.62
L Winfield-Hill,500,294,62.03
C Brits,389,292,69.36
SMSM Senanayake,506,290,90.34
AJ Stewart,457,287,70.17
MK Tiwary,536,287,69.66
AF Giles,518,286,73.33
DN Wellalage,490,285,75.0
Saud Shakeel,291,283,86.28
A Capsey,513,283,71.65
PRCS Kumarihami,487,283,37.04
ASS Fletcher,428,282,64.98
S Chattergoon,408,281,63.72
CS Mugeri-Tiripano,268,280,74.07
S Randiv,507,280,71.79
Hannan Sarkar,340,280,52.14
Moin Khan,448,274,86.16
DT Christian,532,273,87.22
PS Punia,552,273,54.27
S Ismail,471,273,49.55
GH Worker,415,272,69.92
Umar Amin,460,271,66.42
MJ Henry,437,268,91.16
TA Blundell,416,266,86.08
Shamsur Rahman,303,266,74.51
B Bezuidenhout,433,266,71.89
AJ Hosein,407,266,70.93
LA Marsh,489,264,56.77
Diana Baig,463,262,68.95
M Musonda,270,262,64.69
Sadaf Shamas,434,262,52.82
Taufeeq Umar,415,262,51.98
UDU Chandana,457,260,66.16
IDR Bradshaw,424,259,61.23
GE Plimmer,428,256,62.44
C Madande,273,251,71.1
Tushar Imran,346,250,52.41
JD Campbell,303,248,113.76
SM Davies,496,244,102.09
ML Udawatte,499,243,66.21
DC Thomas,427,238,62.8
GJ Hopkins,444,236,74.45
Abid Ali,335,234,91.05
JM Kerr,428,232,105.94
HMD Rasangika,464,232,58.0
A Mohammed,428,232,40.85
NY McLean,386,231,63.81
STR Binny,536,230,91.27
TM Dowlin,401,228,62.98
I Udana,511,227,96.19
Jahurul Islam,341,226,69.54
Asmavia Iqbal,456,225,52.33
S Mostary,325,224,57.29
T Duffin,249,224,45.53
BR McDermott,341,223,79.64
P Mustard,501,219,89.75
T Stubbs,424,218,93.97
Saeed Anwar,426,218,68.55
Iram Javed,442,216,56.84
JM Fields,495,215,64.56
T Marumani,242,214,63.31
DJM Short,531,211,77.01
TK Musakanda,204,210,87.5
Khurram Manzoor,469,206,63.78
WP Masakadza,273,204,59.13
Khushdil Shah,346,200,93.46
Z Crawley,328,199,95.67
Saleem Elahi,426,199,64.82
MW Short,526,195,98.98
Kuldeep Yadav,580,195,47.45
Mohammad Nawaz (3),462,193,87.33
PJ Ingram,373,193,80.75
AJ Turner,413,192,116.36
GB Brent,264,192,62.95
H Karunaratne,482,190,45.24
PP Shaw,541,189,108.62
RD Rickelton,424,188,88.26
G Kirsten,260,186,81.58
BB Chari,257,186,45.15
CJ Jordan,492,184,84.4
S Rana,556,184,81.42
F Mutizwa,275,183,64.89
Sohag Gazi,342,182,87.92
ND McKenzie,438,182,70.0
Q Joseph,428,179,70.2
DM Richards,401,179,68.85
I Ranaweera,497,179,38.25
IC Gaze,428,176,59.66
NW Bracken,545,174,65.66
G Voll,359,173,105.49
Mohammad Nawaz,461,173,79.0
Najiha Alvi,434,170,62.73
Lata Mondal,301,170,48.71
AM Peterson,433,167,79.15
JG Bethell,495,167,78.77
AR Adams,394,165,107.14
Nurul Hasan,207,165,91.16
MJ Lumb,470,165,80.1
KS Lokuarachchi,496,164,75.58
D Bishoo,425,164,61.89
L Klusener,423,163,104.49
Shan Masood,461,163,67.36
Y Venugopal Rao,498,161,62.65
SJ McGlashan,402,160,68.38
Imran Tahir,469,157,67.38
T Kaitano,273,157,59.47
Nasum Ahmed,327,156,87.64
CMW Read,497,156,70.59
SRH Curtis,351,156,66.67
C Zhuwao,264,154,112.41
A Rawat,396,153,81.38
MDK Perera,498,152,73.43
AJ Redmond,279,152,57.14
D Ganga,323,152,50.33
BOP Fernando,448,148,62.18
LM Kasperek,433,148,53.62
Khalid Latif,417,147,63.09
Shorna Akter,333,147,60.0
Nazimuddin,289,147,59.76
BYA Mendis,464,147,58.33
JA Burns,535,146,77.25
ID Blackwell,503,146,68.54
K Zondo,469,146,62.13
NC Dodd,351,145,48.49
D Devnarain,403,145,48.01
CO Browne,424,144,84.21
S Jafta,449,144,51.8
MB Loye,399,142,74.74
RD Jacobs,368,142,63.11
KNA Bandara,465,141,64.98
SF Daley,428,141,58.75
TS Hasabnis,490,140,76.09
M Bhanuka,478,140,70.35
CT Dhururu,270,140,43.08
D Myers,242,138,71.13
KA Hope,402,138,68.66
T Bhatia,503,138,67.32
D Gough,518,137,69.19
Marina Iqbal,416,137,43.91
NJ Carey,491,136,93.79
HK Badani,534,135,77.14
S Verma,435,135,62.21
RP Singh,542,135,44.41
T Banton,426,134,92.41
AM Hardie,510,134,84.28
PA Browne,408,134,73.22
Faisal Iqbal,422,134,51.54
JL Smith,487,133,90.48
CR Seneviratna,464,133,48.01
TJ Friend,226,132,75.43
TS Kamunhukamwe,273,131,77.51
KH Pandya,572,130,99.24
HDPK Dharmasena,360,129,83.23
Nafees Iqbal,293,128,47.41
B Sai Sudharsan,580,127,88.19
N Hussain,457,127,64.14
Azhar Mahmood,453,126,76.83
SACA King,386,126,54.08
KDU Prabodhani,497,126,35.69
P Marange,270,125,81.7
ML Nkala,265,125,70.22
FL Mackay,384,125,63.78
RS Kaluwitharana,348,124,68.89
Dhiman Ghosh,291,124,60.49
PA Jaques,522,123,72.35
CT Mutombodzi,263,122,81.88
JP Maher,540,122,65.24
Mahedi Hasan,327,122,62.56
T Maruma,266,122,54.22
B Evans,257,121,78.57
AL Hodgkinson,322,121,71.6
K Weeraratne,463,120,86.33
R Malhotra,561,118,63.78
MC Henriques,518,117,60.94
SL Quintyne,365,117,57.35
CMG Atkins,412,117,55.45
RD Gaikwad,580,115,72.33
Kainat Imtiaz,441,115,43.56
S Meghana,530,114,102.7
MA Carberry,482,114,62.98
B Muzarabani,273,114,54.03
DP Hyatt,328,112,59.26
JDF Vandersay,490,112,46.47
D Hazell,489,109,77.86
TS Chisoro,264,109,70.32
R Murray,253,108,60.0
A Maregwede,265,108,59.34
A Khaka,471,108,46.35
KNM Fernando,310,107,108.08
BA Parchment,408,107,54.04
SR Hain,283,106,106.0
A Minny,389,106,81.54
RK Kleinveldt,463,105,81.4
AA Jangoo,241,104,122.35
L Balaji,537,104,78.79
D Elgar,469,104,57.46
KV Jain,514,104,47.49
M Klaas,464,103,38.87
M Kartik,534,102,74.45
AM Bacher,393,102,56.35
Yasir Ali Chowdhury,312,101,95.28
Shahzaib Hasan,319,100,84.75
SM Benade,389,100,78.12
CJ Bowes,333,99,81.82
BMSM Kumari,497,99,40.74
JL Ontong,459,97,71.32
RA Jones,315,96,51.34
Tanzim Hasan Sakib,292,95,77.87
RS Gavaskar,330,93,56.71
Sanjida Islam,295,93,41.15
Shoriful Islam,327,91,85.85
A Nehra,579,90,51.72
Bilawal Bhatti,449,89,115.58
PBB Rajapaksa,478,89,102.3
SSD Arachchige,324,89,66.42
Z James,417,89,36.78
Nashra Sandhu,463,89,27.55
SE Findlay,394,88,62.86
J Fraser-McGurk,488,87,147.46
T Mupariwa,266,87,41.83
P Mujaji,224,86,51.81
FL Reifer,401,86,45.26
NE Bonner,384,85,60.71
SI Mahmood,509,84,84.85
CJ Nevin,411,83,54.97
C Hemraj,413,82,81.19
S Nitschke,416,81,96.43
Mohammad Wasim,461,80,91.95
Rabiya Shah,431,80,62.99
M Terblanche,389,80,58.39
UT Yadav,565,79,58.09
JP Greaves,388,79,57.66
S Badrinath,567,79,45.66
MJ Cosgrove,473,78,96.3
HJ Armitage,490,78,82.11
Sami Aslam,430,78,63.41
SC Taylor,412,77,105.48
GM Ewing,232,77,66.96
SC Joseph,338,77,50.33
S Gajnabi,417,77,41.62
Syed Rasel,343,76,45.24
KW Richardson,531,75,107.14
KDK Vithanage,435,75,81.52
CA Lynn,379,75,81.52
MNK Fernando,376,75,70.09
N Gwanzura,270,74,68.52
MM Patel,579,74,64.91
DS Weerakkody,262,73,108.96
TL Best,416,72,63.16
Wasim Akram,426,71,98.61
BJ Bennett,242,71,94.67
Shuvagata Hom,204,70,79.55
Haris Rauf,461,70,75.27
Natalia Pervaiz,253,70,66.04
DR Mousley,495,69,78.41
Tilak Varma,580,68,54.4
Sana Javed,383,68,50.0
RC Irani,457,67,53.6
GM Strydom,201,67,50.38
Sharmin Sultana,295,67,33.84
JR Philippe,341,65,71.43
S Molineux,484,64,83.12
Yasir Arafat,423,64,62.14
Batool Fatima,383,64,60.95
AR Caddick,457,64,54.24
PD McGlashan,375,63,118.87
AAP Atkinson,444,63,114.55
L Tshuma,270,63,38.65
Adnan Akmal,444,62,67.39
CS Fraser,417,62,46.27
BT Foakes,373,61,78.21
G Sultana,561,61,36.97
PJ Scholfield,490,59,96.72
BAM Heath,490,59,96.72
MJ Hay,216,59,81.94
Shaila Sharmin,272,59,60.2
Mohammad Naim,322,58,58.59
LL Tsotsobe,463,58,51.33
Tayyab Tahir,409,57,123.91
AJ Tye,501,57,118.75
Akram Khan,346,57,55.88
Zubayr Hamza,288,56,68.29
RK Singh,580,55,127.91
AB Kaur,398,55,50.46
Kabir Ali,518,54,93.1
A Mazvishaya,270,54,44.63
Mohammad Hasnain,461,53,155.88
BCJ Cutting,463,53,79.1
CAK Walton,402,53,60.23
K Thomson,352,52,75.36
AK Perera,448,52,62.65
KE Ebrahim,238,52,54.74
IR James,420,51,79.69
CA Pujara,517,51,37.5
WA Agar,341,50,116.28
RTM Mendis,204,50,100.0
VR Vanitha,358,50,78.12
MJ Bulow,409,50,67.57
SS Tiwary,391,49,85.96
LHD Dilhara,245,49,81.67
KO Meth,210,49,52.69
TB Robinson,216,48,97.96
Zulqarnain Haider,334,48,68.57
Irfan Khan,428,48,64.86
Tasqeen Qadeer,383,48,33.33
KK Nair,559,46,51.69
SZ Thakor,490,46,45.1
PP Ojha,565,46,40.35
AE Smith,389,45,150.0
TH David,483,45,80.36
TV Mufambisi,249,45,63.38
M De Ridder,453,45,60.81
M Dillon,424,44,84.62
Al Sahariar,346,44,43.14
S Sreesanth,579,44,35.2
Haider Ali,346,42,127.27
CD Cumming,382,42,41.58
WP Saha,579,41,69.49
NE Farrant,395,41,64.06
KY Ottley,388,41,53.95
JL Pattinson,460,41,51.25
TD Smartt,365,40,61.54
N Mlaba,471,40,58.82
NB Mahwire,249,40,37.04
SJ Tsukigawa,329,39,55.71
Usama Mir,461,38,126.67
T Granger,270,38,65.52
PP Chawla,546,38,63.33
CS Terblanche,389,38,58.46
CKB Kulasekara,491,38,52.05
TMM Newton,351,38,48.1
N Shangase,453,38,38.78
Arshdeep Singh,580,37,108.82
DM Kimmince,527,37,71.15
Hasan Mahmud,327,37,48.05
DNT Zoysa,457,36,65.45
JO Troughton,497,36,46.75
RWT Key,480,36,34.29
Zulfiqar Babar,430,35,87.5
LDVV Silva,340,34,44.74
TL Seifert,437,33,117.86
Ayesha Naseem,371,33,82.5
HM Tiffen,329,33,80.49
PARP Perera,448,33,54.1
JAH Marshall,427,33,39.29
J Overton,495,32,145.45
MK Villiers,490,32,100.0
D Cleaver,251,32,86.49
MHW Papps,427,32,50.79
Qanita Jalil,456,32,50.0
AA Deshpande,231,32,46.38
C Jonker,469,31,91.18
JB Nero,308,31,55.36
EC Rainsford,261,31,30.1
Mohammad Haris,317,30,83.33
SM Warnapura,222,30,46.88
M Mangru,392,30,42.86
R Boyce,428,30,30.0
M van Jaarsveld,437,29,50.88
SA Fritz,389,28,53.85
SP de Alwis,340,28,52.83
Sadia Iqbal,463,28,50.0
PM Liyanagamage,380,28,33.33
GF Linde,238,27,87.1
Ehsan Adil,460,27,62.79
B Fernando,335,26,70.27
NG Smith,401,26,65.0
Faisal Hossain,306,26,48.15
SL Stewart,286,26,44.07
MS Panesar,509,26,28.26
SW Tait,545,25,86.21
S Naik,561,25,64.1
HDRS Silva,468,25,54.35
T Kamungozi,246,25,44.64
LJ Poulton,495,25,36.23
N Niranjana,561,24,40.0
TS Sekhukhune,464,24,28.24
J Louw,459,23,328.57
LK Ebsary,416,23,95.83
Avesh Khan,580,23,76.67
Y van der Westhuizen,322,23,58.97
J Blackwood,315,23,53.49
Shamim Hossain,292,22,57.89
Mohammad Salman,415,22,55.0
E Mbofana,270,22,39.29
JM Cox,495,22,38.6
Mosharraf Hossain,247,22,34.38
O Thomas,418,22,28.21
BP Nash,244,21,100.0
BA Langston,489,21,95.45
JP Behrendorff,474,21,91.3
EC Perry,244,21,75.0
AB Dinda,565,21,55.26
S Nisansala,482,20,90.91
JA Simpson,233,20,62.5
AG Wharf,483,19,65.52
LR Johnson,399,19,29.23
Tanvir Ahmed,411,18,150.0
SG Borthwick,292,18,112.5
TL Chivanga,273,18,85.71
SSB Magala,419,18,72.0
W Sutherland,488,18,54.55
TCB Fernando,509,18,46.15
R MacDonald-Gay,490,17,121.43
SDNS Karunaratne,372,17,121.43
JA Clarkson,326,17,70.83
Waqar Younis,426,17,68.0
CP Jack,331,17,65.38
J Sharma,396,17,51.52
Saqlain Mushtaq,426,17,43.59
SJ Andrews,416,16,44.44
F Walters,247,16,33.33
SK Dolawatte,464,16,28.57
IECM Wong,428,15,166.67
Zafar Gohar,437,15,100.0
SA Millanta,495,15,78.95
F Tunnicliffe,214,15,71.43
HM Watson,329,15,57.69
EMDY Munaweera,459,15,51.72
I Dulani,428,15,42.86
HD Rutherford,438,15,26.79
G Chapple,474,14,200.0
FC Jonas,428,14,24.56
L Cheatle,428,13,100.0
HHC Gunaratne,372,13,65.0
GM Harris,450,13,59.09
OEG Baartman,424,13,54.17
Usman Salahuddin,415,13,46.43
FR Davies,476,13,30.95
HIS Mendis,347,13,26.0
TW Hartley,283,12,133.33
TS Nethula,359,12,109.09
MM Penfold,428,12,23.08
AJ Ireland,249,12,18.75
SC Kuggeleijn,415,11,183.33
SV Bahutule,534,11,84.62
Javeria Rauf,456,11,68.75
Saad Ali,335,11,47.83
MG Neser,512,11,37.93
A Ashok,245,10,83.33
GC Tonge,355,10,62.5
Mukesh Kumar,580,10,58.82
RS Vandort,372,10,58.82
JW Ogle-Thomas,308,10,58.82
W Jaffer,539,10,43.48
A Martin,422,10,34.48
T Muzarabani,267,10,31.25
TR Ambrose,461,10,29.41
MA Aponso,498,10,22.22
Zahid Mahmood,317,9,75.0
VB van Jaarsveld,399,9,56.25
F Kasteni,230,9,37.5
Faisal Athar,327,9,23.08
SJ Elliott,409,8,50.0
KK Ahmed,560,8,47.06
RO Hinds,318,8,42.11
H Davids,343,8,32.0
PY Lavine,331,8,30.77
R Ntozakhe,464,8,26.67
DSK Madushanka,294,7,116.67
J Glasgow,392,7,41.18
Naved Latif,403,7,41.18
Hasibul Hossain,239,7,30.43
MT Chinouya,234,6,66.67
J Logtenberg,384,6,40.0
MJ North,392,6,31.58
AK Peters,390,6,20.69
Joginder Sharma,304,5,250.0
Naumanullah,306,5,125.0
MKDI Amerasinghe,427,5,71.43
RT Crandon,355,5,55.56
Jubair Hossain,281,5,50.0
W O'Rourke,401,5,33.33
JN Hamilton,218,5,31.25
Tanbir Hayder,207,5,29.41
P Roy,231,5,14.71
H Graham,491,4,80.0
T Gwandu,242,4,50.0
HAPW Jayawardene,267,4,40.0
SD Heazlett,260,4,36.36
Sania Khan,416,4,33.33
A Munisar,282,4,30.77
PLS Gamage,454,4,14.81
HL Baker,490,3,100.0
S Sriram,304,3,60.0
A le Breton,207,3,50.0
J Yadav,343,3,42.86
PT Collins,424,3,30.0
KA Blackwell,409,3,27.27
D Gamage,331,3,27.27
HML Madushani,481,3,20.0
KHRK Fernando,467,3,20.0
O Chare,237,3,16.67
Ebadat Hossain,282,3,16.67
RJ Rolls,329,2,50.0
LJ Hamilton,291,2,50.0
KR Sen,285,2,50.0
JA Turner,495,2,40.0
Z Mali,464,2,28.57
BR Dorey,489,2,22.22
D Lakshan,204,2,22.22
Umran Malik,551,2,18.18
KL Rolton,416,2,16.67
Hussain Talat,315,2,14.29
M Prasidh Krishna,572,2,11.11
SC Meaker,292,2,11.11
HWR Cartwright,376,2,8.7
G Onions,496,1,50.0
JW Wilson,291,1,50.0
LE Milliken,329,1,33.33
Tharika Sewwandi,263,1,33.33
Khaled Ahmed,327,1,25.0
Zakir Hasan,327,1,20.0
RR Ramdass,203,1,11.11
AD Janakanthymala,340,1,6.67
SD Udal,503,0,0.0
PHT Kaushal,486,0,0.0
D Foxcroft,416,0,0.0
Fazle Mahmud,319,0,0.0
Fariha Trisna,314,0,0.0
TJ Bishop,377,0,0.0
AG Puttick,406,0,0.0
MF Fahey,329,0,0.0
AL Watkins,329,0,0.0
SI Galagedara,340,0,0.0
OC McCoy,260,0,0.0
GA Guy,270,0,0.0
APS Lakshika,273,0,0.0
Shahbaz Ahmed,285,0,0.0
A Chopra,231,0,0.0
SK Naidu,231,0,0.0
